Object,Time Step,Instance ID,Coordinates,Available,CPU,RAM,Disk,CPU Demand,RAM Demand,Disk Demand,Ongoing Migrations,Services,Registries,Layers,Images,Download Queue,Waiting Queue,Max. Concurrent Layer Downloads,Power Consumption,rfc,rf_cpu,rf_memory
EdgeServer_1,0,1,"[0, 0]",False,8,16384,131072,0,0,0,0,[],[],[],[],[],[],3,0.0,0,0,0
EdgeServer_2,0,2,"[0, 2]",False,8,16384,131072,0,0,0,0,[],[],[],[],[],[],3,0.0,0,0,0
EdgeServer_3,0,3,"[6, 0]",True,8,8192,131072,0,0,0,0,[],[],[],[],[],[],3,66.9914,0,0,0
EdgeServer_4,0,4,"[1, 3]",False,8,8192,131072,0,0,0,0,[],[],[],[],[],[],3,0.0,0,0,0
EdgeServer_5,0,5,"[7, 1]",True,12,16384,131072,1,1024,1017,0,[],[1],"['ADD file:5d673d25da3a14ce1f6cf', '/bin/sh -c set -eux; \tversion=', 'ADD file:966d3669b40f5fbaecee1', '/bin/sh -c set -x     && addgr', 'ADD file:b83df51ab7caf8a4dc35f', 'ADD file:e8d512b08fe2ddc6f2c85', '/bin/sh -c set -eux; \tapt-get ', '/bin/sh -c set -ex; \tif ! comm', '/bin/sh -c apt-get update && a', '/bin/sh -c set -ex; \tapt-get u', '/bin/sh -c set -eux; \tapt-get ', '/bin/sh -c set -eux; \t\twget -O', '/bin/sh -c set -eux; \t\twget -O', '/bin/sh -c set -eux; \tsavedApt', '/bin/sh -c set -eux; \t\tsavedAp', '/bin/sh -c ARCH= && dpkgArch=""', '/bin/sh -c set -ex   && for ke', '/bin/sh -c set -eux; \tapt-get ', '/bin/sh -c set -ex; \t\tsavedApt', '/bin/sh -c set -x \t&& export D', 'ADD file:59187422476c57db46e60', '/bin/sh -c apt-get update && a', '/bin/sh -c set -eux; \tsavedApt', '/bin/sh -c set -eux; \tapt-get ', '/bin/sh -c { \t\techo mysql-comm', '|1 PGP_KEYSERVER=keyserver.ubu', '|1 PGP_KEYSERVER=keyserver.ubu', '/bin/sh -c set -eux; \tapt-get ', '/bin/sh -c set -eux; \t\tsavedAp', '/bin/sh -c set -eux; \t\tsavedAp']","['registry', 'alpine', 'nginx', 'ubuntu', 'python', 'redis', 'node', 'mongo', 'mysql', 'rabbitmq', 'debian', 'php']",[],[],3,74.50833333333334,0,0,0
EdgeServer_6,0,6,"[6, 2]",True,12,16384,131072,0,0,0,0,[],[],[],[],[],[],3,63.1,0,0,0
EdgeServer_7,0,7,"[4, 100]",True,9999,9999999,99999999,0,0,0,0,[],[],[],[],[],[],30,200.0,0,0,0
EdgeServer_1,1,1,"[0, 0]",False,8,16384,131072,4,4096,2,1,[],[],['ADD file:5d673d25da3a14ce1f6cf'],[],[],[],3,0.0,0,0,0
EdgeServer_2,1,2,"[0, 2]",False,8,16384,131072,0,0,0,0,[],[],[],[],[],[],3,0.0,0,0,0
EdgeServer_3,1,3,"[6, 0]",True,8,8192,131072,2,2048,2,1,[],[],['ADD file:5d673d25da3a14ce1f6cf'],[],[],[],3,104.74355,0,0,0
EdgeServer_4,1,4,"[1, 3]",False,8,8192,131072,0,0,0,0,[],[],[],[],[],[],3,0.0,0,0,0
EdgeServer_5,1,5,"[7, 1]",True,12,16384,131072,1,1024,1017,0,[],[1],"['ADD file:5d673d25da3a14ce1f6cf', '/bin/sh -c set -eux; \tversion=', 'ADD file:966d3669b40f5fbaecee1', '/bin/sh -c set -x     && addgr', 'ADD file:b83df51ab7caf8a4dc35f', 'ADD file:e8d512b08fe2ddc6f2c85', '/bin/sh -c set -eux; \tapt-get ', '/bin/sh -c set -ex; \tif ! comm', '/bin/sh -c apt-get update && a', '/bin/sh -c set -ex; \tapt-get u', '/bin/sh -c set -eux; \tapt-get ', '/bin/sh -c set -eux; \t\twget -O', '/bin/sh -c set -eux; \t\twget -O', '/bin/sh -c set -eux; \tsavedApt', '/bin/sh -c set -eux; \t\tsavedAp', '/bin/sh -c ARCH= && dpkgArch=""', '/bin/sh -c set -ex   && for ke', '/bin/sh -c set -eux; \tapt-get ', '/bin/sh -c set -ex; \t\tsavedApt', '/bin/sh -c set -x \t&& export D', 'ADD file:59187422476c57db46e60', '/bin/sh -c apt-get update && a', '/bin/sh -c set -eux; \tsavedApt', '/bin/sh -c set -eux; \tapt-get ', '/bin/sh -c { \t\techo mysql-comm', '|1 PGP_KEYSERVER=keyserver.ubu', '|1 PGP_KEYSERVER=keyserver.ubu', '/bin/sh -c set -eux; \tapt-get ', '/bin/sh -c set -eux; \t\tsavedAp', '/bin/sh -c set -eux; \t\tsavedAp']","['registry', 'alpine', 'nginx', 'ubuntu', 'python', 'redis', 'node', 'mongo', 'mysql', 'rabbitmq', 'debian', 'php']",[],[],3,74.50833333333334,0,0,0
EdgeServer_6,1,6,"[6, 2]",True,12,16384,131072,0,0,0,0,[],[],[],[],[],[],3,63.1,0,0,0
EdgeServer_7,1,7,"[4, 100]",True,9999,9999999,99999999,0,0,0,0,[],[],[],[],[],[],30,200.0,0,0,0
EdgeServer_1,2,1,"[0, 0]",False,8,16384,131072,8,8192,2,1,[2],[],['ADD file:5d673d25da3a14ce1f6cf'],['alpine'],[],[],3,0.0,0,0,0
EdgeServer_2,2,2,"[0, 2]",False,8,16384,131072,0,0,0,0,[],[],[],[],[],[],3,0.0,0,0,0
EdgeServer_3,2,3,"[6, 0]",True,8,8192,131072,4,4096,2,1,[1],[],['ADD file:5d673d25da3a14ce1f6cf'],['alpine'],[],[],3,142.4957,0,0,0
EdgeServer_4,2,4,"[1, 3]",False,8,8192,131072,0,0,0,0,[],[],[],[],[],[],3,0.0,0,0,0
EdgeServer_5,2,5,"[7, 1]",True,12,16384,131072,1,1024,1017,0,[],[1],"['ADD file:5d673d25da3a14ce1f6cf', '/bin/sh -c set -eux; \tversion=', 'ADD file:966d3669b40f5fbaecee1', '/bin/sh -c set -x     && addgr', 'ADD file:b83df51ab7caf8a4dc35f', 'ADD file:e8d512b08fe2ddc6f2c85', '/bin/sh -c set -eux; \tapt-get ', '/bin/sh -c set -ex; \tif ! comm', '/bin/sh -c apt-get update && a', '/bin/sh -c set -ex; \tapt-get u', '/bin/sh -c set -eux; \tapt-get ', '/bin/sh -c set -eux; \t\twget -O', '/bin/sh -c set -eux; \t\twget -O', '/bin/sh -c set -eux; \tsavedApt', '/bin/sh -c set -eux; \t\tsavedAp', '/bin/sh -c ARCH= && dpkgArch=""', '/bin/sh -c set -ex   && for ke', '/bin/sh -c set -eux; \tapt-get ', '/bin/sh -c set -ex; \t\tsavedApt', '/bin/sh -c set -x \t&& export D', 'ADD file:59187422476c57db46e60', '/bin/sh -c apt-get update && a', '/bin/sh -c set -eux; \tsavedApt', '/bin/sh -c set -eux; \tapt-get ', '/bin/sh -c { \t\techo mysql-comm', '|1 PGP_KEYSERVER=keyserver.ubu', '|1 PGP_KEYSERVER=keyserver.ubu', '/bin/sh -c set -eux; \tapt-get ', '/bin/sh -c set -eux; \t\tsavedAp', '/bin/sh -c set -eux; \t\tsavedAp']","['registry', 'alpine', 'nginx', 'ubuntu', 'python', 'redis', 'node', 'mongo', 'mysql', 'rabbitmq', 'debian', 'php']",[],[],3,74.50833333333334,0,0,0
EdgeServer_6,2,6,"[6, 2]",True,12,16384,131072,0,0,0,0,[],[],[],[],[],[],3,63.1,0,0,0
EdgeServer_7,2,7,"[4, 100]",True,9999,9999999,99999999,0,0,0,0,[],[],[],[],[],[],30,200.0,0,0,0
EdgeServer_1,3,1,"[0, 0]",False,8,16384,131072,8,8192,2,2,[2],[],['ADD file:5d673d25da3a14ce1f6cf'],['alpine'],[],[],3,0.0,1,4,12288
EdgeServer_2,3,2,"[0, 2]",False,8,16384,131072,4,4096,2,1,[],[],['ADD file:5d673d25da3a14ce1f6cf'],[],[],[],3,0.0,0,0,0
EdgeServer_3,3,3,"[6, 0]",True,8,8192,131072,2,2048,2,1,[],[],['ADD file:5d673d25da3a14ce1f6cf'],['alpine'],[],[],3,104.74355,0,0,0
EdgeServer_4,3,4,"[1, 3]",False,8,8192,131072,0,0,0,0,[],[],[],[],[],[],3,0.0,0,0,0
EdgeServer_5,3,5,"[7, 1]",True,12,16384,131072,3,3072,1017,0,[1],[1],"['ADD file:5d673d25da3a14ce1f6cf', '/bin/sh -c set -eux; \tversion=', 'ADD file:966d3669b40f5fbaecee1', '/bin/sh -c set -x     && addgr', 'ADD file:b83df51ab7caf8a4dc35f', 'ADD file:e8d512b08fe2ddc6f2c85', '/bin/sh -c set -eux; \tapt-get ', '/bin/sh -c set -ex; \tif ! comm', '/bin/sh -c apt-get update && a', '/bin/sh -c set -ex; \tapt-get u', '/bin/sh -c set -eux; \tapt-get ', '/bin/sh -c set -eux; \t\twget -O', '/bin/sh -c set -eux; \t\twget -O', '/bin/sh -c set -eux; \tsavedApt', '/bin/sh -c set -eux; \t\tsavedAp', '/bin/sh -c ARCH= && dpkgArch=""', '/bin/sh -c set -ex   && for ke', '/bin/sh -c set -eux; \tapt-get ', '/bin/sh -c set -ex; \t\tsavedApt', '/bin/sh -c set -x \t&& export D', 'ADD file:59187422476c57db46e60', '/bin/sh -c apt-get update && a', '/bin/sh -c set -eux; \tsavedApt', '/bin/sh -c set -eux; \tapt-get ', '/bin/sh -c { \t\techo mysql-comm', '|1 PGP_KEYSERVER=keyserver.ubu', '|1 PGP_KEYSERVER=keyserver.ubu', '/bin/sh -c set -eux; \tapt-get ', '/bin/sh -c set -eux; \t\tsavedAp', '/bin/sh -c set -eux; \t\tsavedAp']","['registry', 'alpine', 'nginx', 'ubuntu', 'python', 'redis', 'node', 'mongo', 'mysql', 'rabbitmq', 'debian', 'php']",[],[],3,97.325,0,0,0
EdgeServer_6,3,6,"[6, 2]",True,12,16384,131072,0,0,0,0,[],[],[],[],[],[],3,63.1,0,0,0
EdgeServer_7,3,7,"[4, 100]",True,9999,9999999,99999999,0,0,0,0,[],[],[],[],[],[],30,200.0,0,0,0
EdgeServer_1,4,1,"[0, 0]",False,8,16384,131072,4,4096,2,2,[],[],['ADD file:5d673d25da3a14ce1f6cf'],['alpine'],[],[],3,0.0,1,4,12288
EdgeServer_2,4,2,"[0, 2]",False,8,16384,131072,8,8192,2,1,[2],[],['ADD file:5d673d25da3a14ce1f6cf'],['alpine'],[],[],3,0.0,0,0,0
EdgeServer_3,4,3,"[6, 0]",True,8,8192,131072,4,4096,2,1,[1],[],['ADD file:5d673d25da3a14ce1f6cf'],['alpine'],[],[],3,142.4957,0,0,0
EdgeServer_4,4,4,"[1, 3]",False,8,8192,131072,0,0,0,0,[],[],[],[],[],[],3,0.0,0,0,0
EdgeServer_5,4,5,"[7, 1]",True,12,16384,131072,1,1024,1017,0,[],[1],"['ADD file:5d673d25da3a14ce1f6cf', '/bin/sh -c set -eux; \tversion=', 'ADD file:966d3669b40f5fbaecee1', '/bin/sh -c set -x     && addgr', 'ADD file:b83df51ab7caf8a4dc35f', 'ADD file:e8d512b08fe2ddc6f2c85', '/bin/sh -c set -eux; \tapt-get ', '/bin/sh -c set -ex; \tif ! comm', '/bin/sh -c apt-get update && a', '/bin/sh -c set -ex; \tapt-get u', '/bin/sh -c set -eux; \tapt-get ', '/bin/sh -c set -eux; \t\twget -O', '/bin/sh -c set -eux; \t\twget -O', '/bin/sh -c set -eux; \tsavedApt', '/bin/sh -c set -eux; \t\tsavedAp', '/bin/sh -c ARCH= && dpkgArch=""', '/bin/sh -c set -ex   && for ke', '/bin/sh -c set -eux; \tapt-get ', '/bin/sh -c set -ex; \t\tsavedApt', '/bin/sh -c set -x \t&& export D', 'ADD file:59187422476c57db46e60', '/bin/sh -c apt-get update && a', '/bin/sh -c set -eux; \tsavedApt', '/bin/sh -c set -eux; \tapt-get ', '/bin/sh -c { \t\techo mysql-comm', '|1 PGP_KEYSERVER=keyserver.ubu', '|1 PGP_KEYSERVER=keyserver.ubu', '/bin/sh -c set -eux; \tapt-get ', '/bin/sh -c set -eux; \t\tsavedAp', '/bin/sh -c set -eux; \t\tsavedAp']","['registry', 'alpine', 'nginx', 'ubuntu', 'python', 'redis', 'node', 'mongo', 'mysql', 'rabbitmq', 'debian', 'php']",[],[],3,74.50833333333334,0,0,0
EdgeServer_6,4,6,"[6, 2]",True,12,16384,131072,0,0,0,0,[],[],[],[],[],[],3,63.1,0,0,0
EdgeServer_7,4,7,"[4, 100]",True,9999,9999999,99999999,0,0,0,0,[],[],[],[],[],[],30,200.0,0,0,0
EdgeServer_1,5,1,"[0, 0]",False,8,16384,131072,8,8192,2,2,[2],[],['ADD file:5d673d25da3a14ce1f6cf'],['alpine'],[],[],3,0.0,0,0,0
EdgeServer_2,5,2,"[0, 2]",False,8,16384,131072,4,4096,2,1,[],[],['ADD file:5d673d25da3a14ce1f6cf'],['alpine'],[],[],3,0.0,0,0,0
EdgeServer_3,5,3,"[6, 0]",True,8,8192,131072,2,2048,2,1,[],[],['ADD file:5d673d25da3a14ce1f6cf'],['alpine'],[],[],3,104.74355,0,0,0
EdgeServer_4,5,4,"[1, 3]",False,8,8192,131072,0,0,0,0,[],[],[],[],[],[],3,0.0,0,0,0
EdgeServer_5,5,5,"[7, 1]",True,12,16384,131072,3,3072,1017,0,[1],[1],"['ADD file:5d673d25da3a14ce1f6cf', '/bin/sh -c set -eux; \tversion=', 'ADD file:966d3669b40f5fbaecee1', '/bin/sh -c set -x     && addgr', 'ADD file:b83df51ab7caf8a4dc35f', 'ADD file:e8d512b08fe2ddc6f2c85', '/bin/sh -c set -eux; \tapt-get ', '/bin/sh -c set -ex; \tif ! comm', '/bin/sh -c apt-get update && a', '/bin/sh -c set -ex; \tapt-get u', '/bin/sh -c set -eux; \tapt-get ', '/bin/sh -c set -eux; \t\twget -O', '/bin/sh -c set -eux; \t\twget -O', '/bin/sh -c set -eux; \tsavedApt', '/bin/sh -c set -eux; \t\tsavedAp', '/bin/sh -c ARCH= && dpkgArch=""', '/bin/sh -c set -ex   && for ke', '/bin/sh -c set -eux; \tapt-get ', '/bin/sh -c set -ex; \t\tsavedApt', '/bin/sh -c set -x \t&& export D', 'ADD file:59187422476c57db46e60', '/bin/sh -c apt-get update && a', '/bin/sh -c set -eux; \tsavedApt', '/bin/sh -c set -eux; \tapt-get ', '/bin/sh -c { \t\techo mysql-comm', '|1 PGP_KEYSERVER=keyserver.ubu', '|1 PGP_KEYSERVER=keyserver.ubu', '/bin/sh -c set -eux; \tapt-get ', '/bin/sh -c set -eux; \t\tsavedAp', '/bin/sh -c set -eux; \t\tsavedAp']","['registry', 'alpine', 'nginx', 'ubuntu', 'python', 'redis', 'node', 'mongo', 'mysql', 'rabbitmq', 'debian', 'php']",[],[],3,97.325,0,0,0
EdgeServer_6,5,6,"[6, 2]",True,12,16384,131072,0,0,0,0,[],[],[],[],[],[],3,63.1,0,0,0
EdgeServer_7,5,7,"[4, 100]",True,9999,9999999,99999999,0,0,0,0,[],[],[],[],[],[],30,200.0,0,0,0
EdgeServer_1,6,1,"[0, 0]",False,8,16384,131072,4,4096,2,2,[],[],['ADD file:5d673d25da3a14ce1f6cf'],['alpine'],[],[],3,0.0,1,4,12288
EdgeServer_2,6,2,"[0, 2]",False,8,16384,131072,8,8192,2,1,[2],[],['ADD file:5d673d25da3a14ce1f6cf'],['alpine'],[],[],3,0.0,0,0,0
EdgeServer_3,6,3,"[6, 0]",True,8,8192,131072,4,4096,2,1,[1],[],['ADD file:5d673d25da3a14ce1f6cf'],['alpine'],[],[],3,142.4957,0,0,0
EdgeServer_4,6,4,"[1, 3]",False,8,8192,131072,0,0,0,0,[],[],[],[],[],[],3,0.0,0,0,0
EdgeServer_5,6,5,"[7, 1]",True,12,16384,131072,1,1024,1017,0,[],[1],"['ADD file:5d673d25da3a14ce1f6cf', '/bin/sh -c set -eux; \tversion=', 'ADD file:966d3669b40f5fbaecee1', '/bin/sh -c set -x     && addgr', 'ADD file:b83df51ab7caf8a4dc35f', 'ADD file:e8d512b08fe2ddc6f2c85', '/bin/sh -c set -eux; \tapt-get ', '/bin/sh -c set -ex; \tif ! comm', '/bin/sh -c apt-get update && a', '/bin/sh -c set -ex; \tapt-get u', '/bin/sh -c set -eux; \tapt-get ', '/bin/sh -c set -eux; \t\twget -O', '/bin/sh -c set -eux; \t\twget -O', '/bin/sh -c set -eux; \tsavedApt', '/bin/sh -c set -eux; \t\tsavedAp', '/bin/sh -c ARCH= && dpkgArch=""', '/bin/sh -c set -ex   && for ke', '/bin/sh -c set -eux; \tapt-get ', '/bin/sh -c set -ex; \t\tsavedApt', '/bin/sh -c set -x \t&& export D', 'ADD file:59187422476c57db46e60', '/bin/sh -c apt-get update && a', '/bin/sh -c set -eux; \tsavedApt', '/bin/sh -c set -eux; \tapt-get ', '/bin/sh -c { \t\techo mysql-comm', '|1 PGP_KEYSERVER=keyserver.ubu', '|1 PGP_KEYSERVER=keyserver.ubu', '/bin/sh -c set -eux; \tapt-get ', '/bin/sh -c set -eux; \t\tsavedAp', '/bin/sh -c set -eux; \t\tsavedAp']","['registry', 'alpine', 'nginx', 'ubuntu', 'python', 'redis', 'node', 'mongo', 'mysql', 'rabbitmq', 'debian', 'php']",[],[],3,74.50833333333334,0,0,0
EdgeServer_6,6,6,"[6, 2]",True,12,16384,131072,0,0,0,0,[],[],[],[],[],[],3,63.1,0,0,0
EdgeServer_7,6,7,"[4, 100]",True,9999,9999999,99999999,0,0,0,0,[],[],[],[],[],[],30,200.0,0,0,0
EdgeServer_1,7,1,"[0, 0]",False,8,16384,131072,8,8192,2,2,[2],[],['ADD file:5d673d25da3a14ce1f6cf'],['alpine'],[],[],3,0.0,0,0,0
EdgeServer_2,7,2,"[0, 2]",False,8,16384,131072,4,4096,2,1,[],[],['ADD file:5d673d25da3a14ce1f6cf'],['alpine'],[],[],3,0.0,0,0,0
EdgeServer_3,7,3,"[6, 0]",True,8,8192,131072,2,2048,2,1,[],[],['ADD file:5d673d25da3a14ce1f6cf'],['alpine'],[],[],3,104.74355,0,0,0
EdgeServer_4,7,4,"[1, 3]",False,8,8192,131072,0,0,0,0,[],[],[],[],[],[],3,0.0,0,0,0
EdgeServer_5,7,5,"[7, 1]",True,12,16384,131072,3,3072,1017,0,[1],[1],"['ADD file:5d673d25da3a14ce1f6cf', '/bin/sh -c set -eux; \tversion=', 'ADD file:966d3669b40f5fbaecee1', '/bin/sh -c set -x     && addgr', 'ADD file:b83df51ab7caf8a4dc35f', 'ADD file:e8d512b08fe2ddc6f2c85', '/bin/sh -c set -eux; \tapt-get ', '/bin/sh -c set -ex; \tif ! comm', '/bin/sh -c apt-get update && a', '/bin/sh -c set -ex; \tapt-get u', '/bin/sh -c set -eux; \tapt-get ', '/bin/sh -c set -eux; \t\twget -O', '/bin/sh -c set -eux; \t\twget -O', '/bin/sh -c set -eux; \tsavedApt', '/bin/sh -c set -eux; \t\tsavedAp', '/bin/sh -c ARCH= && dpkgArch=""', '/bin/sh -c set -ex   && for ke', '/bin/sh -c set -eux; \tapt-get ', '/bin/sh -c set -ex; \t\tsavedApt', '/bin/sh -c set -x \t&& export D', 'ADD file:59187422476c57db46e60', '/bin/sh -c apt-get update && a', '/bin/sh -c set -eux; \tsavedApt', '/bin/sh -c set -eux; \tapt-get ', '/bin/sh -c { \t\techo mysql-comm', '|1 PGP_KEYSERVER=keyserver.ubu', '|1 PGP_KEYSERVER=keyserver.ubu', '/bin/sh -c set -eux; \tapt-get ', '/bin/sh -c set -eux; \t\tsavedAp', '/bin/sh -c set -eux; \t\tsavedAp']","['registry', 'alpine', 'nginx', 'ubuntu', 'python', 'redis', 'node', 'mongo', 'mysql', 'rabbitmq', 'debian', 'php']",[],[],3,97.325,0,0,0
EdgeServer_6,7,6,"[6, 2]",True,12,16384,131072,0,0,0,0,[],[],[],[],[],[],3,63.1,0,0,0
EdgeServer_7,7,7,"[4, 100]",True,9999,9999999,99999999,0,0,0,0,[],[],[],[],[],[],30,200.0,0,0,0
EdgeServer_1,8,1,"[0, 0]",False,8,16384,131072,4,4096,2,2,[],[],['ADD file:5d673d25da3a14ce1f6cf'],['alpine'],[],[],3,0.0,1,4,12288
EdgeServer_2,8,2,"[0, 2]",False,8,16384,131072,8,8192,2,1,[2],[],['ADD file:5d673d25da3a14ce1f6cf'],['alpine'],[],[],3,0.0,0,0,0
EdgeServer_3,8,3,"[6, 0]",True,8,8192,131072,4,4096,2,1,[1],[],['ADD file:5d673d25da3a14ce1f6cf'],['alpine'],[],[],3,142.4957,0,0,0
EdgeServer_4,8,4,"[1, 3]",False,8,8192,131072,0,0,0,0,[],[],[],[],[],[],3,0.0,0,0,0
EdgeServer_5,8,5,"[7, 1]",True,12,16384,131072,1,1024,1017,0,[],[1],"['ADD file:5d673d25da3a14ce1f6cf', '/bin/sh -c set -eux; \tversion=', 'ADD file:966d3669b40f5fbaecee1', '/bin/sh -c set -x     && addgr', 'ADD file:b83df51ab7caf8a4dc35f', 'ADD file:e8d512b08fe2ddc6f2c85', '/bin/sh -c set -eux; \tapt-get ', '/bin/sh -c set -ex; \tif ! comm', '/bin/sh -c apt-get update && a', '/bin/sh -c set -ex; \tapt-get u', '/bin/sh -c set -eux; \tapt-get ', '/bin/sh -c set -eux; \t\twget -O', '/bin/sh -c set -eux; \t\twget -O', '/bin/sh -c set -eux; \tsavedApt', '/bin/sh -c set -eux; \t\tsavedAp', '/bin/sh -c ARCH= && dpkgArch=""', '/bin/sh -c set -ex   && for ke', '/bin/sh -c set -eux; \tapt-get ', '/bin/sh -c set -ex; \t\tsavedApt', '/bin/sh -c set -x \t&& export D', 'ADD file:59187422476c57db46e60', '/bin/sh -c apt-get update && a', '/bin/sh -c set -eux; \tsavedApt', '/bin/sh -c set -eux; \tapt-get ', '/bin/sh -c { \t\techo mysql-comm', '|1 PGP_KEYSERVER=keyserver.ubu', '|1 PGP_KEYSERVER=keyserver.ubu', '/bin/sh -c set -eux; \tapt-get ', '/bin/sh -c set -eux; \t\tsavedAp', '/bin/sh -c set -eux; \t\tsavedAp']","['registry', 'alpine', 'nginx', 'ubuntu', 'python', 'redis', 'node', 'mongo', 'mysql', 'rabbitmq', 'debian', 'php']",[],[],3,74.50833333333334,0,0,0
EdgeServer_6,8,6,"[6, 2]",True,12,16384,131072,0,0,0,0,[],[],[],[],[],[],3,63.1,0,0,0
EdgeServer_7,8,7,"[4, 100]",True,9999,9999999,99999999,0,0,0,0,[],[],[],[],[],[],30,200.0,0,0,0
EdgeServer_1,9,1,"[0, 0]",False,8,16384,131072,8,8192,2,2,[2],[],['ADD file:5d673d25da3a14ce1f6cf'],['alpine'],[],[],3,0.0,0,0,0
EdgeServer_2,9,2,"[0, 2]",False,8,16384,131072,4,4096,2,1,[],[],['ADD file:5d673d25da3a14ce1f6cf'],['alpine'],[],[],3,0.0,0,0,0
EdgeServer_3,9,3,"[6, 0]",True,8,8192,131072,2,2048,2,1,[],[],['ADD file:5d673d25da3a14ce1f6cf'],['alpine'],[],[],3,104.74355,0,0,0
EdgeServer_4,9,4,"[1, 3]",False,8,8192,131072,0,0,0,0,[],[],[],[],[],[],3,0.0,0,0,0
EdgeServer_5,9,5,"[7, 1]",True,12,16384,131072,3,3072,1017,0,[1],[1],"['ADD file:5d673d25da3a14ce1f6cf', '/bin/sh -c set -eux; \tversion=', 'ADD file:966d3669b40f5fbaecee1', '/bin/sh -c set -x     && addgr', 'ADD file:b83df51ab7caf8a4dc35f', 'ADD file:e8d512b08fe2ddc6f2c85', '/bin/sh -c set -eux; \tapt-get ', '/bin/sh -c set -ex; \tif ! comm', '/bin/sh -c apt-get update && a', '/bin/sh -c set -ex; \tapt-get u', '/bin/sh -c set -eux; \tapt-get ', '/bin/sh -c set -eux; \t\twget -O', '/bin/sh -c set -eux; \t\twget -O', '/bin/sh -c set -eux; \tsavedApt', '/bin/sh -c set -eux; \t\tsavedAp', '/bin/sh -c ARCH= && dpkgArch=""', '/bin/sh -c set -ex   && for ke', '/bin/sh -c set -eux; \tapt-get ', '/bin/sh -c set -ex; \t\tsavedApt', '/bin/sh -c set -x \t&& export D', 'ADD file:59187422476c57db46e60', '/bin/sh -c apt-get update && a', '/bin/sh -c set -eux; \tsavedApt', '/bin/sh -c set -eux; \tapt-get ', '/bin/sh -c { \t\techo mysql-comm', '|1 PGP_KEYSERVER=keyserver.ubu', '|1 PGP_KEYSERVER=keyserver.ubu', '/bin/sh -c set -eux; \tapt-get ', '/bin/sh -c set -eux; \t\tsavedAp', '/bin/sh -c set -eux; \t\tsavedAp']","['registry', 'alpine', 'nginx', 'ubuntu', 'python', 'redis', 'node', 'mongo', 'mysql', 'rabbitmq', 'debian', 'php']",[],[],3,97.325,0,0,0
EdgeServer_6,9,6,"[6, 2]",True,12,16384,131072,0,0,0,0,[],[],[],[],[],[],3,63.1,0,0,0
EdgeServer_7,9,7,"[4, 100]",True,9999,9999999,99999999,0,0,0,0,[],[],[],[],[],[],30,200.0,0,0,0
EdgeServer_1,10,1,"[0, 0]",False,8,16384,131072,4,4096,2,2,[],[],['ADD file:5d673d25da3a14ce1f6cf'],['alpine'],[],[],3,0.0,1,4,12288
EdgeServer_2,10,2,"[0, 2]",False,8,16384,131072,8,8192,2,1,[2],[],['ADD file:5d673d25da3a14ce1f6cf'],['alpine'],[],[],3,0.0,0,0,0
EdgeServer_3,10,3,"[6, 0]",True,8,8192,131072,4,4096,2,1,[1],[],['ADD file:5d673d25da3a14ce1f6cf'],['alpine'],[],[],3,142.4957,0,0,0
EdgeServer_4,10,4,"[1, 3]",False,8,8192,131072,0,0,0,0,[],[],[],[],[],[],3,0.0,0,0,0
EdgeServer_5,10,5,"[7, 1]",True,12,16384,131072,1,1024,1017,0,[],[1],"['ADD file:5d673d25da3a14ce1f6cf', '/bin/sh -c set -eux; \tversion=', 'ADD file:966d3669b40f5fbaecee1', '/bin/sh -c set -x     && addgr', 'ADD file:b83df51ab7caf8a4dc35f', 'ADD file:e8d512b08fe2ddc6f2c85', '/bin/sh -c set -eux; \tapt-get ', '/bin/sh -c set -ex; \tif ! comm', '/bin/sh -c apt-get update && a', '/bin/sh -c set -ex; \tapt-get u', '/bin/sh -c set -eux; \tapt-get ', '/bin/sh -c set -eux; \t\twget -O', '/bin/sh -c set -eux; \t\twget -O', '/bin/sh -c set -eux; \tsavedApt', '/bin/sh -c set -eux; \t\tsavedAp', '/bin/sh -c ARCH= && dpkgArch=""', '/bin/sh -c set -ex   && for ke', '/bin/sh -c set -eux; \tapt-get ', '/bin/sh -c set -ex; \t\tsavedApt', '/bin/sh -c set -x \t&& export D', 'ADD file:59187422476c57db46e60', '/bin/sh -c apt-get update && a', '/bin/sh -c set -eux; \tsavedApt', '/bin/sh -c set -eux; \tapt-get ', '/bin/sh -c { \t\techo mysql-comm', '|1 PGP_KEYSERVER=keyserver.ubu', '|1 PGP_KEYSERVER=keyserver.ubu', '/bin/sh -c set -eux; \tapt-get ', '/bin/sh -c set -eux; \t\tsavedAp', '/bin/sh -c set -eux; \t\tsavedAp']","['registry', 'alpine', 'nginx', 'ubuntu', 'python', 'redis', 'node', 'mongo', 'mysql', 'rabbitmq', 'debian', 'php']",[],[],3,74.50833333333334,0,0,0
EdgeServer_6,10,6,"[6, 2]",True,12,16384,131072,0,0,0,0,[],[],[],[],[],[],3,63.1,0,0,0
EdgeServer_7,10,7,"[4, 100]",True,9999,9999999,99999999,0,0,0,0,[],[],[],[],[],[],30,200.0,0,0,0
EdgeServer_1,11,1,"[0, 0]",False,8,16384,131072,8,8192,2,2,[2],[],['ADD file:5d673d25da3a14ce1f6cf'],['alpine'],[],[],3,0.0,0,0,0
EdgeServer_2,11,2,"[0, 2]",False,8,16384,131072,4,4096,2,1,[],[],['ADD file:5d673d25da3a14ce1f6cf'],['alpine'],[],[],3,0.0,0,0,0
EdgeServer_3,11,3,"[6, 0]",True,8,8192,131072,2,2048,2,1,[],[],['ADD file:5d673d25da3a14ce1f6cf'],['alpine'],[],[],3,104.74355,0,0,0
EdgeServer_4,11,4,"[1, 3]",False,8,8192,131072,0,0,0,0,[],[],[],[],[],[],3,0.0,0,0,0
EdgeServer_5,11,5,"[7, 1]",True,12,16384,131072,3,3072,1017,0,[1],[1],"['ADD file:5d673d25da3a14ce1f6cf', '/bin/sh -c set -eux; \tversion=', 'ADD file:966d3669b40f5fbaecee1', '/bin/sh -c set -x     && addgr', 'ADD file:b83df51ab7caf8a4dc35f', 'ADD file:e8d512b08fe2ddc6f2c85', '/bin/sh -c set -eux; \tapt-get ', '/bin/sh -c set -ex; \tif ! comm', '/bin/sh -c apt-get update && a', '/bin/sh -c set -ex; \tapt-get u', '/bin/sh -c set -eux; \tapt-get ', '/bin/sh -c set -eux; \t\twget -O', '/bin/sh -c set -eux; \t\twget -O', '/bin/sh -c set -eux; \tsavedApt', '/bin/sh -c set -eux; \t\tsavedAp', '/bin/sh -c ARCH= && dpkgArch=""', '/bin/sh -c set -ex   && for ke', '/bin/sh -c set -eux; \tapt-get ', '/bin/sh -c set -ex; \t\tsavedApt', '/bin/sh -c set -x \t&& export D', 'ADD file:59187422476c57db46e60', '/bin/sh -c apt-get update && a', '/bin/sh -c set -eux; \tsavedApt', '/bin/sh -c set -eux; \tapt-get ', '/bin/sh -c { \t\techo mysql-comm', '|1 PGP_KEYSERVER=keyserver.ubu', '|1 PGP_KEYSERVER=keyserver.ubu', '/bin/sh -c set -eux; \tapt-get ', '/bin/sh -c set -eux; \t\tsavedAp', '/bin/sh -c set -eux; \t\tsavedAp']","['registry', 'alpine', 'nginx', 'ubuntu', 'python', 'redis', 'node', 'mongo', 'mysql', 'rabbitmq', 'debian', 'php']",[],[],3,97.325,0,0,0
EdgeServer_6,11,6,"[6, 2]",True,12,16384,131072,0,0,0,0,[],[],[],[],[],[],3,63.1,0,0,0
EdgeServer_7,11,7,"[4, 100]",True,9999,9999999,99999999,0,0,0,0,[],[],[],[],[],[],30,200.0,0,0,0
EdgeServer_1,12,1,"[0, 0]",False,8,16384,131072,4,4096,2,2,[],[],['ADD file:5d673d25da3a14ce1f6cf'],['alpine'],[],[],3,0.0,1,4,12288
EdgeServer_2,12,2,"[0, 2]",False,8,16384,131072,8,8192,2,1,[2],[],['ADD file:5d673d25da3a14ce1f6cf'],['alpine'],[],[],3,0.0,0,0,0
EdgeServer_3,12,3,"[6, 0]",True,8,8192,131072,4,4096,2,1,[1],[],['ADD file:5d673d25da3a14ce1f6cf'],['alpine'],[],[],3,142.4957,0,0,0
EdgeServer_4,12,4,"[1, 3]",False,8,8192,131072,0,0,0,0,[],[],[],[],[],[],3,0.0,0,0,0
EdgeServer_5,12,5,"[7, 1]",True,12,16384,131072,1,1024,1017,0,[],[1],"['ADD file:5d673d25da3a14ce1f6cf', '/bin/sh -c set -eux; \tversion=', 'ADD file:966d3669b40f5fbaecee1', '/bin/sh -c set -x     && addgr', 'ADD file:b83df51ab7caf8a4dc35f', 'ADD file:e8d512b08fe2ddc6f2c85', '/bin/sh -c set -eux; \tapt-get ', '/bin/sh -c set -ex; \tif ! comm', '/bin/sh -c apt-get update && a', '/bin/sh -c set -ex; \tapt-get u', '/bin/sh -c set -eux; \tapt-get ', '/bin/sh -c set -eux; \t\twget -O', '/bin/sh -c set -eux; \t\twget -O', '/bin/sh -c set -eux; \tsavedApt', '/bin/sh -c set -eux; \t\tsavedAp', '/bin/sh -c ARCH= && dpkgArch=""', '/bin/sh -c set -ex   && for ke', '/bin/sh -c set -eux; \tapt-get ', '/bin/sh -c set -ex; \t\tsavedApt', '/bin/sh -c set -x \t&& export D', 'ADD file:59187422476c57db46e60', '/bin/sh -c apt-get update && a', '/bin/sh -c set -eux; \tsavedApt', '/bin/sh -c set -eux; \tapt-get ', '/bin/sh -c { \t\techo mysql-comm', '|1 PGP_KEYSERVER=keyserver.ubu', '|1 PGP_KEYSERVER=keyserver.ubu', '/bin/sh -c set -eux; \tapt-get ', '/bin/sh -c set -eux; \t\tsavedAp', '/bin/sh -c set -eux; \t\tsavedAp']","['registry', 'alpine', 'nginx', 'ubuntu', 'python', 'redis', 'node', 'mongo', 'mysql', 'rabbitmq', 'debian', 'php']",[],[],3,74.50833333333334,0,0,0
EdgeServer_6,12,6,"[6, 2]",True,12,16384,131072,0,0,0,0,[],[],[],[],[],[],3,63.1,0,0,0
EdgeServer_7,12,7,"[4, 100]",True,9999,9999999,99999999,0,0,0,0,[],[],[],[],[],[],30,200.0,0,0,0
EdgeServer_1,13,1,"[0, 0]",False,8,16384,131072,8,8192,2,2,[2],[],['ADD file:5d673d25da3a14ce1f6cf'],['alpine'],[],[],3,0.0,0,0,0
EdgeServer_2,13,2,"[0, 2]",False,8,16384,131072,4,4096,2,1,[],[],['ADD file:5d673d25da3a14ce1f6cf'],['alpine'],[],[],3,0.0,0,0,0
EdgeServer_3,13,3,"[6, 0]",True,8,8192,131072,2,2048,2,1,[],[],['ADD file:5d673d25da3a14ce1f6cf'],['alpine'],[],[],3,104.74355,0,0,0
EdgeServer_4,13,4,"[1, 3]",False,8,8192,131072,0,0,0,0,[],[],[],[],[],[],3,0.0,0,0,0
EdgeServer_5,13,5,"[7, 1]",True,12,16384,131072,3,3072,1017,0,[1],[1],"['ADD file:5d673d25da3a14ce1f6cf', '/bin/sh -c set -eux; \tversion=', 'ADD file:966d3669b40f5fbaecee1', '/bin/sh -c set -x     && addgr', 'ADD file:b83df51ab7caf8a4dc35f', 'ADD file:e8d512b08fe2ddc6f2c85', '/bin/sh -c set -eux; \tapt-get ', '/bin/sh -c set -ex; \tif ! comm', '/bin/sh -c apt-get update && a', '/bin/sh -c set -ex; \tapt-get u', '/bin/sh -c set -eux; \tapt-get ', '/bin/sh -c set -eux; \t\twget -O', '/bin/sh -c set -eux; \t\twget -O', '/bin/sh -c set -eux; \tsavedApt', '/bin/sh -c set -eux; \t\tsavedAp', '/bin/sh -c ARCH= && dpkgArch=""', '/bin/sh -c set -ex   && for ke', '/bin/sh -c set -eux; \tapt-get ', '/bin/sh -c set -ex; \t\tsavedApt', '/bin/sh -c set -x \t&& export D', 'ADD file:59187422476c57db46e60', '/bin/sh -c apt-get update && a', '/bin/sh -c set -eux; \tsavedApt', '/bin/sh -c set -eux; \tapt-get ', '/bin/sh -c { \t\techo mysql-comm', '|1 PGP_KEYSERVER=keyserver.ubu', '|1 PGP_KEYSERVER=keyserver.ubu', '/bin/sh -c set -eux; \tapt-get ', '/bin/sh -c set -eux; \t\tsavedAp', '/bin/sh -c set -eux; \t\tsavedAp']","['registry', 'alpine', 'nginx', 'ubuntu', 'python', 'redis', 'node', 'mongo', 'mysql', 'rabbitmq', 'debian', 'php']",[],[],3,97.325,0,0,0
EdgeServer_6,13,6,"[6, 2]",True,12,16384,131072,0,0,0,0,[],[],[],[],[],[],3,63.1,0,0,0
EdgeServer_7,13,7,"[4, 100]",True,9999,9999999,99999999,0,0,0,0,[],[],[],[],[],[],30,200.0,0,0,0
EdgeServer_1,14,1,"[0, 0]",False,8,16384,131072,4,4096,2,2,[],[],['ADD file:5d673d25da3a14ce1f6cf'],['alpine'],[],[],3,0.0,1,4,12288
EdgeServer_2,14,2,"[0, 2]",False,8,16384,131072,8,8192,2,1,[2],[],['ADD file:5d673d25da3a14ce1f6cf'],['alpine'],[],[],3,0.0,0,0,0
EdgeServer_3,14,3,"[6, 0]",True,8,8192,131072,4,4096,2,1,[1],[],['ADD file:5d673d25da3a14ce1f6cf'],['alpine'],[],[],3,142.4957,0,0,0
EdgeServer_4,14,4,"[1, 3]",False,8,8192,131072,0,0,0,0,[],[],[],[],[],[],3,0.0,0,0,0
EdgeServer_5,14,5,"[7, 1]",True,12,16384,131072,1,1024,1017,0,[],[1],"['ADD file:5d673d25da3a14ce1f6cf', '/bin/sh -c set -eux; \tversion=', 'ADD file:966d3669b40f5fbaecee1', '/bin/sh -c set -x     && addgr', 'ADD file:b83df51ab7caf8a4dc35f', 'ADD file:e8d512b08fe2ddc6f2c85', '/bin/sh -c set -eux; \tapt-get ', '/bin/sh -c set -ex; \tif ! comm', '/bin/sh -c apt-get update && a', '/bin/sh -c set -ex; \tapt-get u', '/bin/sh -c set -eux; \tapt-get ', '/bin/sh -c set -eux; \t\twget -O', '/bin/sh -c set -eux; \t\twget -O', '/bin/sh -c set -eux; \tsavedApt', '/bin/sh -c set -eux; \t\tsavedAp', '/bin/sh -c ARCH= && dpkgArch=""', '/bin/sh -c set -ex   && for ke', '/bin/sh -c set -eux; \tapt-get ', '/bin/sh -c set -ex; \t\tsavedApt', '/bin/sh -c set -x \t&& export D', 'ADD file:59187422476c57db46e60', '/bin/sh -c apt-get update && a', '/bin/sh -c set -eux; \tsavedApt', '/bin/sh -c set -eux; \tapt-get ', '/bin/sh -c { \t\techo mysql-comm', '|1 PGP_KEYSERVER=keyserver.ubu', '|1 PGP_KEYSERVER=keyserver.ubu', '/bin/sh -c set -eux; \tapt-get ', '/bin/sh -c set -eux; \t\tsavedAp', '/bin/sh -c set -eux; \t\tsavedAp']","['registry', 'alpine', 'nginx', 'ubuntu', 'python', 'redis', 'node', 'mongo', 'mysql', 'rabbitmq', 'debian', 'php']",[],[],3,74.50833333333334,0,0,0
EdgeServer_6,14,6,"[6, 2]",True,12,16384,131072,0,0,0,0,[],[],[],[],[],[],3,63.1,0,0,0
EdgeServer_7,14,7,"[4, 100]",True,9999,9999999,99999999,0,0,0,0,[],[],[],[],[],[],30,200.0,0,0,0
EdgeServer_1,15,1,"[0, 0]",False,8,16384,131072,8,8192,2,2,[2],[],['ADD file:5d673d25da3a14ce1f6cf'],['alpine'],[],[],3,0.0,0,0,0
EdgeServer_2,15,2,"[0, 2]",False,8,16384,131072,4,4096,2,1,[],[],['ADD file:5d673d25da3a14ce1f6cf'],['alpine'],[],[],3,0.0,0,0,0
EdgeServer_3,15,3,"[6, 0]",True,8,8192,131072,2,2048,2,1,[],[],['ADD file:5d673d25da3a14ce1f6cf'],['alpine'],[],[],3,104.74355,0,0,0
EdgeServer_4,15,4,"[1, 3]",False,8,8192,131072,0,0,0,0,[],[],[],[],[],[],3,0.0,0,0,0
EdgeServer_5,15,5,"[7, 1]",True,12,16384,131072,3,3072,1017,0,[1],[1],"['ADD file:5d673d25da3a14ce1f6cf', '/bin/sh -c set -eux; \tversion=', 'ADD file:966d3669b40f5fbaecee1', '/bin/sh -c set -x     && addgr', 'ADD file:b83df51ab7caf8a4dc35f', 'ADD file:e8d512b08fe2ddc6f2c85', '/bin/sh -c set -eux; \tapt-get ', '/bin/sh -c set -ex; \tif ! comm', '/bin/sh -c apt-get update && a', '/bin/sh -c set -ex; \tapt-get u', '/bin/sh -c set -eux; \tapt-get ', '/bin/sh -c set -eux; \t\twget -O', '/bin/sh -c set -eux; \t\twget -O', '/bin/sh -c set -eux; \tsavedApt', '/bin/sh -c set -eux; \t\tsavedAp', '/bin/sh -c ARCH= && dpkgArch=""', '/bin/sh -c set -ex   && for ke', '/bin/sh -c set -eux; \tapt-get ', '/bin/sh -c set -ex; \t\tsavedApt', '/bin/sh -c set -x \t&& export D', 'ADD file:59187422476c57db46e60', '/bin/sh -c apt-get update && a', '/bin/sh -c set -eux; \tsavedApt', '/bin/sh -c set -eux; \tapt-get ', '/bin/sh -c { \t\techo mysql-comm', '|1 PGP_KEYSERVER=keyserver.ubu', '|1 PGP_KEYSERVER=keyserver.ubu', '/bin/sh -c set -eux; \tapt-get ', '/bin/sh -c set -eux; \t\tsavedAp', '/bin/sh -c set -eux; \t\tsavedAp']","['registry', 'alpine', 'nginx', 'ubuntu', 'python', 'redis', 'node', 'mongo', 'mysql', 'rabbitmq', 'debian', 'php']",[],[],3,97.325,0,0,0
EdgeServer_6,15,6,"[6, 2]",True,12,16384,131072,0,0,0,0,[],[],[],[],[],[],3,63.1,0,0,0
EdgeServer_7,15,7,"[4, 100]",True,9999,9999999,99999999,0,0,0,0,[],[],[],[],[],[],30,200.0,0,0,0
EdgeServer_1,16,1,"[0, 0]",False,8,16384,131072,4,4096,2,2,[],[],['ADD file:5d673d25da3a14ce1f6cf'],['alpine'],[],[],3,0.0,1,4,12288
EdgeServer_2,16,2,"[0, 2]",False,8,16384,131072,8,8192,2,1,[2],[],['ADD file:5d673d25da3a14ce1f6cf'],['alpine'],[],[],3,0.0,0,0,0
EdgeServer_3,16,3,"[6, 0]",True,8,8192,131072,4,4096,2,1,[1],[],['ADD file:5d673d25da3a14ce1f6cf'],['alpine'],[],[],3,142.4957,0,0,0
EdgeServer_4,16,4,"[1, 3]",False,8,8192,131072,0,0,0,0,[],[],[],[],[],[],3,0.0,0,0,0
EdgeServer_5,16,5,"[7, 1]",True,12,16384,131072,1,1024,1017,0,[],[1],"['ADD file:5d673d25da3a14ce1f6cf', '/bin/sh -c set -eux; \tversion=', 'ADD file:966d3669b40f5fbaecee1', '/bin/sh -c set -x     && addgr', 'ADD file:b83df51ab7caf8a4dc35f', 'ADD file:e8d512b08fe2ddc6f2c85', '/bin/sh -c set -eux; \tapt-get ', '/bin/sh -c set -ex; \tif ! comm', '/bin/sh -c apt-get update && a', '/bin/sh -c set -ex; \tapt-get u', '/bin/sh -c set -eux; \tapt-get ', '/bin/sh -c set -eux; \t\twget -O', '/bin/sh -c set -eux; \t\twget -O', '/bin/sh -c set -eux; \tsavedApt', '/bin/sh -c set -eux; \t\tsavedAp', '/bin/sh -c ARCH= && dpkgArch=""', '/bin/sh -c set -ex   && for ke', '/bin/sh -c set -eux; \tapt-get ', '/bin/sh -c set -ex; \t\tsavedApt', '/bin/sh -c set -x \t&& export D', 'ADD file:59187422476c57db46e60', '/bin/sh -c apt-get update && a', '/bin/sh -c set -eux; \tsavedApt', '/bin/sh -c set -eux; \tapt-get ', '/bin/sh -c { \t\techo mysql-comm', '|1 PGP_KEYSERVER=keyserver.ubu', '|1 PGP_KEYSERVER=keyserver.ubu', '/bin/sh -c set -eux; \tapt-get ', '/bin/sh -c set -eux; \t\tsavedAp', '/bin/sh -c set -eux; \t\tsavedAp']","['registry', 'alpine', 'nginx', 'ubuntu', 'python', 'redis', 'node', 'mongo', 'mysql', 'rabbitmq', 'debian', 'php']",[],[],3,74.50833333333334,0,0,0
EdgeServer_6,16,6,"[6, 2]",True,12,16384,131072,0,0,0,0,[],[],[],[],[],[],3,63.1,0,0,0
EdgeServer_7,16,7,"[4, 100]",True,9999,9999999,99999999,0,0,0,0,[],[],[],[],[],[],30,200.0,0,0,0
EdgeServer_1,17,1,"[0, 0]",False,8,16384,131072,8,8192,2,2,[2],[],['ADD file:5d673d25da3a14ce1f6cf'],['alpine'],[],[],3,0.0,0,0,0
EdgeServer_2,17,2,"[0, 2]",False,8,16384,131072,4,4096,2,1,[],[],['ADD file:5d673d25da3a14ce1f6cf'],['alpine'],[],[],3,0.0,0,0,0
EdgeServer_3,17,3,"[6, 0]",True,8,8192,131072,2,2048,2,1,[],[],['ADD file:5d673d25da3a14ce1f6cf'],['alpine'],[],[],3,104.74355,0,0,0
EdgeServer_4,17,4,"[1, 3]",False,8,8192,131072,0,0,0,0,[],[],[],[],[],[],3,0.0,0,0,0
EdgeServer_5,17,5,"[7, 1]",True,12,16384,131072,3,3072,1017,0,[1],[1],"['ADD file:5d673d25da3a14ce1f6cf', '/bin/sh -c set -eux; \tversion=', 'ADD file:966d3669b40f5fbaecee1', '/bin/sh -c set -x     && addgr', 'ADD file:b83df51ab7caf8a4dc35f', 'ADD file:e8d512b08fe2ddc6f2c85', '/bin/sh -c set -eux; \tapt-get ', '/bin/sh -c set -ex; \tif ! comm', '/bin/sh -c apt-get update && a', '/bin/sh -c set -ex; \tapt-get u', '/bin/sh -c set -eux; \tapt-get ', '/bin/sh -c set -eux; \t\twget -O', '/bin/sh -c set -eux; \t\twget -O', '/bin/sh -c set -eux; \tsavedApt', '/bin/sh -c set -eux; \t\tsavedAp', '/bin/sh -c ARCH= && dpkgArch=""', '/bin/sh -c set -ex   && for ke', '/bin/sh -c set -eux; \tapt-get ', '/bin/sh -c set -ex; \t\tsavedApt', '/bin/sh -c set -x \t&& export D', 'ADD file:59187422476c57db46e60', '/bin/sh -c apt-get update && a', '/bin/sh -c set -eux; \tsavedApt', '/bin/sh -c set -eux; \tapt-get ', '/bin/sh -c { \t\techo mysql-comm', '|1 PGP_KEYSERVER=keyserver.ubu', '|1 PGP_KEYSERVER=keyserver.ubu', '/bin/sh -c set -eux; \tapt-get ', '/bin/sh -c set -eux; \t\tsavedAp', '/bin/sh -c set -eux; \t\tsavedAp']","['registry', 'alpine', 'nginx', 'ubuntu', 'python', 'redis', 'node', 'mongo', 'mysql', 'rabbitmq', 'debian', 'php']",[],[],3,97.325,0,0,0
EdgeServer_6,17,6,"[6, 2]",True,12,16384,131072,0,0,0,0,[],[],[],[],[],[],3,63.1,0,0,0
EdgeServer_7,17,7,"[4, 100]",True,9999,9999999,99999999,0,0,0,0,[],[],[],[],[],[],30,200.0,0,0,0
EdgeServer_1,18,1,"[0, 0]",False,8,16384,131072,4,4096,2,2,[],[],['ADD file:5d673d25da3a14ce1f6cf'],['alpine'],[],[],3,0.0,1,4,12288
EdgeServer_2,18,2,"[0, 2]",False,8,16384,131072,8,8192,2,1,[2],[],['ADD file:5d673d25da3a14ce1f6cf'],['alpine'],[],[],3,0.0,0,0,0
EdgeServer_3,18,3,"[6, 0]",True,8,8192,131072,4,4096,2,1,[1],[],['ADD file:5d673d25da3a14ce1f6cf'],['alpine'],[],[],3,142.4957,0,0,0
EdgeServer_4,18,4,"[1, 3]",False,8,8192,131072,0,0,0,0,[],[],[],[],[],[],3,0.0,0,0,0
EdgeServer_5,18,5,"[7, 1]",True,12,16384,131072,1,1024,1017,0,[],[1],"['ADD file:5d673d25da3a14ce1f6cf', '/bin/sh -c set -eux; \tversion=', 'ADD file:966d3669b40f5fbaecee1', '/bin/sh -c set -x     && addgr', 'ADD file:b83df51ab7caf8a4dc35f', 'ADD file:e8d512b08fe2ddc6f2c85', '/bin/sh -c set -eux; \tapt-get ', '/bin/sh -c set -ex; \tif ! comm', '/bin/sh -c apt-get update && a', '/bin/sh -c set -ex; \tapt-get u', '/bin/sh -c set -eux; \tapt-get ', '/bin/sh -c set -eux; \t\twget -O', '/bin/sh -c set -eux; \t\twget -O', '/bin/sh -c set -eux; \tsavedApt', '/bin/sh -c set -eux; \t\tsavedAp', '/bin/sh -c ARCH= && dpkgArch=""', '/bin/sh -c set -ex   && for ke', '/bin/sh -c set -eux; \tapt-get ', '/bin/sh -c set -ex; \t\tsavedApt', '/bin/sh -c set -x \t&& export D', 'ADD file:59187422476c57db46e60', '/bin/sh -c apt-get update && a', '/bin/sh -c set -eux; \tsavedApt', '/bin/sh -c set -eux; \tapt-get ', '/bin/sh -c { \t\techo mysql-comm', '|1 PGP_KEYSERVER=keyserver.ubu', '|1 PGP_KEYSERVER=keyserver.ubu', '/bin/sh -c set -eux; \tapt-get ', '/bin/sh -c set -eux; \t\tsavedAp', '/bin/sh -c set -eux; \t\tsavedAp']","['registry', 'alpine', 'nginx', 'ubuntu', 'python', 'redis', 'node', 'mongo', 'mysql', 'rabbitmq', 'debian', 'php']",[],[],3,74.50833333333334,0,0,0
EdgeServer_6,18,6,"[6, 2]",True,12,16384,131072,0,0,0,0,[],[],[],[],[],[],3,63.1,0,0,0
EdgeServer_7,18,7,"[4, 100]",True,9999,9999999,99999999,0,0,0,0,[],[],[],[],[],[],30,200.0,0,0,0
EdgeServer_1,19,1,"[0, 0]",False,8,16384,131072,8,8192,2,2,[2],[],['ADD file:5d673d25da3a14ce1f6cf'],['alpine'],[],[],3,0.0,0,0,0
EdgeServer_2,19,2,"[0, 2]",False,8,16384,131072,4,4096,2,1,[],[],['ADD file:5d673d25da3a14ce1f6cf'],['alpine'],[],[],3,0.0,0,0,0
EdgeServer_3,19,3,"[6, 0]",True,8,8192,131072,2,2048,2,1,[],[],['ADD file:5d673d25da3a14ce1f6cf'],['alpine'],[],[],3,104.74355,0,0,0
EdgeServer_4,19,4,"[1, 3]",False,8,8192,131072,0,0,0,0,[],[],[],[],[],[],3,0.0,0,0,0
EdgeServer_5,19,5,"[7, 1]",True,12,16384,131072,3,3072,1017,0,[1],[1],"['ADD file:5d673d25da3a14ce1f6cf', '/bin/sh -c set -eux; \tversion=', 'ADD file:966d3669b40f5fbaecee1', '/bin/sh -c set -x     && addgr', 'ADD file:b83df51ab7caf8a4dc35f', 'ADD file:e8d512b08fe2ddc6f2c85', '/bin/sh -c set -eux; \tapt-get ', '/bin/sh -c set -ex; \tif ! comm', '/bin/sh -c apt-get update && a', '/bin/sh -c set -ex; \tapt-get u', '/bin/sh -c set -eux; \tapt-get ', '/bin/sh -c set -eux; \t\twget -O', '/bin/sh -c set -eux; \t\twget -O', '/bin/sh -c set -eux; \tsavedApt', '/bin/sh -c set -eux; \t\tsavedAp', '/bin/sh -c ARCH= && dpkgArch=""', '/bin/sh -c set -ex   && for ke', '/bin/sh -c set -eux; \tapt-get ', '/bin/sh -c set -ex; \t\tsavedApt', '/bin/sh -c set -x \t&& export D', 'ADD file:59187422476c57db46e60', '/bin/sh -c apt-get update && a', '/bin/sh -c set -eux; \tsavedApt', '/bin/sh -c set -eux; \tapt-get ', '/bin/sh -c { \t\techo mysql-comm', '|1 PGP_KEYSERVER=keyserver.ubu', '|1 PGP_KEYSERVER=keyserver.ubu', '/bin/sh -c set -eux; \tapt-get ', '/bin/sh -c set -eux; \t\tsavedAp', '/bin/sh -c set -eux; \t\tsavedAp']","['registry', 'alpine', 'nginx', 'ubuntu', 'python', 'redis', 'node', 'mongo', 'mysql', 'rabbitmq', 'debian', 'php']",[],[],3,97.325,0,0,0
EdgeServer_6,19,6,"[6, 2]",True,12,16384,131072,0,0,0,0,[],[],[],[],[],[],3,63.1,0,0,0
EdgeServer_7,19,7,"[4, 100]",True,9999,9999999,99999999,0,0,0,0,[],[],[],[],[],[],30,200.0,0,0,0
EdgeServer_1,20,1,"[0, 0]",False,8,16384,131072,4,4096,2,2,[],[],['ADD file:5d673d25da3a14ce1f6cf'],['alpine'],[],[],3,0.0,1,4,12288
EdgeServer_2,20,2,"[0, 2]",False,8,16384,131072,8,8192,2,1,[2],[],['ADD file:5d673d25da3a14ce1f6cf'],['alpine'],[],[],3,0.0,0,0,0
EdgeServer_3,20,3,"[6, 0]",True,8,8192,131072,4,4096,2,1,[1],[],['ADD file:5d673d25da3a14ce1f6cf'],['alpine'],[],[],3,142.4957,0,0,0
EdgeServer_4,20,4,"[1, 3]",False,8,8192,131072,0,0,0,0,[],[],[],[],[],[],3,0.0,0,0,0
EdgeServer_5,20,5,"[7, 1]",True,12,16384,131072,1,1024,1017,0,[],[1],"['ADD file:5d673d25da3a14ce1f6cf', '/bin/sh -c set -eux; \tversion=', 'ADD file:966d3669b40f5fbaecee1', '/bin/sh -c set -x     && addgr', 'ADD file:b83df51ab7caf8a4dc35f', 'ADD file:e8d512b08fe2ddc6f2c85', '/bin/sh -c set -eux; \tapt-get ', '/bin/sh -c set -ex; \tif ! comm', '/bin/sh -c apt-get update && a', '/bin/sh -c set -ex; \tapt-get u', '/bin/sh -c set -eux; \tapt-get ', '/bin/sh -c set -eux; \t\twget -O', '/bin/sh -c set -eux; \t\twget -O', '/bin/sh -c set -eux; \tsavedApt', '/bin/sh -c set -eux; \t\tsavedAp', '/bin/sh -c ARCH= && dpkgArch=""', '/bin/sh -c set -ex   && for ke', '/bin/sh -c set -eux; \tapt-get ', '/bin/sh -c set -ex; \t\tsavedApt', '/bin/sh -c set -x \t&& export D', 'ADD file:59187422476c57db46e60', '/bin/sh -c apt-get update && a', '/bin/sh -c set -eux; \tsavedApt', '/bin/sh -c set -eux; \tapt-get ', '/bin/sh -c { \t\techo mysql-comm', '|1 PGP_KEYSERVER=keyserver.ubu', '|1 PGP_KEYSERVER=keyserver.ubu', '/bin/sh -c set -eux; \tapt-get ', '/bin/sh -c set -eux; \t\tsavedAp', '/bin/sh -c set -eux; \t\tsavedAp']","['registry', 'alpine', 'nginx', 'ubuntu', 'python', 'redis', 'node', 'mongo', 'mysql', 'rabbitmq', 'debian', 'php']",[],[],3,74.50833333333334,0,0,0
EdgeServer_6,20,6,"[6, 2]",True,12,16384,131072,0,0,0,0,[],[],[],[],[],[],3,63.1,0,0,0
EdgeServer_7,20,7,"[4, 100]",True,9999,9999999,99999999,0,0,0,0,[],[],[],[],[],[],30,200.0,0,0,0
EdgeServer_1,21,1,"[0, 0]",False,8,16384,131072,8,8192,2,2,[2],[],['ADD file:5d673d25da3a14ce1f6cf'],['alpine'],[],[],3,0.0,0,0,0
EdgeServer_2,21,2,"[0, 2]",False,8,16384,131072,4,4096,2,1,[],[],['ADD file:5d673d25da3a14ce1f6cf'],['alpine'],[],[],3,0.0,0,0,0
EdgeServer_3,21,3,"[6, 0]",True,8,8192,131072,2,2048,2,1,[],[],['ADD file:5d673d25da3a14ce1f6cf'],['alpine'],[],[],3,104.74355,0,0,0
EdgeServer_4,21,4,"[1, 3]",False,8,8192,131072,0,0,0,0,[],[],[],[],[],[],3,0.0,0,0,0
EdgeServer_5,21,5,"[7, 1]",True,12,16384,131072,3,3072,1017,0,[1],[1],"['ADD file:5d673d25da3a14ce1f6cf', '/bin/sh -c set -eux; \tversion=', 'ADD file:966d3669b40f5fbaecee1', '/bin/sh -c set -x     && addgr', 'ADD file:b83df51ab7caf8a4dc35f', 'ADD file:e8d512b08fe2ddc6f2c85', '/bin/sh -c set -eux; \tapt-get ', '/bin/sh -c set -ex; \tif ! comm', '/bin/sh -c apt-get update && a', '/bin/sh -c set -ex; \tapt-get u', '/bin/sh -c set -eux; \tapt-get ', '/bin/sh -c set -eux; \t\twget -O', '/bin/sh -c set -eux; \t\twget -O', '/bin/sh -c set -eux; \tsavedApt', '/bin/sh -c set -eux; \t\tsavedAp', '/bin/sh -c ARCH= && dpkgArch=""', '/bin/sh -c set -ex   && for ke', '/bin/sh -c set -eux; \tapt-get ', '/bin/sh -c set -ex; \t\tsavedApt', '/bin/sh -c set -x \t&& export D', 'ADD file:59187422476c57db46e60', '/bin/sh -c apt-get update && a', '/bin/sh -c set -eux; \tsavedApt', '/bin/sh -c set -eux; \tapt-get ', '/bin/sh -c { \t\techo mysql-comm', '|1 PGP_KEYSERVER=keyserver.ubu', '|1 PGP_KEYSERVER=keyserver.ubu', '/bin/sh -c set -eux; \tapt-get ', '/bin/sh -c set -eux; \t\tsavedAp', '/bin/sh -c set -eux; \t\tsavedAp']","['registry', 'alpine', 'nginx', 'ubuntu', 'python', 'redis', 'node', 'mongo', 'mysql', 'rabbitmq', 'debian', 'php']",[],[],3,97.325,0,0,0
EdgeServer_6,21,6,"[6, 2]",True,12,16384,131072,0,0,0,0,[],[],[],[],[],[],3,63.1,0,0,0
EdgeServer_7,21,7,"[4, 100]",True,9999,9999999,99999999,0,0,0,0,[],[],[],[],[],[],30,200.0,0,0,0
EdgeServer_1,22,1,"[0, 0]",False,8,16384,131072,4,4096,2,2,[],[],['ADD file:5d673d25da3a14ce1f6cf'],['alpine'],[],[],3,0.0,1,4,12288
EdgeServer_2,22,2,"[0, 2]",False,8,16384,131072,8,8192,2,1,[2],[],['ADD file:5d673d25da3a14ce1f6cf'],['alpine'],[],[],3,0.0,0,0,0
EdgeServer_3,22,3,"[6, 0]",True,8,8192,131072,4,4096,2,1,[1],[],['ADD file:5d673d25da3a14ce1f6cf'],['alpine'],[],[],3,142.4957,0,0,0
EdgeServer_4,22,4,"[1, 3]",False,8,8192,131072,0,0,0,0,[],[],[],[],[],[],3,0.0,0,0,0
EdgeServer_5,22,5,"[7, 1]",True,12,16384,131072,1,1024,1017,0,[],[1],"['ADD file:5d673d25da3a14ce1f6cf', '/bin/sh -c set -eux; \tversion=', 'ADD file:966d3669b40f5fbaecee1', '/bin/sh -c set -x     && addgr', 'ADD file:b83df51ab7caf8a4dc35f', 'ADD file:e8d512b08fe2ddc6f2c85', '/bin/sh -c set -eux; \tapt-get ', '/bin/sh -c set -ex; \tif ! comm', '/bin/sh -c apt-get update && a', '/bin/sh -c set -ex; \tapt-get u', '/bin/sh -c set -eux; \tapt-get ', '/bin/sh -c set -eux; \t\twget -O', '/bin/sh -c set -eux; \t\twget -O', '/bin/sh -c set -eux; \tsavedApt', '/bin/sh -c set -eux; \t\tsavedAp', '/bin/sh -c ARCH= && dpkgArch=""', '/bin/sh -c set -ex   && for ke', '/bin/sh -c set -eux; \tapt-get ', '/bin/sh -c set -ex; \t\tsavedApt', '/bin/sh -c set -x \t&& export D', 'ADD file:59187422476c57db46e60', '/bin/sh -c apt-get update && a', '/bin/sh -c set -eux; \tsavedApt', '/bin/sh -c set -eux; \tapt-get ', '/bin/sh -c { \t\techo mysql-comm', '|1 PGP_KEYSERVER=keyserver.ubu', '|1 PGP_KEYSERVER=keyserver.ubu', '/bin/sh -c set -eux; \tapt-get ', '/bin/sh -c set -eux; \t\tsavedAp', '/bin/sh -c set -eux; \t\tsavedAp']","['registry', 'alpine', 'nginx', 'ubuntu', 'python', 'redis', 'node', 'mongo', 'mysql', 'rabbitmq', 'debian', 'php']",[],[],3,74.50833333333334,0,0,0
EdgeServer_6,22,6,"[6, 2]",True,12,16384,131072,0,0,0,0,[],[],[],[],[],[],3,63.1,0,0,0
EdgeServer_7,22,7,"[4, 100]",True,9999,9999999,99999999,0,0,0,0,[],[],[],[],[],[],30,200.0,0,0,0
EdgeServer_1,23,1,"[0, 0]",False,8,16384,131072,8,8192,2,2,[2],[],['ADD file:5d673d25da3a14ce1f6cf'],['alpine'],[],[],3,0.0,0,0,0
EdgeServer_2,23,2,"[0, 2]",False,8,16384,131072,4,4096,2,1,[],[],['ADD file:5d673d25da3a14ce1f6cf'],['alpine'],[],[],3,0.0,0,0,0
EdgeServer_3,23,3,"[6, 0]",True,8,8192,131072,2,2048,2,1,[],[],['ADD file:5d673d25da3a14ce1f6cf'],['alpine'],[],[],3,104.74355,0,0,0
EdgeServer_4,23,4,"[1, 3]",False,8,8192,131072,0,0,0,0,[],[],[],[],[],[],3,0.0,0,0,0
EdgeServer_5,23,5,"[7, 1]",True,12,16384,131072,3,3072,1017,0,[1],[1],"['ADD file:5d673d25da3a14ce1f6cf', '/bin/sh -c set -eux; \tversion=', 'ADD file:966d3669b40f5fbaecee1', '/bin/sh -c set -x     && addgr', 'ADD file:b83df51ab7caf8a4dc35f', 'ADD file:e8d512b08fe2ddc6f2c85', '/bin/sh -c set -eux; \tapt-get ', '/bin/sh -c set -ex; \tif ! comm', '/bin/sh -c apt-get update && a', '/bin/sh -c set -ex; \tapt-get u', '/bin/sh -c set -eux; \tapt-get ', '/bin/sh -c set -eux; \t\twget -O', '/bin/sh -c set -eux; \t\twget -O', '/bin/sh -c set -eux; \tsavedApt', '/bin/sh -c set -eux; \t\tsavedAp', '/bin/sh -c ARCH= && dpkgArch=""', '/bin/sh -c set -ex   && for ke', '/bin/sh -c set -eux; \tapt-get ', '/bin/sh -c set -ex; \t\tsavedApt', '/bin/sh -c set -x \t&& export D', 'ADD file:59187422476c57db46e60', '/bin/sh -c apt-get update && a', '/bin/sh -c set -eux; \tsavedApt', '/bin/sh -c set -eux; \tapt-get ', '/bin/sh -c { \t\techo mysql-comm', '|1 PGP_KEYSERVER=keyserver.ubu', '|1 PGP_KEYSERVER=keyserver.ubu', '/bin/sh -c set -eux; \tapt-get ', '/bin/sh -c set -eux; \t\tsavedAp', '/bin/sh -c set -eux; \t\tsavedAp']","['registry', 'alpine', 'nginx', 'ubuntu', 'python', 'redis', 'node', 'mongo', 'mysql', 'rabbitmq', 'debian', 'php']",[],[],3,97.325,0,0,0
EdgeServer_6,23,6,"[6, 2]",True,12,16384,131072,0,0,0,0,[],[],[],[],[],[],3,63.1,0,0,0
EdgeServer_7,23,7,"[4, 100]",True,9999,9999999,99999999,0,0,0,0,[],[],[],[],[],[],30,200.0,0,0,0
EdgeServer_1,24,1,"[0, 0]",False,8,16384,131072,4,4096,2,2,[],[],['ADD file:5d673d25da3a14ce1f6cf'],['alpine'],[],[],3,0.0,1,4,12288
EdgeServer_2,24,2,"[0, 2]",False,8,16384,131072,8,8192,2,1,[2],[],['ADD file:5d673d25da3a14ce1f6cf'],['alpine'],[],[],3,0.0,0,0,0
EdgeServer_3,24,3,"[6, 0]",True,8,8192,131072,4,4096,2,1,[1],[],['ADD file:5d673d25da3a14ce1f6cf'],['alpine'],[],[],3,142.4957,0,0,0
EdgeServer_4,24,4,"[1, 3]",False,8,8192,131072,0,0,0,0,[],[],[],[],[],[],3,0.0,0,0,0
EdgeServer_5,24,5,"[7, 1]",True,12,16384,131072,1,1024,1017,0,[],[1],"['ADD file:5d673d25da3a14ce1f6cf', '/bin/sh -c set -eux; \tversion=', 'ADD file:966d3669b40f5fbaecee1', '/bin/sh -c set -x     && addgr', 'ADD file:b83df51ab7caf8a4dc35f', 'ADD file:e8d512b08fe2ddc6f2c85', '/bin/sh -c set -eux; \tapt-get ', '/bin/sh -c set -ex; \tif ! comm', '/bin/sh -c apt-get update && a', '/bin/sh -c set -ex; \tapt-get u', '/bin/sh -c set -eux; \tapt-get ', '/bin/sh -c set -eux; \t\twget -O', '/bin/sh -c set -eux; \t\twget -O', '/bin/sh -c set -eux; \tsavedApt', '/bin/sh -c set -eux; \t\tsavedAp', '/bin/sh -c ARCH= && dpkgArch=""', '/bin/sh -c set -ex   && for ke', '/bin/sh -c set -eux; \tapt-get ', '/bin/sh -c set -ex; \t\tsavedApt', '/bin/sh -c set -x \t&& export D', 'ADD file:59187422476c57db46e60', '/bin/sh -c apt-get update && a', '/bin/sh -c set -eux; \tsavedApt', '/bin/sh -c set -eux; \tapt-get ', '/bin/sh -c { \t\techo mysql-comm', '|1 PGP_KEYSERVER=keyserver.ubu', '|1 PGP_KEYSERVER=keyserver.ubu', '/bin/sh -c set -eux; \tapt-get ', '/bin/sh -c set -eux; \t\tsavedAp', '/bin/sh -c set -eux; \t\tsavedAp']","['registry', 'alpine', 'nginx', 'ubuntu', 'python', 'redis', 'node', 'mongo', 'mysql', 'rabbitmq', 'debian', 'php']",[],[],3,74.50833333333334,0,0,0
EdgeServer_6,24,6,"[6, 2]",True,12,16384,131072,0,0,0,0,[],[],[],[],[],[],3,63.1,0,0,0
EdgeServer_7,24,7,"[4, 100]",True,9999,9999999,99999999,0,0,0,0,[],[],[],[],[],[],30,200.0,0,0,0
EdgeServer_1,25,1,"[0, 0]",False,8,16384,131072,8,8192,2,2,[2],[],['ADD file:5d673d25da3a14ce1f6cf'],['alpine'],[],[],3,0.0,0,0,0
EdgeServer_2,25,2,"[0, 2]",False,8,16384,131072,4,4096,2,1,[],[],['ADD file:5d673d25da3a14ce1f6cf'],['alpine'],[],[],3,0.0,0,0,0
EdgeServer_3,25,3,"[6, 0]",True,8,8192,131072,2,2048,2,1,[],[],['ADD file:5d673d25da3a14ce1f6cf'],['alpine'],[],[],3,104.74355,0,0,0
EdgeServer_4,25,4,"[1, 3]",False,8,8192,131072,0,0,0,0,[],[],[],[],[],[],3,0.0,0,0,0
EdgeServer_5,25,5,"[7, 1]",True,12,16384,131072,3,3072,1017,0,[1],[1],"['ADD file:5d673d25da3a14ce1f6cf', '/bin/sh -c set -eux; \tversion=', 'ADD file:966d3669b40f5fbaecee1', '/bin/sh -c set -x     && addgr', 'ADD file:b83df51ab7caf8a4dc35f', 'ADD file:e8d512b08fe2ddc6f2c85', '/bin/sh -c set -eux; \tapt-get ', '/bin/sh -c set -ex; \tif ! comm', '/bin/sh -c apt-get update && a', '/bin/sh -c set -ex; \tapt-get u', '/bin/sh -c set -eux; \tapt-get ', '/bin/sh -c set -eux; \t\twget -O', '/bin/sh -c set -eux; \t\twget -O', '/bin/sh -c set -eux; \tsavedApt', '/bin/sh -c set -eux; \t\tsavedAp', '/bin/sh -c ARCH= && dpkgArch=""', '/bin/sh -c set -ex   && for ke', '/bin/sh -c set -eux; \tapt-get ', '/bin/sh -c set -ex; \t\tsavedApt', '/bin/sh -c set -x \t&& export D', 'ADD file:59187422476c57db46e60', '/bin/sh -c apt-get update && a', '/bin/sh -c set -eux; \tsavedApt', '/bin/sh -c set -eux; \tapt-get ', '/bin/sh -c { \t\techo mysql-comm', '|1 PGP_KEYSERVER=keyserver.ubu', '|1 PGP_KEYSERVER=keyserver.ubu', '/bin/sh -c set -eux; \tapt-get ', '/bin/sh -c set -eux; \t\tsavedAp', '/bin/sh -c set -eux; \t\tsavedAp']","['registry', 'alpine', 'nginx', 'ubuntu', 'python', 'redis', 'node', 'mongo', 'mysql', 'rabbitmq', 'debian', 'php']",[],[],3,97.325,0,0,0
EdgeServer_6,25,6,"[6, 2]",True,12,16384,131072,0,0,0,0,[],[],[],[],[],[],3,63.1,0,0,0
EdgeServer_7,25,7,"[4, 100]",True,9999,9999999,99999999,0,0,0,0,[],[],[],[],[],[],30,200.0,0,0,0
EdgeServer_1,26,1,"[0, 0]",False,8,16384,131072,4,4096,2,2,[],[],['ADD file:5d673d25da3a14ce1f6cf'],['alpine'],[],[],3,0.0,1,4,12288
EdgeServer_2,26,2,"[0, 2]",False,8,16384,131072,8,8192,2,1,[2],[],['ADD file:5d673d25da3a14ce1f6cf'],['alpine'],[],[],3,0.0,0,0,0
EdgeServer_3,26,3,"[6, 0]",True,8,8192,131072,4,4096,2,1,[1],[],['ADD file:5d673d25da3a14ce1f6cf'],['alpine'],[],[],3,142.4957,0,0,0
EdgeServer_4,26,4,"[1, 3]",False,8,8192,131072,0,0,0,0,[],[],[],[],[],[],3,0.0,0,0,0
EdgeServer_5,26,5,"[7, 1]",True,12,16384,131072,1,1024,1017,0,[],[1],"['ADD file:5d673d25da3a14ce1f6cf', '/bin/sh -c set -eux; \tversion=', 'ADD file:966d3669b40f5fbaecee1', '/bin/sh -c set -x     && addgr', 'ADD file:b83df51ab7caf8a4dc35f', 'ADD file:e8d512b08fe2ddc6f2c85', '/bin/sh -c set -eux; \tapt-get ', '/bin/sh -c set -ex; \tif ! comm', '/bin/sh -c apt-get update && a', '/bin/sh -c set -ex; \tapt-get u', '/bin/sh -c set -eux; \tapt-get ', '/bin/sh -c set -eux; \t\twget -O', '/bin/sh -c set -eux; \t\twget -O', '/bin/sh -c set -eux; \tsavedApt', '/bin/sh -c set -eux; \t\tsavedAp', '/bin/sh -c ARCH= && dpkgArch=""', '/bin/sh -c set -ex   && for ke', '/bin/sh -c set -eux; \tapt-get ', '/bin/sh -c set -ex; \t\tsavedApt', '/bin/sh -c set -x \t&& export D', 'ADD file:59187422476c57db46e60', '/bin/sh -c apt-get update && a', '/bin/sh -c set -eux; \tsavedApt', '/bin/sh -c set -eux; \tapt-get ', '/bin/sh -c { \t\techo mysql-comm', '|1 PGP_KEYSERVER=keyserver.ubu', '|1 PGP_KEYSERVER=keyserver.ubu', '/bin/sh -c set -eux; \tapt-get ', '/bin/sh -c set -eux; \t\tsavedAp', '/bin/sh -c set -eux; \t\tsavedAp']","['registry', 'alpine', 'nginx', 'ubuntu', 'python', 'redis', 'node', 'mongo', 'mysql', 'rabbitmq', 'debian', 'php']",[],[],3,74.50833333333334,0,0,0
EdgeServer_6,26,6,"[6, 2]",True,12,16384,131072,0,0,0,0,[],[],[],[],[],[],3,63.1,0,0,0
EdgeServer_7,26,7,"[4, 100]",True,9999,9999999,99999999,0,0,0,0,[],[],[],[],[],[],30,200.0,0,0,0
EdgeServer_1,27,1,"[0, 0]",False,8,16384,131072,8,8192,2,2,[2],[],['ADD file:5d673d25da3a14ce1f6cf'],['alpine'],[],[],3,0.0,0,0,0
EdgeServer_2,27,2,"[0, 2]",False,8,16384,131072,4,4096,2,1,[],[],['ADD file:5d673d25da3a14ce1f6cf'],['alpine'],[],[],3,0.0,0,0,0
EdgeServer_3,27,3,"[6, 0]",True,8,8192,131072,2,2048,2,1,[],[],['ADD file:5d673d25da3a14ce1f6cf'],['alpine'],[],[],3,104.74355,0,0,0
EdgeServer_4,27,4,"[1, 3]",False,8,8192,131072,0,0,0,0,[],[],[],[],[],[],3,0.0,0,0,0
EdgeServer_5,27,5,"[7, 1]",True,12,16384,131072,3,3072,1017,0,[1],[1],"['ADD file:5d673d25da3a14ce1f6cf', '/bin/sh -c set -eux; \tversion=', 'ADD file:966d3669b40f5fbaecee1', '/bin/sh -c set -x     && addgr', 'ADD file:b83df51ab7caf8a4dc35f', 'ADD file:e8d512b08fe2ddc6f2c85', '/bin/sh -c set -eux; \tapt-get ', '/bin/sh -c set -ex; \tif ! comm', '/bin/sh -c apt-get update && a', '/bin/sh -c set -ex; \tapt-get u', '/bin/sh -c set -eux; \tapt-get ', '/bin/sh -c set -eux; \t\twget -O', '/bin/sh -c set -eux; \t\twget -O', '/bin/sh -c set -eux; \tsavedApt', '/bin/sh -c set -eux; \t\tsavedAp', '/bin/sh -c ARCH= && dpkgArch=""', '/bin/sh -c set -ex   && for ke', '/bin/sh -c set -eux; \tapt-get ', '/bin/sh -c set -ex; \t\tsavedApt', '/bin/sh -c set -x \t&& export D', 'ADD file:59187422476c57db46e60', '/bin/sh -c apt-get update && a', '/bin/sh -c set -eux; \tsavedApt', '/bin/sh -c set -eux; \tapt-get ', '/bin/sh -c { \t\techo mysql-comm', '|1 PGP_KEYSERVER=keyserver.ubu', '|1 PGP_KEYSERVER=keyserver.ubu', '/bin/sh -c set -eux; \tapt-get ', '/bin/sh -c set -eux; \t\tsavedAp', '/bin/sh -c set -eux; \t\tsavedAp']","['registry', 'alpine', 'nginx', 'ubuntu', 'python', 'redis', 'node', 'mongo', 'mysql', 'rabbitmq', 'debian', 'php']",[],[],3,97.325,0,0,0
EdgeServer_6,27,6,"[6, 2]",True,12,16384,131072,0,0,0,0,[],[],[],[],[],[],3,63.1,0,0,0
EdgeServer_7,27,7,"[4, 100]",True,9999,9999999,99999999,0,0,0,0,[],[],[],[],[],[],30,200.0,0,0,0
EdgeServer_1,28,1,"[0, 0]",False,8,16384,131072,4,4096,2,2,[],[],['ADD file:5d673d25da3a14ce1f6cf'],['alpine'],[],[],3,0.0,1,4,12288
EdgeServer_2,28,2,"[0, 2]",False,8,16384,131072,8,8192,2,1,[2],[],['ADD file:5d673d25da3a14ce1f6cf'],['alpine'],[],[],3,0.0,0,0,0
EdgeServer_3,28,3,"[6, 0]",True,8,8192,131072,4,4096,2,1,[1],[],['ADD file:5d673d25da3a14ce1f6cf'],['alpine'],[],[],3,142.4957,0,0,0
EdgeServer_4,28,4,"[1, 3]",False,8,8192,131072,0,0,0,0,[],[],[],[],[],[],3,0.0,0,0,0
EdgeServer_5,28,5,"[7, 1]",True,12,16384,131072,1,1024,1017,0,[],[1],"['ADD file:5d673d25da3a14ce1f6cf', '/bin/sh -c set -eux; \tversion=', 'ADD file:966d3669b40f5fbaecee1', '/bin/sh -c set -x     && addgr', 'ADD file:b83df51ab7caf8a4dc35f', 'ADD file:e8d512b08fe2ddc6f2c85', '/bin/sh -c set -eux; \tapt-get ', '/bin/sh -c set -ex; \tif ! comm', '/bin/sh -c apt-get update && a', '/bin/sh -c set -ex; \tapt-get u', '/bin/sh -c set -eux; \tapt-get ', '/bin/sh -c set -eux; \t\twget -O', '/bin/sh -c set -eux; \t\twget -O', '/bin/sh -c set -eux; \tsavedApt', '/bin/sh -c set -eux; \t\tsavedAp', '/bin/sh -c ARCH= && dpkgArch=""', '/bin/sh -c set -ex   && for ke', '/bin/sh -c set -eux; \tapt-get ', '/bin/sh -c set -ex; \t\tsavedApt', '/bin/sh -c set -x \t&& export D', 'ADD file:59187422476c57db46e60', '/bin/sh -c apt-get update && a', '/bin/sh -c set -eux; \tsavedApt', '/bin/sh -c set -eux; \tapt-get ', '/bin/sh -c { \t\techo mysql-comm', '|1 PGP_KEYSERVER=keyserver.ubu', '|1 PGP_KEYSERVER=keyserver.ubu', '/bin/sh -c set -eux; \tapt-get ', '/bin/sh -c set -eux; \t\tsavedAp', '/bin/sh -c set -eux; \t\tsavedAp']","['registry', 'alpine', 'nginx', 'ubuntu', 'python', 'redis', 'node', 'mongo', 'mysql', 'rabbitmq', 'debian', 'php']",[],[],3,74.50833333333334,0,0,0
EdgeServer_6,28,6,"[6, 2]",True,12,16384,131072,0,0,0,0,[],[],[],[],[],[],3,63.1,0,0,0
EdgeServer_7,28,7,"[4, 100]",True,9999,9999999,99999999,0,0,0,0,[],[],[],[],[],[],30,200.0,0,0,0
EdgeServer_1,29,1,"[0, 0]",False,8,16384,131072,8,8192,2,2,[2],[],['ADD file:5d673d25da3a14ce1f6cf'],['alpine'],[],[],3,0.0,0,0,0
EdgeServer_2,29,2,"[0, 2]",False,8,16384,131072,4,4096,2,1,[],[],['ADD file:5d673d25da3a14ce1f6cf'],['alpine'],[],[],3,0.0,0,0,0
EdgeServer_3,29,3,"[6, 0]",True,8,8192,131072,2,2048,2,1,[],[],['ADD file:5d673d25da3a14ce1f6cf'],['alpine'],[],[],3,104.74355,0,0,0
EdgeServer_4,29,4,"[1, 3]",False,8,8192,131072,0,0,0,0,[],[],[],[],[],[],3,0.0,0,0,0
EdgeServer_5,29,5,"[7, 1]",True,12,16384,131072,3,3072,1017,0,[1],[1],"['ADD file:5d673d25da3a14ce1f6cf', '/bin/sh -c set -eux; \tversion=', 'ADD file:966d3669b40f5fbaecee1', '/bin/sh -c set -x     && addgr', 'ADD file:b83df51ab7caf8a4dc35f', 'ADD file:e8d512b08fe2ddc6f2c85', '/bin/sh -c set -eux; \tapt-get ', '/bin/sh -c set -ex; \tif ! comm', '/bin/sh -c apt-get update && a', '/bin/sh -c set -ex; \tapt-get u', '/bin/sh -c set -eux; \tapt-get ', '/bin/sh -c set -eux; \t\twget -O', '/bin/sh -c set -eux; \t\twget -O', '/bin/sh -c set -eux; \tsavedApt', '/bin/sh -c set -eux; \t\tsavedAp', '/bin/sh -c ARCH= && dpkgArch=""', '/bin/sh -c set -ex   && for ke', '/bin/sh -c set -eux; \tapt-get ', '/bin/sh -c set -ex; \t\tsavedApt', '/bin/sh -c set -x \t&& export D', 'ADD file:59187422476c57db46e60', '/bin/sh -c apt-get update && a', '/bin/sh -c set -eux; \tsavedApt', '/bin/sh -c set -eux; \tapt-get ', '/bin/sh -c { \t\techo mysql-comm', '|1 PGP_KEYSERVER=keyserver.ubu', '|1 PGP_KEYSERVER=keyserver.ubu', '/bin/sh -c set -eux; \tapt-get ', '/bin/sh -c set -eux; \t\tsavedAp', '/bin/sh -c set -eux; \t\tsavedAp']","['registry', 'alpine', 'nginx', 'ubuntu', 'python', 'redis', 'node', 'mongo', 'mysql', 'rabbitmq', 'debian', 'php']",[],[],3,97.325,0,0,0
EdgeServer_6,29,6,"[6, 2]",True,12,16384,131072,0,0,0,0,[],[],[],[],[],[],3,63.1,0,0,0
EdgeServer_7,29,7,"[4, 100]",True,9999,9999999,99999999,0,0,0,0,[],[],[],[],[],[],30,200.0,0,0,0
EdgeServer_1,30,1,"[0, 0]",False,8,16384,131072,4,4096,2,2,[],[],['ADD file:5d673d25da3a14ce1f6cf'],['alpine'],[],[],3,0.0,1,4,12288
EdgeServer_2,30,2,"[0, 2]",False,8,16384,131072,8,8192,2,1,[2],[],['ADD file:5d673d25da3a14ce1f6cf'],['alpine'],[],[],3,0.0,0,0,0
EdgeServer_3,30,3,"[6, 0]",True,8,8192,131072,4,4096,2,1,[1],[],['ADD file:5d673d25da3a14ce1f6cf'],['alpine'],[],[],3,142.4957,0,0,0
EdgeServer_4,30,4,"[1, 3]",False,8,8192,131072,0,0,0,0,[],[],[],[],[],[],3,0.0,0,0,0
EdgeServer_5,30,5,"[7, 1]",True,12,16384,131072,1,1024,1017,0,[],[1],"['ADD file:5d673d25da3a14ce1f6cf', '/bin/sh -c set -eux; \tversion=', 'ADD file:966d3669b40f5fbaecee1', '/bin/sh -c set -x     && addgr', 'ADD file:b83df51ab7caf8a4dc35f', 'ADD file:e8d512b08fe2ddc6f2c85', '/bin/sh -c set -eux; \tapt-get ', '/bin/sh -c set -ex; \tif ! comm', '/bin/sh -c apt-get update && a', '/bin/sh -c set -ex; \tapt-get u', '/bin/sh -c set -eux; \tapt-get ', '/bin/sh -c set -eux; \t\twget -O', '/bin/sh -c set -eux; \t\twget -O', '/bin/sh -c set -eux; \tsavedApt', '/bin/sh -c set -eux; \t\tsavedAp', '/bin/sh -c ARCH= && dpkgArch=""', '/bin/sh -c set -ex   && for ke', '/bin/sh -c set -eux; \tapt-get ', '/bin/sh -c set -ex; \t\tsavedApt', '/bin/sh -c set -x \t&& export D', 'ADD file:59187422476c57db46e60', '/bin/sh -c apt-get update && a', '/bin/sh -c set -eux; \tsavedApt', '/bin/sh -c set -eux; \tapt-get ', '/bin/sh -c { \t\techo mysql-comm', '|1 PGP_KEYSERVER=keyserver.ubu', '|1 PGP_KEYSERVER=keyserver.ubu', '/bin/sh -c set -eux; \tapt-get ', '/bin/sh -c set -eux; \t\tsavedAp', '/bin/sh -c set -eux; \t\tsavedAp']","['registry', 'alpine', 'nginx', 'ubuntu', 'python', 'redis', 'node', 'mongo', 'mysql', 'rabbitmq', 'debian', 'php']",[],[],3,74.50833333333334,0,0,0
EdgeServer_6,30,6,"[6, 2]",True,12,16384,131072,0,0,0,0,[],[],[],[],[],[],3,63.1,0,0,0
EdgeServer_7,30,7,"[4, 100]",True,9999,9999999,99999999,0,0,0,0,[],[],[],[],[],[],30,200.0,0,0,0
EdgeServer_1,31,1,"[0, 0]",False,8,16384,131072,8,8192,2,2,[2],[],['ADD file:5d673d25da3a14ce1f6cf'],['alpine'],[],[],3,0.0,0,0,0
EdgeServer_2,31,2,"[0, 2]",False,8,16384,131072,4,4096,2,1,[],[],['ADD file:5d673d25da3a14ce1f6cf'],['alpine'],[],[],3,0.0,0,0,0
EdgeServer_3,31,3,"[6, 0]",True,8,8192,131072,2,2048,2,1,[],[],['ADD file:5d673d25da3a14ce1f6cf'],['alpine'],[],[],3,104.74355,0,0,0
EdgeServer_4,31,4,"[1, 3]",False,8,8192,131072,0,0,0,0,[],[],[],[],[],[],3,0.0,0,0,0
EdgeServer_5,31,5,"[7, 1]",True,12,16384,131072,3,3072,1017,0,[1],[1],"['ADD file:5d673d25da3a14ce1f6cf', '/bin/sh -c set -eux; \tversion=', 'ADD file:966d3669b40f5fbaecee1', '/bin/sh -c set -x     && addgr', 'ADD file:b83df51ab7caf8a4dc35f', 'ADD file:e8d512b08fe2ddc6f2c85', '/bin/sh -c set -eux; \tapt-get ', '/bin/sh -c set -ex; \tif ! comm', '/bin/sh -c apt-get update && a', '/bin/sh -c set -ex; \tapt-get u', '/bin/sh -c set -eux; \tapt-get ', '/bin/sh -c set -eux; \t\twget -O', '/bin/sh -c set -eux; \t\twget -O', '/bin/sh -c set -eux; \tsavedApt', '/bin/sh -c set -eux; \t\tsavedAp', '/bin/sh -c ARCH= && dpkgArch=""', '/bin/sh -c set -ex   && for ke', '/bin/sh -c set -eux; \tapt-get ', '/bin/sh -c set -ex; \t\tsavedApt', '/bin/sh -c set -x \t&& export D', 'ADD file:59187422476c57db46e60', '/bin/sh -c apt-get update && a', '/bin/sh -c set -eux; \tsavedApt', '/bin/sh -c set -eux; \tapt-get ', '/bin/sh -c { \t\techo mysql-comm', '|1 PGP_KEYSERVER=keyserver.ubu', '|1 PGP_KEYSERVER=keyserver.ubu', '/bin/sh -c set -eux; \tapt-get ', '/bin/sh -c set -eux; \t\tsavedAp', '/bin/sh -c set -eux; \t\tsavedAp']","['registry', 'alpine', 'nginx', 'ubuntu', 'python', 'redis', 'node', 'mongo', 'mysql', 'rabbitmq', 'debian', 'php']",[],[],3,97.325,0,0,0
EdgeServer_6,31,6,"[6, 2]",True,12,16384,131072,0,0,0,0,[],[],[],[],[],[],3,63.1,0,0,0
EdgeServer_7,31,7,"[4, 100]",True,9999,9999999,99999999,0,0,0,0,[],[],[],[],[],[],30,200.0,0,0,0
EdgeServer_1,32,1,"[0, 0]",False,8,16384,131072,4,4096,2,2,[],[],['ADD file:5d673d25da3a14ce1f6cf'],['alpine'],[],[],3,0.0,1,4,12288
EdgeServer_2,32,2,"[0, 2]",False,8,16384,131072,8,8192,2,1,[2],[],['ADD file:5d673d25da3a14ce1f6cf'],['alpine'],[],[],3,0.0,0,0,0
EdgeServer_3,32,3,"[6, 0]",True,8,8192,131072,4,4096,2,1,[1],[],['ADD file:5d673d25da3a14ce1f6cf'],['alpine'],[],[],3,142.4957,0,0,0
EdgeServer_4,32,4,"[1, 3]",False,8,8192,131072,0,0,0,0,[],[],[],[],[],[],3,0.0,0,0,0
EdgeServer_5,32,5,"[7, 1]",True,12,16384,131072,1,1024,1017,0,[],[1],"['ADD file:5d673d25da3a14ce1f6cf', '/bin/sh -c set -eux; \tversion=', 'ADD file:966d3669b40f5fbaecee1', '/bin/sh -c set -x     && addgr', 'ADD file:b83df51ab7caf8a4dc35f', 'ADD file:e8d512b08fe2ddc6f2c85', '/bin/sh -c set -eux; \tapt-get ', '/bin/sh -c set -ex; \tif ! comm', '/bin/sh -c apt-get update && a', '/bin/sh -c set -ex; \tapt-get u', '/bin/sh -c set -eux; \tapt-get ', '/bin/sh -c set -eux; \t\twget -O', '/bin/sh -c set -eux; \t\twget -O', '/bin/sh -c set -eux; \tsavedApt', '/bin/sh -c set -eux; \t\tsavedAp', '/bin/sh -c ARCH= && dpkgArch=""', '/bin/sh -c set -ex   && for ke', '/bin/sh -c set -eux; \tapt-get ', '/bin/sh -c set -ex; \t\tsavedApt', '/bin/sh -c set -x \t&& export D', 'ADD file:59187422476c57db46e60', '/bin/sh -c apt-get update && a', '/bin/sh -c set -eux; \tsavedApt', '/bin/sh -c set -eux; \tapt-get ', '/bin/sh -c { \t\techo mysql-comm', '|1 PGP_KEYSERVER=keyserver.ubu', '|1 PGP_KEYSERVER=keyserver.ubu', '/bin/sh -c set -eux; \tapt-get ', '/bin/sh -c set -eux; \t\tsavedAp', '/bin/sh -c set -eux; \t\tsavedAp']","['registry', 'alpine', 'nginx', 'ubuntu', 'python', 'redis', 'node', 'mongo', 'mysql', 'rabbitmq', 'debian', 'php']",[],[],3,74.50833333333334,0,0,0
EdgeServer_6,32,6,"[6, 2]",True,12,16384,131072,0,0,0,0,[],[],[],[],[],[],3,63.1,0,0,0
EdgeServer_7,32,7,"[4, 100]",True,9999,9999999,99999999,0,0,0,0,[],[],[],[],[],[],30,200.0,0,0,0
EdgeServer_1,33,1,"[0, 0]",False,8,16384,131072,8,8192,2,2,[2],[],['ADD file:5d673d25da3a14ce1f6cf'],['alpine'],[],[],3,0.0,0,0,0
EdgeServer_2,33,2,"[0, 2]",False,8,16384,131072,4,4096,2,1,[],[],['ADD file:5d673d25da3a14ce1f6cf'],['alpine'],[],[],3,0.0,0,0,0
EdgeServer_3,33,3,"[6, 0]",True,8,8192,131072,2,2048,2,1,[],[],['ADD file:5d673d25da3a14ce1f6cf'],['alpine'],[],[],3,104.74355,0,0,0
EdgeServer_4,33,4,"[1, 3]",False,8,8192,131072,0,0,0,0,[],[],[],[],[],[],3,0.0,0,0,0
EdgeServer_5,33,5,"[7, 1]",True,12,16384,131072,3,3072,1017,0,[1],[1],"['ADD file:5d673d25da3a14ce1f6cf', '/bin/sh -c set -eux; \tversion=', 'ADD file:966d3669b40f5fbaecee1', '/bin/sh -c set -x     && addgr', 'ADD file:b83df51ab7caf8a4dc35f', 'ADD file:e8d512b08fe2ddc6f2c85', '/bin/sh -c set -eux; \tapt-get ', '/bin/sh -c set -ex; \tif ! comm', '/bin/sh -c apt-get update && a', '/bin/sh -c set -ex; \tapt-get u', '/bin/sh -c set -eux; \tapt-get ', '/bin/sh -c set -eux; \t\twget -O', '/bin/sh -c set -eux; \t\twget -O', '/bin/sh -c set -eux; \tsavedApt', '/bin/sh -c set -eux; \t\tsavedAp', '/bin/sh -c ARCH= && dpkgArch=""', '/bin/sh -c set -ex   && for ke', '/bin/sh -c set -eux; \tapt-get ', '/bin/sh -c set -ex; \t\tsavedApt', '/bin/sh -c set -x \t&& export D', 'ADD file:59187422476c57db46e60', '/bin/sh -c apt-get update && a', '/bin/sh -c set -eux; \tsavedApt', '/bin/sh -c set -eux; \tapt-get ', '/bin/sh -c { \t\techo mysql-comm', '|1 PGP_KEYSERVER=keyserver.ubu', '|1 PGP_KEYSERVER=keyserver.ubu', '/bin/sh -c set -eux; \tapt-get ', '/bin/sh -c set -eux; \t\tsavedAp', '/bin/sh -c set -eux; \t\tsavedAp']","['registry', 'alpine', 'nginx', 'ubuntu', 'python', 'redis', 'node', 'mongo', 'mysql', 'rabbitmq', 'debian', 'php']",[],[],3,97.325,0,0,0
EdgeServer_6,33,6,"[6, 2]",True,12,16384,131072,0,0,0,0,[],[],[],[],[],[],3,63.1,0,0,0
EdgeServer_7,33,7,"[4, 100]",True,9999,9999999,99999999,0,0,0,0,[],[],[],[],[],[],30,200.0,0,0,0
EdgeServer_1,34,1,"[0, 0]",False,8,16384,131072,4,4096,2,2,[],[],['ADD file:5d673d25da3a14ce1f6cf'],['alpine'],[],[],3,0.0,1,4,12288
EdgeServer_2,34,2,"[0, 2]",False,8,16384,131072,8,8192,2,1,[2],[],['ADD file:5d673d25da3a14ce1f6cf'],['alpine'],[],[],3,0.0,0,0,0
EdgeServer_3,34,3,"[6, 0]",True,8,8192,131072,4,4096,2,1,[1],[],['ADD file:5d673d25da3a14ce1f6cf'],['alpine'],[],[],3,142.4957,0,0,0
EdgeServer_4,34,4,"[1, 3]",False,8,8192,131072,0,0,0,0,[],[],[],[],[],[],3,0.0,0,0,0
EdgeServer_5,34,5,"[7, 1]",True,12,16384,131072,1,1024,1017,0,[],[1],"['ADD file:5d673d25da3a14ce1f6cf', '/bin/sh -c set -eux; \tversion=', 'ADD file:966d3669b40f5fbaecee1', '/bin/sh -c set -x     && addgr', 'ADD file:b83df51ab7caf8a4dc35f', 'ADD file:e8d512b08fe2ddc6f2c85', '/bin/sh -c set -eux; \tapt-get ', '/bin/sh -c set -ex; \tif ! comm', '/bin/sh -c apt-get update && a', '/bin/sh -c set -ex; \tapt-get u', '/bin/sh -c set -eux; \tapt-get ', '/bin/sh -c set -eux; \t\twget -O', '/bin/sh -c set -eux; \t\twget -O', '/bin/sh -c set -eux; \tsavedApt', '/bin/sh -c set -eux; \t\tsavedAp', '/bin/sh -c ARCH= && dpkgArch=""', '/bin/sh -c set -ex   && for ke', '/bin/sh -c set -eux; \tapt-get ', '/bin/sh -c set -ex; \t\tsavedApt', '/bin/sh -c set -x \t&& export D', 'ADD file:59187422476c57db46e60', '/bin/sh -c apt-get update && a', '/bin/sh -c set -eux; \tsavedApt', '/bin/sh -c set -eux; \tapt-get ', '/bin/sh -c { \t\techo mysql-comm', '|1 PGP_KEYSERVER=keyserver.ubu', '|1 PGP_KEYSERVER=keyserver.ubu', '/bin/sh -c set -eux; \tapt-get ', '/bin/sh -c set -eux; \t\tsavedAp', '/bin/sh -c set -eux; \t\tsavedAp']","['registry', 'alpine', 'nginx', 'ubuntu', 'python', 'redis', 'node', 'mongo', 'mysql', 'rabbitmq', 'debian', 'php']",[],[],3,74.50833333333334,0,0,0
EdgeServer_6,34,6,"[6, 2]",True,12,16384,131072,0,0,0,0,[],[],[],[],[],[],3,63.1,0,0,0
EdgeServer_7,34,7,"[4, 100]",True,9999,9999999,99999999,0,0,0,0,[],[],[],[],[],[],30,200.0,0,0,0
EdgeServer_1,35,1,"[0, 0]",False,8,16384,131072,8,8192,2,2,[2],[],['ADD file:5d673d25da3a14ce1f6cf'],['alpine'],[],[],3,0.0,0,0,0
EdgeServer_2,35,2,"[0, 2]",False,8,16384,131072,4,4096,2,1,[],[],['ADD file:5d673d25da3a14ce1f6cf'],['alpine'],[],[],3,0.0,0,0,0
EdgeServer_3,35,3,"[6, 0]",True,8,8192,131072,2,2048,2,1,[],[],['ADD file:5d673d25da3a14ce1f6cf'],['alpine'],[],[],3,104.74355,0,0,0
EdgeServer_4,35,4,"[1, 3]",False,8,8192,131072,0,0,0,0,[],[],[],[],[],[],3,0.0,0,0,0
EdgeServer_5,35,5,"[7, 1]",True,12,16384,131072,3,3072,1017,0,[1],[1],"['ADD file:5d673d25da3a14ce1f6cf', '/bin/sh -c set -eux; \tversion=', 'ADD file:966d3669b40f5fbaecee1', '/bin/sh -c set -x     && addgr', 'ADD file:b83df51ab7caf8a4dc35f', 'ADD file:e8d512b08fe2ddc6f2c85', '/bin/sh -c set -eux; \tapt-get ', '/bin/sh -c set -ex; \tif ! comm', '/bin/sh -c apt-get update && a', '/bin/sh -c set -ex; \tapt-get u', '/bin/sh -c set -eux; \tapt-get ', '/bin/sh -c set -eux; \t\twget -O', '/bin/sh -c set -eux; \t\twget -O', '/bin/sh -c set -eux; \tsavedApt', '/bin/sh -c set -eux; \t\tsavedAp', '/bin/sh -c ARCH= && dpkgArch=""', '/bin/sh -c set -ex   && for ke', '/bin/sh -c set -eux; \tapt-get ', '/bin/sh -c set -ex; \t\tsavedApt', '/bin/sh -c set -x \t&& export D', 'ADD file:59187422476c57db46e60', '/bin/sh -c apt-get update && a', '/bin/sh -c set -eux; \tsavedApt', '/bin/sh -c set -eux; \tapt-get ', '/bin/sh -c { \t\techo mysql-comm', '|1 PGP_KEYSERVER=keyserver.ubu', '|1 PGP_KEYSERVER=keyserver.ubu', '/bin/sh -c set -eux; \tapt-get ', '/bin/sh -c set -eux; \t\tsavedAp', '/bin/sh -c set -eux; \t\tsavedAp']","['registry', 'alpine', 'nginx', 'ubuntu', 'python', 'redis', 'node', 'mongo', 'mysql', 'rabbitmq', 'debian', 'php']",[],[],3,97.325,0,0,0
EdgeServer_6,35,6,"[6, 2]",True,12,16384,131072,0,0,0,0,[],[],[],[],[],[],3,63.1,0,0,0
EdgeServer_7,35,7,"[4, 100]",True,9999,9999999,99999999,0,0,0,0,[],[],[],[],[],[],30,200.0,0,0,0
EdgeServer_1,36,1,"[0, 0]",False,8,16384,131072,4,4096,2,2,[],[],['ADD file:5d673d25da3a14ce1f6cf'],['alpine'],[],[],3,0.0,1,4,12288
EdgeServer_2,36,2,"[0, 2]",False,8,16384,131072,8,8192,2,1,[2],[],['ADD file:5d673d25da3a14ce1f6cf'],['alpine'],[],[],3,0.0,0,0,0
EdgeServer_3,36,3,"[6, 0]",True,8,8192,131072,4,4096,2,1,[1],[],['ADD file:5d673d25da3a14ce1f6cf'],['alpine'],[],[],3,142.4957,0,0,0
EdgeServer_4,36,4,"[1, 3]",False,8,8192,131072,0,0,0,0,[],[],[],[],[],[],3,0.0,0,0,0
EdgeServer_5,36,5,"[7, 1]",True,12,16384,131072,1,1024,1017,0,[],[1],"['ADD file:5d673d25da3a14ce1f6cf', '/bin/sh -c set -eux; \tversion=', 'ADD file:966d3669b40f5fbaecee1', '/bin/sh -c set -x     && addgr', 'ADD file:b83df51ab7caf8a4dc35f', 'ADD file:e8d512b08fe2ddc6f2c85', '/bin/sh -c set -eux; \tapt-get ', '/bin/sh -c set -ex; \tif ! comm', '/bin/sh -c apt-get update && a', '/bin/sh -c set -ex; \tapt-get u', '/bin/sh -c set -eux; \tapt-get ', '/bin/sh -c set -eux; \t\twget -O', '/bin/sh -c set -eux; \t\twget -O', '/bin/sh -c set -eux; \tsavedApt', '/bin/sh -c set -eux; \t\tsavedAp', '/bin/sh -c ARCH= && dpkgArch=""', '/bin/sh -c set -ex   && for ke', '/bin/sh -c set -eux; \tapt-get ', '/bin/sh -c set -ex; \t\tsavedApt', '/bin/sh -c set -x \t&& export D', 'ADD file:59187422476c57db46e60', '/bin/sh -c apt-get update && a', '/bin/sh -c set -eux; \tsavedApt', '/bin/sh -c set -eux; \tapt-get ', '/bin/sh -c { \t\techo mysql-comm', '|1 PGP_KEYSERVER=keyserver.ubu', '|1 PGP_KEYSERVER=keyserver.ubu', '/bin/sh -c set -eux; \tapt-get ', '/bin/sh -c set -eux; \t\tsavedAp', '/bin/sh -c set -eux; \t\tsavedAp']","['registry', 'alpine', 'nginx', 'ubuntu', 'python', 'redis', 'node', 'mongo', 'mysql', 'rabbitmq', 'debian', 'php']",[],[],3,74.50833333333334,0,0,0
EdgeServer_6,36,6,"[6, 2]",True,12,16384,131072,0,0,0,0,[],[],[],[],[],[],3,63.1,0,0,0
EdgeServer_7,36,7,"[4, 100]",True,9999,9999999,99999999,0,0,0,0,[],[],[],[],[],[],30,200.0,0,0,0
EdgeServer_1,37,1,"[0, 0]",False,8,16384,131072,8,8192,2,2,[2],[],['ADD file:5d673d25da3a14ce1f6cf'],['alpine'],[],[],3,0.0,0,0,0
EdgeServer_2,37,2,"[0, 2]",False,8,16384,131072,4,4096,2,1,[],[],['ADD file:5d673d25da3a14ce1f6cf'],['alpine'],[],[],3,0.0,0,0,0
EdgeServer_3,37,3,"[6, 0]",True,8,8192,131072,2,2048,2,1,[],[],['ADD file:5d673d25da3a14ce1f6cf'],['alpine'],[],[],3,104.74355,0,0,0
EdgeServer_4,37,4,"[1, 3]",False,8,8192,131072,0,0,0,0,[],[],[],[],[],[],3,0.0,0,0,0
EdgeServer_5,37,5,"[7, 1]",True,12,16384,131072,3,3072,1017,0,[1],[1],"['ADD file:5d673d25da3a14ce1f6cf', '/bin/sh -c set -eux; \tversion=', 'ADD file:966d3669b40f5fbaecee1', '/bin/sh -c set -x     && addgr', 'ADD file:b83df51ab7caf8a4dc35f', 'ADD file:e8d512b08fe2ddc6f2c85', '/bin/sh -c set -eux; \tapt-get ', '/bin/sh -c set -ex; \tif ! comm', '/bin/sh -c apt-get update && a', '/bin/sh -c set -ex; \tapt-get u', '/bin/sh -c set -eux; \tapt-get ', '/bin/sh -c set -eux; \t\twget -O', '/bin/sh -c set -eux; \t\twget -O', '/bin/sh -c set -eux; \tsavedApt', '/bin/sh -c set -eux; \t\tsavedAp', '/bin/sh -c ARCH= && dpkgArch=""', '/bin/sh -c set -ex   && for ke', '/bin/sh -c set -eux; \tapt-get ', '/bin/sh -c set -ex; \t\tsavedApt', '/bin/sh -c set -x \t&& export D', 'ADD file:59187422476c57db46e60', '/bin/sh -c apt-get update && a', '/bin/sh -c set -eux; \tsavedApt', '/bin/sh -c set -eux; \tapt-get ', '/bin/sh -c { \t\techo mysql-comm', '|1 PGP_KEYSERVER=keyserver.ubu', '|1 PGP_KEYSERVER=keyserver.ubu', '/bin/sh -c set -eux; \tapt-get ', '/bin/sh -c set -eux; \t\tsavedAp', '/bin/sh -c set -eux; \t\tsavedAp']","['registry', 'alpine', 'nginx', 'ubuntu', 'python', 'redis', 'node', 'mongo', 'mysql', 'rabbitmq', 'debian', 'php']",[],[],3,97.325,0,0,0
EdgeServer_6,37,6,"[6, 2]",True,12,16384,131072,0,0,0,0,[],[],[],[],[],[],3,63.1,0,0,0
EdgeServer_7,37,7,"[4, 100]",True,9999,9999999,99999999,0,0,0,0,[],[],[],[],[],[],30,200.0,0,0,0
EdgeServer_1,38,1,"[0, 0]",False,8,16384,131072,4,4096,2,2,[],[],['ADD file:5d673d25da3a14ce1f6cf'],['alpine'],[],[],3,0.0,1,4,12288
EdgeServer_2,38,2,"[0, 2]",False,8,16384,131072,8,8192,2,1,[2],[],['ADD file:5d673d25da3a14ce1f6cf'],['alpine'],[],[],3,0.0,0,0,0
EdgeServer_3,38,3,"[6, 0]",True,8,8192,131072,4,4096,2,1,[1],[],['ADD file:5d673d25da3a14ce1f6cf'],['alpine'],[],[],3,142.4957,0,0,0
EdgeServer_4,38,4,"[1, 3]",False,8,8192,131072,0,0,0,0,[],[],[],[],[],[],3,0.0,0,0,0
EdgeServer_5,38,5,"[7, 1]",True,12,16384,131072,1,1024,1017,0,[],[1],"['ADD file:5d673d25da3a14ce1f6cf', '/bin/sh -c set -eux; \tversion=', 'ADD file:966d3669b40f5fbaecee1', '/bin/sh -c set -x     && addgr', 'ADD file:b83df51ab7caf8a4dc35f', 'ADD file:e8d512b08fe2ddc6f2c85', '/bin/sh -c set -eux; \tapt-get ', '/bin/sh -c set -ex; \tif ! comm', '/bin/sh -c apt-get update && a', '/bin/sh -c set -ex; \tapt-get u', '/bin/sh -c set -eux; \tapt-get ', '/bin/sh -c set -eux; \t\twget -O', '/bin/sh -c set -eux; \t\twget -O', '/bin/sh -c set -eux; \tsavedApt', '/bin/sh -c set -eux; \t\tsavedAp', '/bin/sh -c ARCH= && dpkgArch=""', '/bin/sh -c set -ex   && for ke', '/bin/sh -c set -eux; \tapt-get ', '/bin/sh -c set -ex; \t\tsavedApt', '/bin/sh -c set -x \t&& export D', 'ADD file:59187422476c57db46e60', '/bin/sh -c apt-get update && a', '/bin/sh -c set -eux; \tsavedApt', '/bin/sh -c set -eux; \tapt-get ', '/bin/sh -c { \t\techo mysql-comm', '|1 PGP_KEYSERVER=keyserver.ubu', '|1 PGP_KEYSERVER=keyserver.ubu', '/bin/sh -c set -eux; \tapt-get ', '/bin/sh -c set -eux; \t\tsavedAp', '/bin/sh -c set -eux; \t\tsavedAp']","['registry', 'alpine', 'nginx', 'ubuntu', 'python', 'redis', 'node', 'mongo', 'mysql', 'rabbitmq', 'debian', 'php']",[],[],3,74.50833333333334,0,0,0
EdgeServer_6,38,6,"[6, 2]",True,12,16384,131072,0,0,0,0,[],[],[],[],[],[],3,63.1,0,0,0
EdgeServer_7,38,7,"[4, 100]",True,9999,9999999,99999999,0,0,0,0,[],[],[],[],[],[],30,200.0,0,0,0
EdgeServer_1,39,1,"[0, 0]",False,8,16384,131072,8,8192,2,2,[2],[],['ADD file:5d673d25da3a14ce1f6cf'],['alpine'],[],[],3,0.0,0,0,0
EdgeServer_2,39,2,"[0, 2]",False,8,16384,131072,4,4096,2,1,[],[],['ADD file:5d673d25da3a14ce1f6cf'],['alpine'],[],[],3,0.0,0,0,0
EdgeServer_3,39,3,"[6, 0]",True,8,8192,131072,2,2048,2,1,[],[],['ADD file:5d673d25da3a14ce1f6cf'],['alpine'],[],[],3,104.74355,0,0,0
EdgeServer_4,39,4,"[1, 3]",False,8,8192,131072,0,0,0,0,[],[],[],[],[],[],3,0.0,0,0,0
EdgeServer_5,39,5,"[7, 1]",True,12,16384,131072,3,3072,1017,0,[1],[1],"['ADD file:5d673d25da3a14ce1f6cf', '/bin/sh -c set -eux; \tversion=', 'ADD file:966d3669b40f5fbaecee1', '/bin/sh -c set -x     && addgr', 'ADD file:b83df51ab7caf8a4dc35f', 'ADD file:e8d512b08fe2ddc6f2c85', '/bin/sh -c set -eux; \tapt-get ', '/bin/sh -c set -ex; \tif ! comm', '/bin/sh -c apt-get update && a', '/bin/sh -c set -ex; \tapt-get u', '/bin/sh -c set -eux; \tapt-get ', '/bin/sh -c set -eux; \t\twget -O', '/bin/sh -c set -eux; \t\twget -O', '/bin/sh -c set -eux; \tsavedApt', '/bin/sh -c set -eux; \t\tsavedAp', '/bin/sh -c ARCH= && dpkgArch=""', '/bin/sh -c set -ex   && for ke', '/bin/sh -c set -eux; \tapt-get ', '/bin/sh -c set -ex; \t\tsavedApt', '/bin/sh -c set -x \t&& export D', 'ADD file:59187422476c57db46e60', '/bin/sh -c apt-get update && a', '/bin/sh -c set -eux; \tsavedApt', '/bin/sh -c set -eux; \tapt-get ', '/bin/sh -c { \t\techo mysql-comm', '|1 PGP_KEYSERVER=keyserver.ubu', '|1 PGP_KEYSERVER=keyserver.ubu', '/bin/sh -c set -eux; \tapt-get ', '/bin/sh -c set -eux; \t\tsavedAp', '/bin/sh -c set -eux; \t\tsavedAp']","['registry', 'alpine', 'nginx', 'ubuntu', 'python', 'redis', 'node', 'mongo', 'mysql', 'rabbitmq', 'debian', 'php']",[],[],3,97.325,0,0,0
EdgeServer_6,39,6,"[6, 2]",True,12,16384,131072,0,0,0,0,[],[],[],[],[],[],3,63.1,0,0,0
EdgeServer_7,39,7,"[4, 100]",True,9999,9999999,99999999,0,0,0,0,[],[],[],[],[],[],30,200.0,0,0,0
EdgeServer_1,40,1,"[0, 0]",False,8,16384,131072,4,4096,2,2,[],[],['ADD file:5d673d25da3a14ce1f6cf'],['alpine'],[],[],3,0.0,1,4,12288
EdgeServer_2,40,2,"[0, 2]",False,8,16384,131072,8,8192,2,1,[2],[],['ADD file:5d673d25da3a14ce1f6cf'],['alpine'],[],[],3,0.0,0,0,0
EdgeServer_3,40,3,"[6, 0]",True,8,8192,131072,4,4096,2,1,[1],[],['ADD file:5d673d25da3a14ce1f6cf'],['alpine'],[],[],3,142.4957,0,0,0
EdgeServer_4,40,4,"[1, 3]",False,8,8192,131072,0,0,0,0,[],[],[],[],[],[],3,0.0,0,0,0
EdgeServer_5,40,5,"[7, 1]",True,12,16384,131072,1,1024,1017,0,[],[1],"['ADD file:5d673d25da3a14ce1f6cf', '/bin/sh -c set -eux; \tversion=', 'ADD file:966d3669b40f5fbaecee1', '/bin/sh -c set -x     && addgr', 'ADD file:b83df51ab7caf8a4dc35f', 'ADD file:e8d512b08fe2ddc6f2c85', '/bin/sh -c set -eux; \tapt-get ', '/bin/sh -c set -ex; \tif ! comm', '/bin/sh -c apt-get update && a', '/bin/sh -c set -ex; \tapt-get u', '/bin/sh -c set -eux; \tapt-get ', '/bin/sh -c set -eux; \t\twget -O', '/bin/sh -c set -eux; \t\twget -O', '/bin/sh -c set -eux; \tsavedApt', '/bin/sh -c set -eux; \t\tsavedAp', '/bin/sh -c ARCH= && dpkgArch=""', '/bin/sh -c set -ex   && for ke', '/bin/sh -c set -eux; \tapt-get ', '/bin/sh -c set -ex; \t\tsavedApt', '/bin/sh -c set -x \t&& export D', 'ADD file:59187422476c57db46e60', '/bin/sh -c apt-get update && a', '/bin/sh -c set -eux; \tsavedApt', '/bin/sh -c set -eux; \tapt-get ', '/bin/sh -c { \t\techo mysql-comm', '|1 PGP_KEYSERVER=keyserver.ubu', '|1 PGP_KEYSERVER=keyserver.ubu', '/bin/sh -c set -eux; \tapt-get ', '/bin/sh -c set -eux; \t\tsavedAp', '/bin/sh -c set -eux; \t\tsavedAp']","['registry', 'alpine', 'nginx', 'ubuntu', 'python', 'redis', 'node', 'mongo', 'mysql', 'rabbitmq', 'debian', 'php']",[],[],3,74.50833333333334,0,0,0
EdgeServer_6,40,6,"[6, 2]",True,12,16384,131072,0,0,0,0,[],[],[],[],[],[],3,63.1,0,0,0
EdgeServer_7,40,7,"[4, 100]",True,9999,9999999,99999999,0,0,0,0,[],[],[],[],[],[],30,200.0,0,0,0
EdgeServer_1,41,1,"[0, 0]",False,8,16384,131072,8,8192,2,2,[2],[],['ADD file:5d673d25da3a14ce1f6cf'],['alpine'],[],[],3,0.0,0,0,0
EdgeServer_2,41,2,"[0, 2]",False,8,16384,131072,4,4096,2,1,[],[],['ADD file:5d673d25da3a14ce1f6cf'],['alpine'],[],[],3,0.0,0,0,0
EdgeServer_3,41,3,"[6, 0]",True,8,8192,131072,2,2048,2,1,[],[],['ADD file:5d673d25da3a14ce1f6cf'],['alpine'],[],[],3,104.74355,0,0,0
EdgeServer_4,41,4,"[1, 3]",False,8,8192,131072,0,0,0,0,[],[],[],[],[],[],3,0.0,0,0,0
EdgeServer_5,41,5,"[7, 1]",True,12,16384,131072,3,3072,1017,0,[1],[1],"['ADD file:5d673d25da3a14ce1f6cf', '/bin/sh -c set -eux; \tversion=', 'ADD file:966d3669b40f5fbaecee1', '/bin/sh -c set -x     && addgr', 'ADD file:b83df51ab7caf8a4dc35f', 'ADD file:e8d512b08fe2ddc6f2c85', '/bin/sh -c set -eux; \tapt-get ', '/bin/sh -c set -ex; \tif ! comm', '/bin/sh -c apt-get update && a', '/bin/sh -c set -ex; \tapt-get u', '/bin/sh -c set -eux; \tapt-get ', '/bin/sh -c set -eux; \t\twget -O', '/bin/sh -c set -eux; \t\twget -O', '/bin/sh -c set -eux; \tsavedApt', '/bin/sh -c set -eux; \t\tsavedAp', '/bin/sh -c ARCH= && dpkgArch=""', '/bin/sh -c set -ex   && for ke', '/bin/sh -c set -eux; \tapt-get ', '/bin/sh -c set -ex; \t\tsavedApt', '/bin/sh -c set -x \t&& export D', 'ADD file:59187422476c57db46e60', '/bin/sh -c apt-get update && a', '/bin/sh -c set -eux; \tsavedApt', '/bin/sh -c set -eux; \tapt-get ', '/bin/sh -c { \t\techo mysql-comm', '|1 PGP_KEYSERVER=keyserver.ubu', '|1 PGP_KEYSERVER=keyserver.ubu', '/bin/sh -c set -eux; \tapt-get ', '/bin/sh -c set -eux; \t\tsavedAp', '/bin/sh -c set -eux; \t\tsavedAp']","['registry', 'alpine', 'nginx', 'ubuntu', 'python', 'redis', 'node', 'mongo', 'mysql', 'rabbitmq', 'debian', 'php']",[],[],3,97.325,0,0,0
EdgeServer_6,41,6,"[6, 2]",True,12,16384,131072,0,0,0,0,[],[],[],[],[],[],3,63.1,0,0,0
EdgeServer_7,41,7,"[4, 100]",True,9999,9999999,99999999,0,0,0,0,[],[],[],[],[],[],30,200.0,0,0,0
EdgeServer_1,42,1,"[0, 0]",False,8,16384,131072,4,4096,2,2,[],[],['ADD file:5d673d25da3a14ce1f6cf'],['alpine'],[],[],3,0.0,1,4,12288
EdgeServer_2,42,2,"[0, 2]",False,8,16384,131072,8,8192,2,1,[2],[],['ADD file:5d673d25da3a14ce1f6cf'],['alpine'],[],[],3,0.0,0,0,0
EdgeServer_3,42,3,"[6, 0]",True,8,8192,131072,4,4096,2,1,[1],[],['ADD file:5d673d25da3a14ce1f6cf'],['alpine'],[],[],3,142.4957,0,0,0
EdgeServer_4,42,4,"[1, 3]",False,8,8192,131072,0,0,0,0,[],[],[],[],[],[],3,0.0,0,0,0
EdgeServer_5,42,5,"[7, 1]",True,12,16384,131072,1,1024,1017,0,[],[1],"['ADD file:5d673d25da3a14ce1f6cf', '/bin/sh -c set -eux; \tversion=', 'ADD file:966d3669b40f5fbaecee1', '/bin/sh -c set -x     && addgr', 'ADD file:b83df51ab7caf8a4dc35f', 'ADD file:e8d512b08fe2ddc6f2c85', '/bin/sh -c set -eux; \tapt-get ', '/bin/sh -c set -ex; \tif ! comm', '/bin/sh -c apt-get update && a', '/bin/sh -c set -ex; \tapt-get u', '/bin/sh -c set -eux; \tapt-get ', '/bin/sh -c set -eux; \t\twget -O', '/bin/sh -c set -eux; \t\twget -O', '/bin/sh -c set -eux; \tsavedApt', '/bin/sh -c set -eux; \t\tsavedAp', '/bin/sh -c ARCH= && dpkgArch=""', '/bin/sh -c set -ex   && for ke', '/bin/sh -c set -eux; \tapt-get ', '/bin/sh -c set -ex; \t\tsavedApt', '/bin/sh -c set -x \t&& export D', 'ADD file:59187422476c57db46e60', '/bin/sh -c apt-get update && a', '/bin/sh -c set -eux; \tsavedApt', '/bin/sh -c set -eux; \tapt-get ', '/bin/sh -c { \t\techo mysql-comm', '|1 PGP_KEYSERVER=keyserver.ubu', '|1 PGP_KEYSERVER=keyserver.ubu', '/bin/sh -c set -eux; \tapt-get ', '/bin/sh -c set -eux; \t\tsavedAp', '/bin/sh -c set -eux; \t\tsavedAp']","['registry', 'alpine', 'nginx', 'ubuntu', 'python', 'redis', 'node', 'mongo', 'mysql', 'rabbitmq', 'debian', 'php']",[],[],3,74.50833333333334,0,0,0
EdgeServer_6,42,6,"[6, 2]",True,12,16384,131072,0,0,0,0,[],[],[],[],[],[],3,63.1,0,0,0
EdgeServer_7,42,7,"[4, 100]",True,9999,9999999,99999999,0,0,0,0,[],[],[],[],[],[],30,200.0,0,0,0
EdgeServer_1,43,1,"[0, 0]",False,8,16384,131072,8,8192,2,2,[2],[],['ADD file:5d673d25da3a14ce1f6cf'],['alpine'],[],[],3,0.0,0,0,0
EdgeServer_2,43,2,"[0, 2]",False,8,16384,131072,4,4096,2,1,[],[],['ADD file:5d673d25da3a14ce1f6cf'],['alpine'],[],[],3,0.0,0,0,0
EdgeServer_3,43,3,"[6, 0]",True,8,8192,131072,2,2048,2,1,[],[],['ADD file:5d673d25da3a14ce1f6cf'],['alpine'],[],[],3,104.74355,0,0,0
EdgeServer_4,43,4,"[1, 3]",False,8,8192,131072,0,0,0,0,[],[],[],[],[],[],3,0.0,0,0,0
EdgeServer_5,43,5,"[7, 1]",True,12,16384,131072,3,3072,1017,0,[1],[1],"['ADD file:5d673d25da3a14ce1f6cf', '/bin/sh -c set -eux; \tversion=', 'ADD file:966d3669b40f5fbaecee1', '/bin/sh -c set -x     && addgr', 'ADD file:b83df51ab7caf8a4dc35f', 'ADD file:e8d512b08fe2ddc6f2c85', '/bin/sh -c set -eux; \tapt-get ', '/bin/sh -c set -ex; \tif ! comm', '/bin/sh -c apt-get update && a', '/bin/sh -c set -ex; \tapt-get u', '/bin/sh -c set -eux; \tapt-get ', '/bin/sh -c set -eux; \t\twget -O', '/bin/sh -c set -eux; \t\twget -O', '/bin/sh -c set -eux; \tsavedApt', '/bin/sh -c set -eux; \t\tsavedAp', '/bin/sh -c ARCH= && dpkgArch=""', '/bin/sh -c set -ex   && for ke', '/bin/sh -c set -eux; \tapt-get ', '/bin/sh -c set -ex; \t\tsavedApt', '/bin/sh -c set -x \t&& export D', 'ADD file:59187422476c57db46e60', '/bin/sh -c apt-get update && a', '/bin/sh -c set -eux; \tsavedApt', '/bin/sh -c set -eux; \tapt-get ', '/bin/sh -c { \t\techo mysql-comm', '|1 PGP_KEYSERVER=keyserver.ubu', '|1 PGP_KEYSERVER=keyserver.ubu', '/bin/sh -c set -eux; \tapt-get ', '/bin/sh -c set -eux; \t\tsavedAp', '/bin/sh -c set -eux; \t\tsavedAp']","['registry', 'alpine', 'nginx', 'ubuntu', 'python', 'redis', 'node', 'mongo', 'mysql', 'rabbitmq', 'debian', 'php']",[],[],3,97.325,0,0,0
EdgeServer_6,43,6,"[6, 2]",True,12,16384,131072,0,0,0,0,[],[],[],[],[],[],3,63.1,0,0,0
EdgeServer_7,43,7,"[4, 100]",True,9999,9999999,99999999,0,0,0,0,[],[],[],[],[],[],30,200.0,0,0,0
EdgeServer_1,44,1,"[0, 0]",False,8,16384,131072,4,4096,2,2,[],[],['ADD file:5d673d25da3a14ce1f6cf'],['alpine'],[],[],3,0.0,1,4,12288
EdgeServer_2,44,2,"[0, 2]",False,8,16384,131072,8,8192,2,1,[2],[],['ADD file:5d673d25da3a14ce1f6cf'],['alpine'],[],[],3,0.0,0,0,0
EdgeServer_3,44,3,"[6, 0]",True,8,8192,131072,4,4096,2,1,[1],[],['ADD file:5d673d25da3a14ce1f6cf'],['alpine'],[],[],3,142.4957,0,0,0
EdgeServer_4,44,4,"[1, 3]",False,8,8192,131072,0,0,0,0,[],[],[],[],[],[],3,0.0,0,0,0
EdgeServer_5,44,5,"[7, 1]",True,12,16384,131072,1,1024,1017,0,[],[1],"['ADD file:5d673d25da3a14ce1f6cf', '/bin/sh -c set -eux; \tversion=', 'ADD file:966d3669b40f5fbaecee1', '/bin/sh -c set -x     && addgr', 'ADD file:b83df51ab7caf8a4dc35f', 'ADD file:e8d512b08fe2ddc6f2c85', '/bin/sh -c set -eux; \tapt-get ', '/bin/sh -c set -ex; \tif ! comm', '/bin/sh -c apt-get update && a', '/bin/sh -c set -ex; \tapt-get u', '/bin/sh -c set -eux; \tapt-get ', '/bin/sh -c set -eux; \t\twget -O', '/bin/sh -c set -eux; \t\twget -O', '/bin/sh -c set -eux; \tsavedApt', '/bin/sh -c set -eux; \t\tsavedAp', '/bin/sh -c ARCH= && dpkgArch=""', '/bin/sh -c set -ex   && for ke', '/bin/sh -c set -eux; \tapt-get ', '/bin/sh -c set -ex; \t\tsavedApt', '/bin/sh -c set -x \t&& export D', 'ADD file:59187422476c57db46e60', '/bin/sh -c apt-get update && a', '/bin/sh -c set -eux; \tsavedApt', '/bin/sh -c set -eux; \tapt-get ', '/bin/sh -c { \t\techo mysql-comm', '|1 PGP_KEYSERVER=keyserver.ubu', '|1 PGP_KEYSERVER=keyserver.ubu', '/bin/sh -c set -eux; \tapt-get ', '/bin/sh -c set -eux; \t\tsavedAp', '/bin/sh -c set -eux; \t\tsavedAp']","['registry', 'alpine', 'nginx', 'ubuntu', 'python', 'redis', 'node', 'mongo', 'mysql', 'rabbitmq', 'debian', 'php']",[],[],3,74.50833333333334,0,0,0
EdgeServer_6,44,6,"[6, 2]",True,12,16384,131072,0,0,0,0,[],[],[],[],[],[],3,63.1,0,0,0
EdgeServer_7,44,7,"[4, 100]",True,9999,9999999,99999999,0,0,0,0,[],[],[],[],[],[],30,200.0,0,0,0
EdgeServer_1,45,1,"[0, 0]",False,8,16384,131072,8,8192,2,2,[2],[],['ADD file:5d673d25da3a14ce1f6cf'],['alpine'],[],[],3,0.0,0,0,0
EdgeServer_2,45,2,"[0, 2]",False,8,16384,131072,4,4096,2,1,[],[],['ADD file:5d673d25da3a14ce1f6cf'],['alpine'],[],[],3,0.0,0,0,0
EdgeServer_3,45,3,"[6, 0]",True,8,8192,131072,2,2048,2,1,[],[],['ADD file:5d673d25da3a14ce1f6cf'],['alpine'],[],[],3,104.74355,0,0,0
EdgeServer_4,45,4,"[1, 3]",False,8,8192,131072,0,0,0,0,[],[],[],[],[],[],3,0.0,0,0,0
EdgeServer_5,45,5,"[7, 1]",True,12,16384,131072,3,3072,1017,0,[1],[1],"['ADD file:5d673d25da3a14ce1f6cf', '/bin/sh -c set -eux; \tversion=', 'ADD file:966d3669b40f5fbaecee1', '/bin/sh -c set -x     && addgr', 'ADD file:b83df51ab7caf8a4dc35f', 'ADD file:e8d512b08fe2ddc6f2c85', '/bin/sh -c set -eux; \tapt-get ', '/bin/sh -c set -ex; \tif ! comm', '/bin/sh -c apt-get update && a', '/bin/sh -c set -ex; \tapt-get u', '/bin/sh -c set -eux; \tapt-get ', '/bin/sh -c set -eux; \t\twget -O', '/bin/sh -c set -eux; \t\twget -O', '/bin/sh -c set -eux; \tsavedApt', '/bin/sh -c set -eux; \t\tsavedAp', '/bin/sh -c ARCH= && dpkgArch=""', '/bin/sh -c set -ex   && for ke', '/bin/sh -c set -eux; \tapt-get ', '/bin/sh -c set -ex; \t\tsavedApt', '/bin/sh -c set -x \t&& export D', 'ADD file:59187422476c57db46e60', '/bin/sh -c apt-get update && a', '/bin/sh -c set -eux; \tsavedApt', '/bin/sh -c set -eux; \tapt-get ', '/bin/sh -c { \t\techo mysql-comm', '|1 PGP_KEYSERVER=keyserver.ubu', '|1 PGP_KEYSERVER=keyserver.ubu', '/bin/sh -c set -eux; \tapt-get ', '/bin/sh -c set -eux; \t\tsavedAp', '/bin/sh -c set -eux; \t\tsavedAp']","['registry', 'alpine', 'nginx', 'ubuntu', 'python', 'redis', 'node', 'mongo', 'mysql', 'rabbitmq', 'debian', 'php']",[],[],3,97.325,0,0,0
EdgeServer_6,45,6,"[6, 2]",True,12,16384,131072,0,0,0,0,[],[],[],[],[],[],3,63.1,0,0,0
EdgeServer_7,45,7,"[4, 100]",True,9999,9999999,99999999,0,0,0,0,[],[],[],[],[],[],30,200.0,0,0,0
EdgeServer_1,46,1,"[0, 0]",False,8,16384,131072,4,4096,2,2,[],[],['ADD file:5d673d25da3a14ce1f6cf'],['alpine'],[],[],3,0.0,1,4,12288
EdgeServer_2,46,2,"[0, 2]",False,8,16384,131072,8,8192,2,1,[2],[],['ADD file:5d673d25da3a14ce1f6cf'],['alpine'],[],[],3,0.0,0,0,0
EdgeServer_3,46,3,"[6, 0]",True,8,8192,131072,4,4096,2,1,[1],[],['ADD file:5d673d25da3a14ce1f6cf'],['alpine'],[],[],3,142.4957,0,0,0
EdgeServer_4,46,4,"[1, 3]",False,8,8192,131072,0,0,0,0,[],[],[],[],[],[],3,0.0,0,0,0
EdgeServer_5,46,5,"[7, 1]",True,12,16384,131072,1,1024,1017,0,[],[1],"['ADD file:5d673d25da3a14ce1f6cf', '/bin/sh -c set -eux; \tversion=', 'ADD file:966d3669b40f5fbaecee1', '/bin/sh -c set -x     && addgr', 'ADD file:b83df51ab7caf8a4dc35f', 'ADD file:e8d512b08fe2ddc6f2c85', '/bin/sh -c set -eux; \tapt-get ', '/bin/sh -c set -ex; \tif ! comm', '/bin/sh -c apt-get update && a', '/bin/sh -c set -ex; \tapt-get u', '/bin/sh -c set -eux; \tapt-get ', '/bin/sh -c set -eux; \t\twget -O', '/bin/sh -c set -eux; \t\twget -O', '/bin/sh -c set -eux; \tsavedApt', '/bin/sh -c set -eux; \t\tsavedAp', '/bin/sh -c ARCH= && dpkgArch=""', '/bin/sh -c set -ex   && for ke', '/bin/sh -c set -eux; \tapt-get ', '/bin/sh -c set -ex; \t\tsavedApt', '/bin/sh -c set -x \t&& export D', 'ADD file:59187422476c57db46e60', '/bin/sh -c apt-get update && a', '/bin/sh -c set -eux; \tsavedApt', '/bin/sh -c set -eux; \tapt-get ', '/bin/sh -c { \t\techo mysql-comm', '|1 PGP_KEYSERVER=keyserver.ubu', '|1 PGP_KEYSERVER=keyserver.ubu', '/bin/sh -c set -eux; \tapt-get ', '/bin/sh -c set -eux; \t\tsavedAp', '/bin/sh -c set -eux; \t\tsavedAp']","['registry', 'alpine', 'nginx', 'ubuntu', 'python', 'redis', 'node', 'mongo', 'mysql', 'rabbitmq', 'debian', 'php']",[],[],3,74.50833333333334,0,0,0
EdgeServer_6,46,6,"[6, 2]",True,12,16384,131072,0,0,0,0,[],[],[],[],[],[],3,63.1,0,0,0
EdgeServer_7,46,7,"[4, 100]",True,9999,9999999,99999999,0,0,0,0,[],[],[],[],[],[],30,200.0,0,0,0
EdgeServer_1,47,1,"[0, 0]",False,8,16384,131072,8,8192,2,2,[2],[],['ADD file:5d673d25da3a14ce1f6cf'],['alpine'],[],[],3,0.0,0,0,0
EdgeServer_2,47,2,"[0, 2]",False,8,16384,131072,4,4096,2,1,[],[],['ADD file:5d673d25da3a14ce1f6cf'],['alpine'],[],[],3,0.0,0,0,0
EdgeServer_3,47,3,"[6, 0]",True,8,8192,131072,2,2048,2,1,[],[],['ADD file:5d673d25da3a14ce1f6cf'],['alpine'],[],[],3,104.74355,0,0,0
EdgeServer_4,47,4,"[1, 3]",False,8,8192,131072,0,0,0,0,[],[],[],[],[],[],3,0.0,0,0,0
EdgeServer_5,47,5,"[7, 1]",True,12,16384,131072,3,3072,1017,0,[1],[1],"['ADD file:5d673d25da3a14ce1f6cf', '/bin/sh -c set -eux; \tversion=', 'ADD file:966d3669b40f5fbaecee1', '/bin/sh -c set -x     && addgr', 'ADD file:b83df51ab7caf8a4dc35f', 'ADD file:e8d512b08fe2ddc6f2c85', '/bin/sh -c set -eux; \tapt-get ', '/bin/sh -c set -ex; \tif ! comm', '/bin/sh -c apt-get update && a', '/bin/sh -c set -ex; \tapt-get u', '/bin/sh -c set -eux; \tapt-get ', '/bin/sh -c set -eux; \t\twget -O', '/bin/sh -c set -eux; \t\twget -O', '/bin/sh -c set -eux; \tsavedApt', '/bin/sh -c set -eux; \t\tsavedAp', '/bin/sh -c ARCH= && dpkgArch=""', '/bin/sh -c set -ex   && for ke', '/bin/sh -c set -eux; \tapt-get ', '/bin/sh -c set -ex; \t\tsavedApt', '/bin/sh -c set -x \t&& export D', 'ADD file:59187422476c57db46e60', '/bin/sh -c apt-get update && a', '/bin/sh -c set -eux; \tsavedApt', '/bin/sh -c set -eux; \tapt-get ', '/bin/sh -c { \t\techo mysql-comm', '|1 PGP_KEYSERVER=keyserver.ubu', '|1 PGP_KEYSERVER=keyserver.ubu', '/bin/sh -c set -eux; \tapt-get ', '/bin/sh -c set -eux; \t\tsavedAp', '/bin/sh -c set -eux; \t\tsavedAp']","['registry', 'alpine', 'nginx', 'ubuntu', 'python', 'redis', 'node', 'mongo', 'mysql', 'rabbitmq', 'debian', 'php']",[],[],3,97.325,0,0,0
EdgeServer_6,47,6,"[6, 2]",True,12,16384,131072,0,0,0,0,[],[],[],[],[],[],3,63.1,0,0,0
EdgeServer_7,47,7,"[4, 100]",True,9999,9999999,99999999,0,0,0,0,[],[],[],[],[],[],30,200.0,0,0,0
EdgeServer_1,48,1,"[0, 0]",False,8,16384,131072,4,4096,2,2,[],[],['ADD file:5d673d25da3a14ce1f6cf'],['alpine'],[],[],3,0.0,1,4,12288
EdgeServer_2,48,2,"[0, 2]",False,8,16384,131072,8,8192,2,1,[2],[],['ADD file:5d673d25da3a14ce1f6cf'],['alpine'],[],[],3,0.0,0,0,0
EdgeServer_3,48,3,"[6, 0]",True,8,8192,131072,4,4096,2,1,[1],[],['ADD file:5d673d25da3a14ce1f6cf'],['alpine'],[],[],3,142.4957,0,0,0
EdgeServer_4,48,4,"[1, 3]",False,8,8192,131072,0,0,0,0,[],[],[],[],[],[],3,0.0,0,0,0
EdgeServer_5,48,5,"[7, 1]",True,12,16384,131072,1,1024,1017,0,[],[1],"['ADD file:5d673d25da3a14ce1f6cf', '/bin/sh -c set -eux; \tversion=', 'ADD file:966d3669b40f5fbaecee1', '/bin/sh -c set -x     && addgr', 'ADD file:b83df51ab7caf8a4dc35f', 'ADD file:e8d512b08fe2ddc6f2c85', '/bin/sh -c set -eux; \tapt-get ', '/bin/sh -c set -ex; \tif ! comm', '/bin/sh -c apt-get update && a', '/bin/sh -c set -ex; \tapt-get u', '/bin/sh -c set -eux; \tapt-get ', '/bin/sh -c set -eux; \t\twget -O', '/bin/sh -c set -eux; \t\twget -O', '/bin/sh -c set -eux; \tsavedApt', '/bin/sh -c set -eux; \t\tsavedAp', '/bin/sh -c ARCH= && dpkgArch=""', '/bin/sh -c set -ex   && for ke', '/bin/sh -c set -eux; \tapt-get ', '/bin/sh -c set -ex; \t\tsavedApt', '/bin/sh -c set -x \t&& export D', 'ADD file:59187422476c57db46e60', '/bin/sh -c apt-get update && a', '/bin/sh -c set -eux; \tsavedApt', '/bin/sh -c set -eux; \tapt-get ', '/bin/sh -c { \t\techo mysql-comm', '|1 PGP_KEYSERVER=keyserver.ubu', '|1 PGP_KEYSERVER=keyserver.ubu', '/bin/sh -c set -eux; \tapt-get ', '/bin/sh -c set -eux; \t\tsavedAp', '/bin/sh -c set -eux; \t\tsavedAp']","['registry', 'alpine', 'nginx', 'ubuntu', 'python', 'redis', 'node', 'mongo', 'mysql', 'rabbitmq', 'debian', 'php']",[],[],3,74.50833333333334,0,0,0
EdgeServer_6,48,6,"[6, 2]",True,12,16384,131072,0,0,0,0,[],[],[],[],[],[],3,63.1,0,0,0
EdgeServer_7,48,7,"[4, 100]",True,9999,9999999,99999999,0,0,0,0,[],[],[],[],[],[],30,200.0,0,0,0
EdgeServer_1,49,1,"[0, 0]",False,8,16384,131072,8,8192,2,2,[2],[],['ADD file:5d673d25da3a14ce1f6cf'],['alpine'],[],[],3,0.0,0,0,0
EdgeServer_2,49,2,"[0, 2]",False,8,16384,131072,4,4096,2,1,[],[],['ADD file:5d673d25da3a14ce1f6cf'],['alpine'],[],[],3,0.0,0,0,0
EdgeServer_3,49,3,"[6, 0]",True,8,8192,131072,2,2048,2,1,[],[],['ADD file:5d673d25da3a14ce1f6cf'],['alpine'],[],[],3,104.74355,0,0,0
EdgeServer_4,49,4,"[1, 3]",False,8,8192,131072,0,0,0,0,[],[],[],[],[],[],3,0.0,0,0,0
EdgeServer_5,49,5,"[7, 1]",True,12,16384,131072,3,3072,1017,0,[1],[1],"['ADD file:5d673d25da3a14ce1f6cf', '/bin/sh -c set -eux; \tversion=', 'ADD file:966d3669b40f5fbaecee1', '/bin/sh -c set -x     && addgr', 'ADD file:b83df51ab7caf8a4dc35f', 'ADD file:e8d512b08fe2ddc6f2c85', '/bin/sh -c set -eux; \tapt-get ', '/bin/sh -c set -ex; \tif ! comm', '/bin/sh -c apt-get update && a', '/bin/sh -c set -ex; \tapt-get u', '/bin/sh -c set -eux; \tapt-get ', '/bin/sh -c set -eux; \t\twget -O', '/bin/sh -c set -eux; \t\twget -O', '/bin/sh -c set -eux; \tsavedApt', '/bin/sh -c set -eux; \t\tsavedAp', '/bin/sh -c ARCH= && dpkgArch=""', '/bin/sh -c set -ex   && for ke', '/bin/sh -c set -eux; \tapt-get ', '/bin/sh -c set -ex; \t\tsavedApt', '/bin/sh -c set -x \t&& export D', 'ADD file:59187422476c57db46e60', '/bin/sh -c apt-get update && a', '/bin/sh -c set -eux; \tsavedApt', '/bin/sh -c set -eux; \tapt-get ', '/bin/sh -c { \t\techo mysql-comm', '|1 PGP_KEYSERVER=keyserver.ubu', '|1 PGP_KEYSERVER=keyserver.ubu', '/bin/sh -c set -eux; \tapt-get ', '/bin/sh -c set -eux; \t\tsavedAp', '/bin/sh -c set -eux; \t\tsavedAp']","['registry', 'alpine', 'nginx', 'ubuntu', 'python', 'redis', 'node', 'mongo', 'mysql', 'rabbitmq', 'debian', 'php']",[],[],3,97.325,0,0,0
EdgeServer_6,49,6,"[6, 2]",True,12,16384,131072,0,0,0,0,[],[],[],[],[],[],3,63.1,0,0,0
EdgeServer_7,49,7,"[4, 100]",True,9999,9999999,99999999,0,0,0,0,[],[],[],[],[],[],30,200.0,0,0,0
EdgeServer_1,50,1,"[0, 0]",False,8,16384,131072,4,4096,2,2,[],[],['ADD file:5d673d25da3a14ce1f6cf'],['alpine'],[],[],3,0.0,1,4,12288
EdgeServer_2,50,2,"[0, 2]",False,8,16384,131072,8,8192,2,1,[2],[],['ADD file:5d673d25da3a14ce1f6cf'],['alpine'],[],[],3,0.0,0,0,0
EdgeServer_3,50,3,"[6, 0]",True,8,8192,131072,4,4096,2,1,[1],[],['ADD file:5d673d25da3a14ce1f6cf'],['alpine'],[],[],3,142.4957,0,0,0
EdgeServer_4,50,4,"[1, 3]",False,8,8192,131072,0,0,0,0,[],[],[],[],[],[],3,0.0,0,0,0
EdgeServer_5,50,5,"[7, 1]",True,12,16384,131072,1,1024,1017,0,[],[1],"['ADD file:5d673d25da3a14ce1f6cf', '/bin/sh -c set -eux; \tversion=', 'ADD file:966d3669b40f5fbaecee1', '/bin/sh -c set -x     && addgr', 'ADD file:b83df51ab7caf8a4dc35f', 'ADD file:e8d512b08fe2ddc6f2c85', '/bin/sh -c set -eux; \tapt-get ', '/bin/sh -c set -ex; \tif ! comm', '/bin/sh -c apt-get update && a', '/bin/sh -c set -ex; \tapt-get u', '/bin/sh -c set -eux; \tapt-get ', '/bin/sh -c set -eux; \t\twget -O', '/bin/sh -c set -eux; \t\twget -O', '/bin/sh -c set -eux; \tsavedApt', '/bin/sh -c set -eux; \t\tsavedAp', '/bin/sh -c ARCH= && dpkgArch=""', '/bin/sh -c set -ex   && for ke', '/bin/sh -c set -eux; \tapt-get ', '/bin/sh -c set -ex; \t\tsavedApt', '/bin/sh -c set -x \t&& export D', 'ADD file:59187422476c57db46e60', '/bin/sh -c apt-get update && a', '/bin/sh -c set -eux; \tsavedApt', '/bin/sh -c set -eux; \tapt-get ', '/bin/sh -c { \t\techo mysql-comm', '|1 PGP_KEYSERVER=keyserver.ubu', '|1 PGP_KEYSERVER=keyserver.ubu', '/bin/sh -c set -eux; \tapt-get ', '/bin/sh -c set -eux; \t\tsavedAp', '/bin/sh -c set -eux; \t\tsavedAp']","['registry', 'alpine', 'nginx', 'ubuntu', 'python', 'redis', 'node', 'mongo', 'mysql', 'rabbitmq', 'debian', 'php']",[],[],3,74.50833333333334,0,0,0
EdgeServer_6,50,6,"[6, 2]",True,12,16384,131072,0,0,0,0,[],[],[],[],[],[],3,63.1,0,0,0
EdgeServer_7,50,7,"[4, 100]",True,9999,9999999,99999999,0,0,0,0,[],[],[],[],[],[],30,200.0,0,0,0
EdgeServer_1,51,1,"[0, 0]",False,8,16384,131072,8,8192,2,2,[2],[],['ADD file:5d673d25da3a14ce1f6cf'],['alpine'],[],[],3,0.0,0,0,0
EdgeServer_2,51,2,"[0, 2]",False,8,16384,131072,4,4096,2,1,[],[],['ADD file:5d673d25da3a14ce1f6cf'],['alpine'],[],[],3,0.0,0,0,0
EdgeServer_3,51,3,"[6, 0]",True,8,8192,131072,2,2048,2,1,[],[],['ADD file:5d673d25da3a14ce1f6cf'],['alpine'],[],[],3,104.74355,0,0,0
EdgeServer_4,51,4,"[1, 3]",False,8,8192,131072,0,0,0,0,[],[],[],[],[],[],3,0.0,0,0,0
EdgeServer_5,51,5,"[7, 1]",True,12,16384,131072,3,3072,1017,0,[1],[1],"['ADD file:5d673d25da3a14ce1f6cf', '/bin/sh -c set -eux; \tversion=', 'ADD file:966d3669b40f5fbaecee1', '/bin/sh -c set -x     && addgr', 'ADD file:b83df51ab7caf8a4dc35f', 'ADD file:e8d512b08fe2ddc6f2c85', '/bin/sh -c set -eux; \tapt-get ', '/bin/sh -c set -ex; \tif ! comm', '/bin/sh -c apt-get update && a', '/bin/sh -c set -ex; \tapt-get u', '/bin/sh -c set -eux; \tapt-get ', '/bin/sh -c set -eux; \t\twget -O', '/bin/sh -c set -eux; \t\twget -O', '/bin/sh -c set -eux; \tsavedApt', '/bin/sh -c set -eux; \t\tsavedAp', '/bin/sh -c ARCH= && dpkgArch=""', '/bin/sh -c set -ex   && for ke', '/bin/sh -c set -eux; \tapt-get ', '/bin/sh -c set -ex; \t\tsavedApt', '/bin/sh -c set -x \t&& export D', 'ADD file:59187422476c57db46e60', '/bin/sh -c apt-get update && a', '/bin/sh -c set -eux; \tsavedApt', '/bin/sh -c set -eux; \tapt-get ', '/bin/sh -c { \t\techo mysql-comm', '|1 PGP_KEYSERVER=keyserver.ubu', '|1 PGP_KEYSERVER=keyserver.ubu', '/bin/sh -c set -eux; \tapt-get ', '/bin/sh -c set -eux; \t\tsavedAp', '/bin/sh -c set -eux; \t\tsavedAp']","['registry', 'alpine', 'nginx', 'ubuntu', 'python', 'redis', 'node', 'mongo', 'mysql', 'rabbitmq', 'debian', 'php']",[],[],3,97.325,0,0,0
EdgeServer_6,51,6,"[6, 2]",True,12,16384,131072,0,0,0,0,[],[],[],[],[],[],3,63.1,0,0,0
EdgeServer_7,51,7,"[4, 100]",True,9999,9999999,99999999,0,0,0,0,[],[],[],[],[],[],30,200.0,0,0,0
EdgeServer_1,52,1,"[0, 0]",False,8,16384,131072,4,4096,2,2,[],[],['ADD file:5d673d25da3a14ce1f6cf'],['alpine'],[],[],3,0.0,1,4,12288
EdgeServer_2,52,2,"[0, 2]",False,8,16384,131072,8,8192,2,1,[2],[],['ADD file:5d673d25da3a14ce1f6cf'],['alpine'],[],[],3,0.0,0,0,0
EdgeServer_3,52,3,"[6, 0]",True,8,8192,131072,4,4096,2,1,[1],[],['ADD file:5d673d25da3a14ce1f6cf'],['alpine'],[],[],3,142.4957,0,0,0
EdgeServer_4,52,4,"[1, 3]",False,8,8192,131072,0,0,0,0,[],[],[],[],[],[],3,0.0,0,0,0
EdgeServer_5,52,5,"[7, 1]",True,12,16384,131072,1,1024,1017,0,[],[1],"['ADD file:5d673d25da3a14ce1f6cf', '/bin/sh -c set -eux; \tversion=', 'ADD file:966d3669b40f5fbaecee1', '/bin/sh -c set -x     && addgr', 'ADD file:b83df51ab7caf8a4dc35f', 'ADD file:e8d512b08fe2ddc6f2c85', '/bin/sh -c set -eux; \tapt-get ', '/bin/sh -c set -ex; \tif ! comm', '/bin/sh -c apt-get update && a', '/bin/sh -c set -ex; \tapt-get u', '/bin/sh -c set -eux; \tapt-get ', '/bin/sh -c set -eux; \t\twget -O', '/bin/sh -c set -eux; \t\twget -O', '/bin/sh -c set -eux; \tsavedApt', '/bin/sh -c set -eux; \t\tsavedAp', '/bin/sh -c ARCH= && dpkgArch=""', '/bin/sh -c set -ex   && for ke', '/bin/sh -c set -eux; \tapt-get ', '/bin/sh -c set -ex; \t\tsavedApt', '/bin/sh -c set -x \t&& export D', 'ADD file:59187422476c57db46e60', '/bin/sh -c apt-get update && a', '/bin/sh -c set -eux; \tsavedApt', '/bin/sh -c set -eux; \tapt-get ', '/bin/sh -c { \t\techo mysql-comm', '|1 PGP_KEYSERVER=keyserver.ubu', '|1 PGP_KEYSERVER=keyserver.ubu', '/bin/sh -c set -eux; \tapt-get ', '/bin/sh -c set -eux; \t\tsavedAp', '/bin/sh -c set -eux; \t\tsavedAp']","['registry', 'alpine', 'nginx', 'ubuntu', 'python', 'redis', 'node', 'mongo', 'mysql', 'rabbitmq', 'debian', 'php']",[],[],3,74.50833333333334,0,0,0
EdgeServer_6,52,6,"[6, 2]",True,12,16384,131072,0,0,0,0,[],[],[],[],[],[],3,63.1,0,0,0
EdgeServer_7,52,7,"[4, 100]",True,9999,9999999,99999999,0,0,0,0,[],[],[],[],[],[],30,200.0,0,0,0
EdgeServer_1,53,1,"[0, 0]",False,8,16384,131072,8,8192,2,2,[2],[],['ADD file:5d673d25da3a14ce1f6cf'],['alpine'],[],[],3,0.0,0,0,0
EdgeServer_2,53,2,"[0, 2]",False,8,16384,131072,4,4096,2,1,[],[],['ADD file:5d673d25da3a14ce1f6cf'],['alpine'],[],[],3,0.0,0,0,0
EdgeServer_3,53,3,"[6, 0]",True,8,8192,131072,2,2048,2,1,[],[],['ADD file:5d673d25da3a14ce1f6cf'],['alpine'],[],[],3,104.74355,0,0,0
EdgeServer_4,53,4,"[1, 3]",False,8,8192,131072,0,0,0,0,[],[],[],[],[],[],3,0.0,0,0,0
EdgeServer_5,53,5,"[7, 1]",True,12,16384,131072,3,3072,1017,0,[1],[1],"['ADD file:5d673d25da3a14ce1f6cf', '/bin/sh -c set -eux; \tversion=', 'ADD file:966d3669b40f5fbaecee1', '/bin/sh -c set -x     && addgr', 'ADD file:b83df51ab7caf8a4dc35f', 'ADD file:e8d512b08fe2ddc6f2c85', '/bin/sh -c set -eux; \tapt-get ', '/bin/sh -c set -ex; \tif ! comm', '/bin/sh -c apt-get update && a', '/bin/sh -c set -ex; \tapt-get u', '/bin/sh -c set -eux; \tapt-get ', '/bin/sh -c set -eux; \t\twget -O', '/bin/sh -c set -eux; \t\twget -O', '/bin/sh -c set -eux; \tsavedApt', '/bin/sh -c set -eux; \t\tsavedAp', '/bin/sh -c ARCH= && dpkgArch=""', '/bin/sh -c set -ex   && for ke', '/bin/sh -c set -eux; \tapt-get ', '/bin/sh -c set -ex; \t\tsavedApt', '/bin/sh -c set -x \t&& export D', 'ADD file:59187422476c57db46e60', '/bin/sh -c apt-get update && a', '/bin/sh -c set -eux; \tsavedApt', '/bin/sh -c set -eux; \tapt-get ', '/bin/sh -c { \t\techo mysql-comm', '|1 PGP_KEYSERVER=keyserver.ubu', '|1 PGP_KEYSERVER=keyserver.ubu', '/bin/sh -c set -eux; \tapt-get ', '/bin/sh -c set -eux; \t\tsavedAp', '/bin/sh -c set -eux; \t\tsavedAp']","['registry', 'alpine', 'nginx', 'ubuntu', 'python', 'redis', 'node', 'mongo', 'mysql', 'rabbitmq', 'debian', 'php']",[],[],3,97.325,0,0,0
EdgeServer_6,53,6,"[6, 2]",True,12,16384,131072,0,0,0,0,[],[],[],[],[],[],3,63.1,0,0,0
EdgeServer_7,53,7,"[4, 100]",True,9999,9999999,99999999,0,0,0,0,[],[],[],[],[],[],30,200.0,0,0,0
EdgeServer_1,54,1,"[0, 0]",False,8,16384,131072,4,4096,2,2,[],[],['ADD file:5d673d25da3a14ce1f6cf'],['alpine'],[],[],3,0.0,1,4,12288
EdgeServer_2,54,2,"[0, 2]",False,8,16384,131072,8,8192,2,1,[2],[],['ADD file:5d673d25da3a14ce1f6cf'],['alpine'],[],[],3,0.0,0,0,0
EdgeServer_3,54,3,"[6, 0]",True,8,8192,131072,4,4096,2,1,[1],[],['ADD file:5d673d25da3a14ce1f6cf'],['alpine'],[],[],3,142.4957,0,0,0
EdgeServer_4,54,4,"[1, 3]",False,8,8192,131072,0,0,0,0,[],[],[],[],[],[],3,0.0,0,0,0
EdgeServer_5,54,5,"[7, 1]",True,12,16384,131072,1,1024,1017,0,[],[1],"['ADD file:5d673d25da3a14ce1f6cf', '/bin/sh -c set -eux; \tversion=', 'ADD file:966d3669b40f5fbaecee1', '/bin/sh -c set -x     && addgr', 'ADD file:b83df51ab7caf8a4dc35f', 'ADD file:e8d512b08fe2ddc6f2c85', '/bin/sh -c set -eux; \tapt-get ', '/bin/sh -c set -ex; \tif ! comm', '/bin/sh -c apt-get update && a', '/bin/sh -c set -ex; \tapt-get u', '/bin/sh -c set -eux; \tapt-get ', '/bin/sh -c set -eux; \t\twget -O', '/bin/sh -c set -eux; \t\twget -O', '/bin/sh -c set -eux; \tsavedApt', '/bin/sh -c set -eux; \t\tsavedAp', '/bin/sh -c ARCH= && dpkgArch=""', '/bin/sh -c set -ex   && for ke', '/bin/sh -c set -eux; \tapt-get ', '/bin/sh -c set -ex; \t\tsavedApt', '/bin/sh -c set -x \t&& export D', 'ADD file:59187422476c57db46e60', '/bin/sh -c apt-get update && a', '/bin/sh -c set -eux; \tsavedApt', '/bin/sh -c set -eux; \tapt-get ', '/bin/sh -c { \t\techo mysql-comm', '|1 PGP_KEYSERVER=keyserver.ubu', '|1 PGP_KEYSERVER=keyserver.ubu', '/bin/sh -c set -eux; \tapt-get ', '/bin/sh -c set -eux; \t\tsavedAp', '/bin/sh -c set -eux; \t\tsavedAp']","['registry', 'alpine', 'nginx', 'ubuntu', 'python', 'redis', 'node', 'mongo', 'mysql', 'rabbitmq', 'debian', 'php']",[],[],3,74.50833333333334,0,0,0
EdgeServer_6,54,6,"[6, 2]",True,12,16384,131072,0,0,0,0,[],[],[],[],[],[],3,63.1,0,0,0
EdgeServer_7,54,7,"[4, 100]",True,9999,9999999,99999999,0,0,0,0,[],[],[],[],[],[],30,200.0,0,0,0
EdgeServer_1,55,1,"[0, 0]",False,8,16384,131072,8,8192,2,2,[2],[],['ADD file:5d673d25da3a14ce1f6cf'],['alpine'],[],[],3,0.0,0,0,0
EdgeServer_2,55,2,"[0, 2]",False,8,16384,131072,4,4096,2,1,[],[],['ADD file:5d673d25da3a14ce1f6cf'],['alpine'],[],[],3,0.0,0,0,0
EdgeServer_3,55,3,"[6, 0]",True,8,8192,131072,2,2048,2,1,[],[],['ADD file:5d673d25da3a14ce1f6cf'],['alpine'],[],[],3,104.74355,0,0,0
EdgeServer_4,55,4,"[1, 3]",False,8,8192,131072,0,0,0,0,[],[],[],[],[],[],3,0.0,0,0,0
EdgeServer_5,55,5,"[7, 1]",True,12,16384,131072,3,3072,1017,0,[1],[1],"['ADD file:5d673d25da3a14ce1f6cf', '/bin/sh -c set -eux; \tversion=', 'ADD file:966d3669b40f5fbaecee1', '/bin/sh -c set -x     && addgr', 'ADD file:b83df51ab7caf8a4dc35f', 'ADD file:e8d512b08fe2ddc6f2c85', '/bin/sh -c set -eux; \tapt-get ', '/bin/sh -c set -ex; \tif ! comm', '/bin/sh -c apt-get update && a', '/bin/sh -c set -ex; \tapt-get u', '/bin/sh -c set -eux; \tapt-get ', '/bin/sh -c set -eux; \t\twget -O', '/bin/sh -c set -eux; \t\twget -O', '/bin/sh -c set -eux; \tsavedApt', '/bin/sh -c set -eux; \t\tsavedAp', '/bin/sh -c ARCH= && dpkgArch=""', '/bin/sh -c set -ex   && for ke', '/bin/sh -c set -eux; \tapt-get ', '/bin/sh -c set -ex; \t\tsavedApt', '/bin/sh -c set -x \t&& export D', 'ADD file:59187422476c57db46e60', '/bin/sh -c apt-get update && a', '/bin/sh -c set -eux; \tsavedApt', '/bin/sh -c set -eux; \tapt-get ', '/bin/sh -c { \t\techo mysql-comm', '|1 PGP_KEYSERVER=keyserver.ubu', '|1 PGP_KEYSERVER=keyserver.ubu', '/bin/sh -c set -eux; \tapt-get ', '/bin/sh -c set -eux; \t\tsavedAp', '/bin/sh -c set -eux; \t\tsavedAp']","['registry', 'alpine', 'nginx', 'ubuntu', 'python', 'redis', 'node', 'mongo', 'mysql', 'rabbitmq', 'debian', 'php']",[],[],3,97.325,0,0,0
EdgeServer_6,55,6,"[6, 2]",True,12,16384,131072,0,0,0,0,[],[],[],[],[],[],3,63.1,0,0,0
EdgeServer_7,55,7,"[4, 100]",True,9999,9999999,99999999,0,0,0,0,[],[],[],[],[],[],30,200.0,0,0,0
EdgeServer_1,56,1,"[0, 0]",False,8,16384,131072,4,4096,2,2,[],[],['ADD file:5d673d25da3a14ce1f6cf'],['alpine'],[],[],3,0.0,1,4,12288
EdgeServer_2,56,2,"[0, 2]",False,8,16384,131072,8,8192,2,1,[2],[],['ADD file:5d673d25da3a14ce1f6cf'],['alpine'],[],[],3,0.0,0,0,0
EdgeServer_3,56,3,"[6, 0]",True,8,8192,131072,4,4096,2,1,[1],[],['ADD file:5d673d25da3a14ce1f6cf'],['alpine'],[],[],3,142.4957,0,0,0
EdgeServer_4,56,4,"[1, 3]",False,8,8192,131072,0,0,0,0,[],[],[],[],[],[],3,0.0,0,0,0
EdgeServer_5,56,5,"[7, 1]",True,12,16384,131072,1,1024,1017,0,[],[1],"['ADD file:5d673d25da3a14ce1f6cf', '/bin/sh -c set -eux; \tversion=', 'ADD file:966d3669b40f5fbaecee1', '/bin/sh -c set -x     && addgr', 'ADD file:b83df51ab7caf8a4dc35f', 'ADD file:e8d512b08fe2ddc6f2c85', '/bin/sh -c set -eux; \tapt-get ', '/bin/sh -c set -ex; \tif ! comm', '/bin/sh -c apt-get update && a', '/bin/sh -c set -ex; \tapt-get u', '/bin/sh -c set -eux; \tapt-get ', '/bin/sh -c set -eux; \t\twget -O', '/bin/sh -c set -eux; \t\twget -O', '/bin/sh -c set -eux; \tsavedApt', '/bin/sh -c set -eux; \t\tsavedAp', '/bin/sh -c ARCH= && dpkgArch=""', '/bin/sh -c set -ex   && for ke', '/bin/sh -c set -eux; \tapt-get ', '/bin/sh -c set -ex; \t\tsavedApt', '/bin/sh -c set -x \t&& export D', 'ADD file:59187422476c57db46e60', '/bin/sh -c apt-get update && a', '/bin/sh -c set -eux; \tsavedApt', '/bin/sh -c set -eux; \tapt-get ', '/bin/sh -c { \t\techo mysql-comm', '|1 PGP_KEYSERVER=keyserver.ubu', '|1 PGP_KEYSERVER=keyserver.ubu', '/bin/sh -c set -eux; \tapt-get ', '/bin/sh -c set -eux; \t\tsavedAp', '/bin/sh -c set -eux; \t\tsavedAp']","['registry', 'alpine', 'nginx', 'ubuntu', 'python', 'redis', 'node', 'mongo', 'mysql', 'rabbitmq', 'debian', 'php']",[],[],3,74.50833333333334,0,0,0
EdgeServer_6,56,6,"[6, 2]",True,12,16384,131072,0,0,0,0,[],[],[],[],[],[],3,63.1,0,0,0
EdgeServer_7,56,7,"[4, 100]",True,9999,9999999,99999999,0,0,0,0,[],[],[],[],[],[],30,200.0,0,0,0
EdgeServer_1,57,1,"[0, 0]",False,8,16384,131072,8,8192,2,2,[2],[],['ADD file:5d673d25da3a14ce1f6cf'],['alpine'],[],[],3,0.0,0,0,0
EdgeServer_2,57,2,"[0, 2]",False,8,16384,131072,4,4096,2,1,[],[],['ADD file:5d673d25da3a14ce1f6cf'],['alpine'],[],[],3,0.0,0,0,0
EdgeServer_3,57,3,"[6, 0]",True,8,8192,131072,2,2048,2,1,[],[],['ADD file:5d673d25da3a14ce1f6cf'],['alpine'],[],[],3,104.74355,0,0,0
EdgeServer_4,57,4,"[1, 3]",False,8,8192,131072,0,0,0,0,[],[],[],[],[],[],3,0.0,0,0,0
EdgeServer_5,57,5,"[7, 1]",True,12,16384,131072,3,3072,1017,0,[1],[1],"['ADD file:5d673d25da3a14ce1f6cf', '/bin/sh -c set -eux; \tversion=', 'ADD file:966d3669b40f5fbaecee1', '/bin/sh -c set -x     && addgr', 'ADD file:b83df51ab7caf8a4dc35f', 'ADD file:e8d512b08fe2ddc6f2c85', '/bin/sh -c set -eux; \tapt-get ', '/bin/sh -c set -ex; \tif ! comm', '/bin/sh -c apt-get update && a', '/bin/sh -c set -ex; \tapt-get u', '/bin/sh -c set -eux; \tapt-get ', '/bin/sh -c set -eux; \t\twget -O', '/bin/sh -c set -eux; \t\twget -O', '/bin/sh -c set -eux; \tsavedApt', '/bin/sh -c set -eux; \t\tsavedAp', '/bin/sh -c ARCH= && dpkgArch=""', '/bin/sh -c set -ex   && for ke', '/bin/sh -c set -eux; \tapt-get ', '/bin/sh -c set -ex; \t\tsavedApt', '/bin/sh -c set -x \t&& export D', 'ADD file:59187422476c57db46e60', '/bin/sh -c apt-get update && a', '/bin/sh -c set -eux; \tsavedApt', '/bin/sh -c set -eux; \tapt-get ', '/bin/sh -c { \t\techo mysql-comm', '|1 PGP_KEYSERVER=keyserver.ubu', '|1 PGP_KEYSERVER=keyserver.ubu', '/bin/sh -c set -eux; \tapt-get ', '/bin/sh -c set -eux; \t\tsavedAp', '/bin/sh -c set -eux; \t\tsavedAp']","['registry', 'alpine', 'nginx', 'ubuntu', 'python', 'redis', 'node', 'mongo', 'mysql', 'rabbitmq', 'debian', 'php']",[],[],3,97.325,0,0,0
EdgeServer_6,57,6,"[6, 2]",True,12,16384,131072,0,0,0,0,[],[],[],[],[],[],3,63.1,0,0,0
EdgeServer_7,57,7,"[4, 100]",True,9999,9999999,99999999,0,0,0,0,[],[],[],[],[],[],30,200.0,0,0,0
EdgeServer_1,58,1,"[0, 0]",False,8,16384,131072,4,4096,2,2,[],[],['ADD file:5d673d25da3a14ce1f6cf'],['alpine'],[],[],3,0.0,1,4,12288
EdgeServer_2,58,2,"[0, 2]",False,8,16384,131072,8,8192,2,1,[2],[],['ADD file:5d673d25da3a14ce1f6cf'],['alpine'],[],[],3,0.0,0,0,0
EdgeServer_3,58,3,"[6, 0]",True,8,8192,131072,4,4096,2,1,[1],[],['ADD file:5d673d25da3a14ce1f6cf'],['alpine'],[],[],3,142.4957,0,0,0
EdgeServer_4,58,4,"[1, 3]",False,8,8192,131072,0,0,0,0,[],[],[],[],[],[],3,0.0,0,0,0
EdgeServer_5,58,5,"[7, 1]",True,12,16384,131072,1,1024,1017,0,[],[1],"['ADD file:5d673d25da3a14ce1f6cf', '/bin/sh -c set -eux; \tversion=', 'ADD file:966d3669b40f5fbaecee1', '/bin/sh -c set -x     && addgr', 'ADD file:b83df51ab7caf8a4dc35f', 'ADD file:e8d512b08fe2ddc6f2c85', '/bin/sh -c set -eux; \tapt-get ', '/bin/sh -c set -ex; \tif ! comm', '/bin/sh -c apt-get update && a', '/bin/sh -c set -ex; \tapt-get u', '/bin/sh -c set -eux; \tapt-get ', '/bin/sh -c set -eux; \t\twget -O', '/bin/sh -c set -eux; \t\twget -O', '/bin/sh -c set -eux; \tsavedApt', '/bin/sh -c set -eux; \t\tsavedAp', '/bin/sh -c ARCH= && dpkgArch=""', '/bin/sh -c set -ex   && for ke', '/bin/sh -c set -eux; \tapt-get ', '/bin/sh -c set -ex; \t\tsavedApt', '/bin/sh -c set -x \t&& export D', 'ADD file:59187422476c57db46e60', '/bin/sh -c apt-get update && a', '/bin/sh -c set -eux; \tsavedApt', '/bin/sh -c set -eux; \tapt-get ', '/bin/sh -c { \t\techo mysql-comm', '|1 PGP_KEYSERVER=keyserver.ubu', '|1 PGP_KEYSERVER=keyserver.ubu', '/bin/sh -c set -eux; \tapt-get ', '/bin/sh -c set -eux; \t\tsavedAp', '/bin/sh -c set -eux; \t\tsavedAp']","['registry', 'alpine', 'nginx', 'ubuntu', 'python', 'redis', 'node', 'mongo', 'mysql', 'rabbitmq', 'debian', 'php']",[],[],3,74.50833333333334,0,0,0
EdgeServer_6,58,6,"[6, 2]",True,12,16384,131072,0,0,0,0,[],[],[],[],[],[],3,63.1,0,0,0
EdgeServer_7,58,7,"[4, 100]",True,9999,9999999,99999999,0,0,0,0,[],[],[],[],[],[],30,200.0,0,0,0
EdgeServer_1,59,1,"[0, 0]",False,8,16384,131072,8,8192,2,2,[2],[],['ADD file:5d673d25da3a14ce1f6cf'],['alpine'],[],[],3,0.0,0,0,0
EdgeServer_2,59,2,"[0, 2]",False,8,16384,131072,4,4096,2,1,[],[],['ADD file:5d673d25da3a14ce1f6cf'],['alpine'],[],[],3,0.0,0,0,0
EdgeServer_3,59,3,"[6, 0]",True,8,8192,131072,2,2048,2,1,[],[],['ADD file:5d673d25da3a14ce1f6cf'],['alpine'],[],[],3,104.74355,0,0,0
EdgeServer_4,59,4,"[1, 3]",False,8,8192,131072,0,0,0,0,[],[],[],[],[],[],3,0.0,0,0,0
EdgeServer_5,59,5,"[7, 1]",True,12,16384,131072,3,3072,1017,0,[1],[1],"['ADD file:5d673d25da3a14ce1f6cf', '/bin/sh -c set -eux; \tversion=', 'ADD file:966d3669b40f5fbaecee1', '/bin/sh -c set -x     && addgr', 'ADD file:b83df51ab7caf8a4dc35f', 'ADD file:e8d512b08fe2ddc6f2c85', '/bin/sh -c set -eux; \tapt-get ', '/bin/sh -c set -ex; \tif ! comm', '/bin/sh -c apt-get update && a', '/bin/sh -c set -ex; \tapt-get u', '/bin/sh -c set -eux; \tapt-get ', '/bin/sh -c set -eux; \t\twget -O', '/bin/sh -c set -eux; \t\twget -O', '/bin/sh -c set -eux; \tsavedApt', '/bin/sh -c set -eux; \t\tsavedAp', '/bin/sh -c ARCH= && dpkgArch=""', '/bin/sh -c set -ex   && for ke', '/bin/sh -c set -eux; \tapt-get ', '/bin/sh -c set -ex; \t\tsavedApt', '/bin/sh -c set -x \t&& export D', 'ADD file:59187422476c57db46e60', '/bin/sh -c apt-get update && a', '/bin/sh -c set -eux; \tsavedApt', '/bin/sh -c set -eux; \tapt-get ', '/bin/sh -c { \t\techo mysql-comm', '|1 PGP_KEYSERVER=keyserver.ubu', '|1 PGP_KEYSERVER=keyserver.ubu', '/bin/sh -c set -eux; \tapt-get ', '/bin/sh -c set -eux; \t\tsavedAp', '/bin/sh -c set -eux; \t\tsavedAp']","['registry', 'alpine', 'nginx', 'ubuntu', 'python', 'redis', 'node', 'mongo', 'mysql', 'rabbitmq', 'debian', 'php']",[],[],3,97.325,0,0,0
EdgeServer_6,59,6,"[6, 2]",True,12,16384,131072,0,0,0,0,[],[],[],[],[],[],3,63.1,0,0,0
EdgeServer_7,59,7,"[4, 100]",True,9999,9999999,99999999,0,0,0,0,[],[],[],[],[],[],30,200.0,0,0,0
EdgeServer_1,60,1,"[0, 0]",False,8,16384,131072,4,4096,2,2,[],[],['ADD file:5d673d25da3a14ce1f6cf'],['alpine'],[],[],3,0.0,1,4,12288
EdgeServer_2,60,2,"[0, 2]",False,8,16384,131072,8,8192,2,1,[2],[],['ADD file:5d673d25da3a14ce1f6cf'],['alpine'],[],[],3,0.0,0,0,0
EdgeServer_3,60,3,"[6, 0]",True,8,8192,131072,4,4096,2,1,[1],[],['ADD file:5d673d25da3a14ce1f6cf'],['alpine'],[],[],3,142.4957,0,0,0
EdgeServer_4,60,4,"[1, 3]",False,8,8192,131072,0,0,0,0,[],[],[],[],[],[],3,0.0,0,0,0
EdgeServer_5,60,5,"[7, 1]",True,12,16384,131072,1,1024,1017,0,[],[1],"['ADD file:5d673d25da3a14ce1f6cf', '/bin/sh -c set -eux; \tversion=', 'ADD file:966d3669b40f5fbaecee1', '/bin/sh -c set -x     && addgr', 'ADD file:b83df51ab7caf8a4dc35f', 'ADD file:e8d512b08fe2ddc6f2c85', '/bin/sh -c set -eux; \tapt-get ', '/bin/sh -c set -ex; \tif ! comm', '/bin/sh -c apt-get update && a', '/bin/sh -c set -ex; \tapt-get u', '/bin/sh -c set -eux; \tapt-get ', '/bin/sh -c set -eux; \t\twget -O', '/bin/sh -c set -eux; \t\twget -O', '/bin/sh -c set -eux; \tsavedApt', '/bin/sh -c set -eux; \t\tsavedAp', '/bin/sh -c ARCH= && dpkgArch=""', '/bin/sh -c set -ex   && for ke', '/bin/sh -c set -eux; \tapt-get ', '/bin/sh -c set -ex; \t\tsavedApt', '/bin/sh -c set -x \t&& export D', 'ADD file:59187422476c57db46e60', '/bin/sh -c apt-get update && a', '/bin/sh -c set -eux; \tsavedApt', '/bin/sh -c set -eux; \tapt-get ', '/bin/sh -c { \t\techo mysql-comm', '|1 PGP_KEYSERVER=keyserver.ubu', '|1 PGP_KEYSERVER=keyserver.ubu', '/bin/sh -c set -eux; \tapt-get ', '/bin/sh -c set -eux; \t\tsavedAp', '/bin/sh -c set -eux; \t\tsavedAp']","['registry', 'alpine', 'nginx', 'ubuntu', 'python', 'redis', 'node', 'mongo', 'mysql', 'rabbitmq', 'debian', 'php']",[],[],3,74.50833333333334,0,0,0
EdgeServer_6,60,6,"[6, 2]",True,12,16384,131072,0,0,0,0,[],[],[],[],[],[],3,63.1,0,0,0
EdgeServer_7,60,7,"[4, 100]",True,9999,9999999,99999999,0,0,0,0,[],[],[],[],[],[],30,200.0,0,0,0
