config_id,parameter,value,scenario,seed,cumulative_sla_violations,RFI
alpha_0p25,alpha,0.25,2ec_high_off,123456789,28,0.31360544217687075
alpha_0p25,alpha,0.25,2ec_high_off,135792468,21,0.31360544217687075
alpha_0p25,alpha,0.25,2ec_high_off,141421356,29,0.31360544217687075
alpha_0p25,alpha,0.25,2ec_high_off,161803398,29,0.31360544217687075
alpha_0p25,alpha,0.25,2ec_high_off,173205080,21,0.31360544217687075
alpha_0p25,alpha,0.25,2ec_high_off,200496737,28,0.31360544217687075
alpha_0p25,alpha,0.25,2ec_high_off,223606797,21,0.31360544217687075
alpha_0p25,alpha,0.25,2ec_high_off,246813579,29,0.31360544217687075
alpha_0p25,alpha,0.25,2ec_high_off,271828182,28,0.31360544217687075
alpha_0p25,alpha,0.25,2ec_high_off,299792458,33,0.36041666666666666
alpha_0p25,alpha,0.25,2ec_high_off,314159265,29,0.31360544217687075
alpha_0p25,alpha,0.25,2ec_high_off,428956419,29,0.31360544217687075
alpha_0p25,alpha,0.25,2ec_high_off,564738291,29,0.31360544217687075
alpha_0p25,alpha,0.25,2ec_high_off,577215664,33,0.36041666666666666
alpha_0p25,alpha,0.25,2ec_high_off,602214076,29,0.31360544217687075
alpha_0p25,alpha,0.25,2ec_high_off,633816299,29,0.31360544217687075
alpha_0p25,alpha,0.25,2ec_high_off,675849302,29,0.31360544217687075
alpha_0p25,alpha,0.25,2ec_high_off,707106781,29,0.31360544217687075
alpha_0p25,alpha,0.25,2ec_high_off,794161987,29,0.31360544217687075
alpha_0p25,alpha,0.25,2ec_high_off,866025403,29,0.31360544217687075
alpha_0p25,alpha,0.25,2ec_high_off,918273645,29,0.31360544217687075
alpha_0p25,alpha,0.25,2ec_high_off,987654321,21,0.31360544217687075
alpha_0p25,alpha,0.25,2ec_high_off,1029384756,29,0.31360544217687075
alpha_0p25,alpha,0.25,2ec_high_off,1123581321,29,0.31360544217687075
alpha_0p25,alpha,0.25,2ec_high_off,1145661099,29,0.31360544217687075
alpha_0p25,alpha,0.25,2ec_high_off,1282538739,29,0.31360544217687075
alpha_0p25,alpha,0.25,2ec_high_off,1329531353,28,0.31360544217687075
alpha_0p25,alpha,0.25,2ec_high_off,1410143363,29,0.31360544217687075
alpha_0p25,alpha,0.25,2ec_high_off,1835732737,28,0.31360544217687075
alpha_0p25,alpha,0.25,2ec_high_off,1954324947,21,0.31360544217687075
alpha_0p5,alpha,0.5,2ec_high_off,123456789,30,0.36041666666666666
alpha_0p5,alpha,0.5,2ec_high_off,135792468,21,0.31360544217687075
alpha_0p5,alpha,0.5,2ec_high_off,141421356,33,0.36041666666666666
alpha_0p5,alpha,0.5,2ec_high_off,161803398,29,0.31360544217687075
alpha_0p5,alpha,0.5,2ec_high_off,173205080,21,0.31360544217687075
alpha_0p5,alpha,0.5,2ec_high_off,200496737,28,0.31360544217687075
alpha_0p5,alpha,0.5,2ec_high_off,223606797,21,0.31360544217687075
alpha_0p5,alpha,0.5,2ec_high_off,246813579,33,0.36041666666666666
alpha_0p5,alpha,0.5,2ec_high_off,271828182,28,0.31360544217687075
alpha_0p5,alpha,0.5,2ec_high_off,299792458,33,0.36041666666666666
alpha_0p5,alpha,0.5,2ec_high_off,314159265,33,0.36041666666666666
alpha_0p5,alpha,0.5,2ec_high_off,428956419,29,0.31360544217687075
alpha_0p5,alpha,0.5,2ec_high_off,564738291,29,0.31360544217687075
alpha_0p5,alpha,0.5,2ec_high_off,577215664,33,0.36041666666666666
alpha_0p5,alpha,0.5,2ec_high_off,602214076,29,0.31360544217687075
alpha_0p5,alpha,0.5,2ec_high_off,633816299,33,0.36041666666666666
alpha_0p5,alpha,0.5,2ec_high_off,675849302,29,0.31360544217687075
alpha_0p5,alpha,0.5,2ec_high_off,707106781,29,0.31360544217687075
alpha_0p5,alpha,0.5,2ec_high_off,794161987,29,0.31360544217687075
alpha_0p5,alpha,0.5,2ec_high_off,866025403,29,0.31360544217687075
alpha_0p5,alpha,0.5,2ec_high_off,918273645,33,0.36041666666666666
alpha_0p5,alpha,0.5,2ec_high_off,987654321,21,0.31360544217687075
alpha_0p5,alpha,0.5,2ec_high_off,1029384756,33,0.36041666666666666
alpha_0p5,alpha,0.5,2ec_high_off,1123581321,29,0.31360544217687075
alpha_0p5,alpha,0.5,2ec_high_off,1145661099,29,0.31360544217687075
alpha_0p5,alpha,0.5,2ec_high_off,1282538739,29,0.31360544217687075
alpha_0p5,alpha,0.5,2ec_high_off,1329531353,28,0.31360544217687075
alpha_0p5,alpha,0.5,2ec_high_off,1410143363,29,0.31360544217687075
alpha_0p5,alpha,0.5,2ec_high_off,1835732737,28,0.31360544217687075
alpha_0p5,alpha,0.5,2ec_high_off,1954324947,21,0.31360544217687075
alpha_0p75,alpha,0.75,2ec_high_off,123456789,30,0.27861394557823127
alpha_0p75,alpha,0.75,2ec_high_off,135792468,21,0.23974732750242955
alpha_0p75,alpha,0.75,2ec_high_off,141421356,282,0.40042379411311446
alpha_0p75,alpha,0.75,2ec_high_off,161803398,29,0.23974732750242955
alpha_0p75,alpha,0.75,2ec_high_off,173205080,21,0.23974732750242955
alpha_0p75,alpha,0.75,2ec_high_off,200496737,28,0.23974732750242955
alpha_0p75,alpha,0.75,2ec_high_off,223606797,21,0.23974732750242955
alpha_0p75,alpha,0.75,2ec_high_off,246813579,33,0.27861394557823127
alpha_0p75,alpha,0.75,2ec_high_off,271828182,30,0.27861394557823127
alpha_0p75,alpha,0.75,2ec_high_off,299792458,282,0.4394658521303258
alpha_0p75,alpha,0.75,2ec_high_off,314159265,33,0.27861394557823127
alpha_0p75,alpha,0.75,2ec_high_off,428956419,29,0.23974732750242955
alpha_0p75,alpha,0.75,2ec_high_off,564738291,29,0.23974732750242955
alpha_0p75,alpha,0.75,2ec_high_off,577215664,282,0.4394658521303258
alpha_0p75,alpha,0.75,2ec_high_off,602214076,29,0.23974732750242955
alpha_0p75,alpha,0.75,2ec_high_off,633816299,282,0.40042379411311446
alpha_0p75,alpha,0.75,2ec_high_off,675849302,29,0.23974732750242955
alpha_0p75,alpha,0.75,2ec_high_off,707106781,29,0.23974732750242955
alpha_0p75,alpha,0.75,2ec_high_off,794161987,29,0.23974732750242955
alpha_0p75,alpha,0.75,2ec_high_off,866025403,282,0.40042379411311446
alpha_0p75,alpha,0.75,2ec_high_off,918273645,282,0.40042379411311446
alpha_0p75,alpha,0.75,2ec_high_off,987654321,21,0.23974732750242955
alpha_0p75,alpha,0.75,2ec_high_off,1029384756,33,0.27861394557823127
alpha_0p75,alpha,0.75,2ec_high_off,1123581321,29,0.23974732750242955
alpha_0p75,alpha,0.75,2ec_high_off,1145661099,29,0.23974732750242955
alpha_0p75,alpha,0.75,2ec_high_off,1282538739,288,0.40821044546851
alpha_0p75,alpha,0.75,2ec_high_off,1329531353,28,0.23974732750242955
alpha_0p75,alpha,0.75,2ec_high_off,1410143363,29,0.23974732750242955
alpha_0p75,alpha,0.75,2ec_high_off,1835732737,28,0.23974732750242955
alpha_0p75,alpha,0.75,2ec_high_off,1954324947,21,0.23974732750242955
alpha_1p0,alpha,1.0,2ec_high_off,123456789,233,0.4572996863416025
alpha_1p0,alpha,1.0,2ec_high_off,135792468,21,0.24586977648202138
alpha_1p0,alpha,1.0,2ec_high_off,141421356,282,0.41601171212821697
alpha_1p0,alpha,1.0,2ec_high_off,161803398,282,0.41639522258414763
alpha_1p0,alpha,1.0,2ec_high_off,173205080,21,0.24586977648202138
alpha_1p0,alpha,1.0,2ec_high_off,200496737,28,0.24586977648202138
alpha_1p0,alpha,1.0,2ec_high_off,223606797,21,0.24586977648202138
alpha_1p0,alpha,1.0,2ec_high_off,246813579,282,0.4548350041771094
alpha_1p0,alpha,1.0,2ec_high_off,271828182,229,0.4548350041771094
alpha_1p0,alpha,1.0,2ec_high_off,299792458,282,0.4548350041771094
alpha_1p0,alpha,1.0,2ec_high_off,314159265,282,0.41601171212821697
alpha_1p0,alpha,1.0,2ec_high_off,428956419,29,0.24586977648202138
alpha_1p0,alpha,1.0,2ec_high_off,564738291,29,0.24586977648202138
alpha_1p0,alpha,1.0,2ec_high_off,577215664,282,0.4548350041771094
alpha_1p0,alpha,1.0,2ec_high_off,602214076,29,0.24586977648202138
alpha_1p0,alpha,1.0,2ec_high_off,633816299,282,0.41601171212821697
alpha_1p0,alpha,1.0,2ec_high_off,675849302,29,0.24586977648202138
alpha_1p0,alpha,1.0,2ec_high_off,707106781,29,0.24586977648202138
alpha_1p0,alpha,1.0,2ec_high_off,794161987,29,0.24586977648202138
alpha_1p0,alpha,1.0,2ec_high_off,866025403,282,0.41601171212821697
alpha_1p0,alpha,1.0,2ec_high_off,918273645,282,0.41601171212821697
alpha_1p0,alpha,1.0,2ec_high_off,987654321,21,0.24586977648202138
alpha_1p0,alpha,1.0,2ec_high_off,1029384756,282,0.4548350041771094
alpha_1p0,alpha,1.0,2ec_high_off,1123581321,29,0.24586977648202138
alpha_1p0,alpha,1.0,2ec_high_off,1145661099,29,0.24586977648202138
alpha_1p0,alpha,1.0,2ec_high_off,1282538739,288,0.42396313364055294
alpha_1p0,alpha,1.0,2ec_high_off,1329531353,28,0.24586977648202138
alpha_1p0,alpha,1.0,2ec_high_off,1410143363,29,0.24586977648202138
alpha_1p0,alpha,1.0,2ec_high_off,1835732737,28,0.24586977648202138
alpha_1p0,alpha,1.0,2ec_high_off,1954324947,21,0.24586977648202138
alpha_1p25,alpha,1.25,2ec_high_off,123456789,233,0.45328844652615147
alpha_1p25,alpha,1.25,2ec_high_off,135792468,21,0.2535228377065112
alpha_1p25,alpha,1.25,2ec_high_off,141421356,282,0.4354966096470951
alpha_1p25,alpha,1.25,2ec_high_off,161803398,282,0.4991426206244088
alpha_1p25,alpha,1.25,2ec_high_off,173205080,21,0.2535228377065112
alpha_1p25,alpha,1.25,2ec_high_off,200496737,229,0.47404644423558895
alpha_1p25,alpha,1.25,2ec_high_off,223606797,21,0.2535228377065112
alpha_1p25,alpha,1.25,2ec_high_off,246813579,282,0.47404644423558895
alpha_1p25,alpha,1.25,2ec_high_off,271828182,229,0.47404644423558895
alpha_1p25,alpha,1.25,2ec_high_off,299792458,282,0.47404644423558895
alpha_1p25,alpha,1.25,2ec_high_off,314159265,282,0.4354966096470951
alpha_1p25,alpha,1.25,2ec_high_off,428956419,282,0.47404644423558895
alpha_1p25,alpha,1.25,2ec_high_off,564738291,29,0.2535228377065112
alpha_1p25,alpha,1.25,2ec_high_off,577215664,282,0.47404644423558895
alpha_1p25,alpha,1.25,2ec_high_off,602214076,29,0.2535228377065112
alpha_1p25,alpha,1.25,2ec_high_off,633816299,282,0.4354966096470951
alpha_1p25,alpha,1.25,2ec_high_off,675849302,29,0.2535228377065112
alpha_1p25,alpha,1.25,2ec_high_off,707106781,29,0.2535228377065112
alpha_1p25,alpha,1.25,2ec_high_off,794161987,29,0.2535228377065112
alpha_1p25,alpha,1.25,2ec_high_off,866025403,282,0.4354966096470951
alpha_1p25,alpha,1.25,2ec_high_off,918273645,282,0.4354966096470951
alpha_1p25,alpha,1.25,2ec_high_off,987654321,21,0.2535228377065112
alpha_1p25,alpha,1.25,2ec_high_off,1029384756,282,0.47404644423558895
alpha_1p25,alpha,1.25,2ec_high_off,1123581321,29,0.2535228377065112
alpha_1p25,alpha,1.25,2ec_high_off,1145661099,29,0.2535228377065112
alpha_1p25,alpha,1.25,2ec_high_off,1282538739,288,0.45328844652615147
alpha_1p25,alpha,1.25,2ec_high_off,1329531353,233,0.45328844652615147
alpha_1p25,alpha,1.25,2ec_high_off,1410143363,29,0.2535228377065112
alpha_1p25,alpha,1.25,2ec_high_off,1835732737,28,0.2535228377065112
alpha_1p25,alpha,1.25,2ec_high_off,1954324947,21,0.2535228377065112
alpha_1p5,alpha,1.5,2ec_high_off,123456789,233,0.45328844652615147
alpha_1p5,alpha,1.5,2ec_high_off,135792468,21,0.2535228377065112
alpha_1p5,alpha,1.5,2ec_high_off,141421356,282,0.4354966096470951
alpha_1p5,alpha,1.5,2ec_high_off,161803398,282,0.4991426206244088
alpha_1p5,alpha,1.5,2ec_high_off,173205080,21,0.2535228377065112
alpha_1p5,alpha,1.5,2ec_high_off,200496737,229,0.47404644423558895
alpha_1p5,alpha,1.5,2ec_high_off,223606797,21,0.2535228377065112
alpha_1p5,alpha,1.5,2ec_high_off,246813579,282,0.47404644423558895
alpha_1p5,alpha,1.5,2ec_high_off,271828182,229,0.47404644423558895
alpha_1p5,alpha,1.5,2ec_high_off,299792458,282,0.47404644423558895
alpha_1p5,alpha,1.5,2ec_high_off,314159265,282,0.49009862844814306
alpha_1p5,alpha,1.5,2ec_high_off,428956419,282,0.5111993661100804
alpha_1p5,alpha,1.5,2ec_high_off,564738291,29,0.2535228377065112
alpha_1p5,alpha,1.5,2ec_high_off,577215664,282,0.47404644423558895
alpha_1p5,alpha,1.5,2ec_high_off,602214076,29,0.2535228377065112
alpha_1p5,alpha,1.5,2ec_high_off,633816299,282,0.4354966096470951
alpha_1p5,alpha,1.5,2ec_high_off,675849302,282,0.43573561346362655
alpha_1p5,alpha,1.5,2ec_high_off,707106781,29,0.2535228377065112
alpha_1p5,alpha,1.5,2ec_high_off,794161987,29,0.2535228377065112
alpha_1p5,alpha,1.5,2ec_high_off,866025403,282,0.4354966096470951
alpha_1p5,alpha,1.5,2ec_high_off,918273645,282,0.49009862844814306
alpha_1p5,alpha,1.5,2ec_high_off,987654321,21,0.2535228377065112
alpha_1p5,alpha,1.5,2ec_high_off,1029384756,282,0.47404644423558895
alpha_1p5,alpha,1.5,2ec_high_off,1123581321,29,0.2535228377065112
alpha_1p5,alpha,1.5,2ec_high_off,1145661099,29,0.2535228377065112
alpha_1p5,alpha,1.5,2ec_high_off,1282538739,288,0.45328844652615147
alpha_1p5,alpha,1.5,2ec_high_off,1329531353,233,0.45621584699453555
alpha_1p5,alpha,1.5,2ec_high_off,1410143363,29,0.2535228377065112
alpha_1p5,alpha,1.5,2ec_high_off,1835732737,28,0.2535228377065112
alpha_1p5,alpha,1.5,2ec_high_off,1954324947,21,0.2535228377065112
alpha_1p75,alpha,1.75,2ec_high_off,123456789,233,0.45328844652615147
alpha_1p75,alpha,1.75,2ec_high_off,135792468,21,0.2535228377065112
alpha_1p75,alpha,1.75,2ec_high_off,141421356,282,0.4354966096470951
alpha_1p75,alpha,1.75,2ec_high_off,161803398,282,0.4991426206244088
alpha_1p75,alpha,1.75,2ec_high_off,173205080,21,0.2535228377065112
alpha_1p75,alpha,1.75,2ec_high_off,200496737,233,0.5508317565436771
alpha_1p75,alpha,1.75,2ec_high_off,223606797,21,0.2535228377065112
alpha_1p75,alpha,1.75,2ec_high_off,246813579,282,0.47404644423558895
alpha_1p75,alpha,1.75,2ec_high_off,271828182,229,0.47404644423558895
alpha_1p75,alpha,1.75,2ec_high_off,299792458,282,0.47404644423558895
alpha_1p75,alpha,1.75,2ec_high_off,314159265,282,0.49009862844814306
alpha_1p75,alpha,1.75,2ec_high_off,428956419,282,0.5111993661100804
alpha_1p75,alpha,1.75,2ec_high_off,564738291,29,0.2535228377065112
alpha_1p75,alpha,1.75,2ec_high_off,577215664,282,0.47404644423558895
alpha_1p75,alpha,1.75,2ec_high_off,602214076,29,0.2535228377065112
alpha_1p75,alpha,1.75,2ec_high_off,633816299,282,0.4354966096470951
alpha_1p75,alpha,1.75,2ec_high_off,675849302,282,0.4692880409492788
alpha_1p75,alpha,1.75,2ec_high_off,707106781,29,0.2535228377065112
alpha_1p75,alpha,1.75,2ec_high_off,794161987,29,0.2535228377065112
alpha_1p75,alpha,1.75,2ec_high_off,866025403,282,0.4354966096470951
alpha_1p75,alpha,1.75,2ec_high_off,918273645,282,0.49009862844814306
alpha_1p75,alpha,1.75,2ec_high_off,987654321,21,0.2535228377065112
alpha_1p75,alpha,1.75,2ec_high_off,1029384756,282,0.47404644423558895
alpha_1p75,alpha,1.75,2ec_high_off,1123581321,29,0.2535228377065112
alpha_1p75,alpha,1.75,2ec_high_off,1145661099,288,0.45328844652615147
alpha_1p75,alpha,1.75,2ec_high_off,1282538739,288,0.45621584699453555
alpha_1p75,alpha,1.75,2ec_high_off,1329531353,233,0.45621584699453555
alpha_1p75,alpha,1.75,2ec_high_off,1410143363,29,0.2535228377065112
alpha_1p75,alpha,1.75,2ec_high_off,1835732737,28,0.2535228377065112
alpha_1p75,alpha,1.75,2ec_high_off,1954324947,21,0.2535228377065112
alpha_2p0,alpha,2.0,2ec_high_off,123456789,233,0.45328844652615147
alpha_2p0,alpha,2.0,2ec_high_off,135792468,21,0.2535228377065112
alpha_2p0,alpha,2.0,2ec_high_off,141421356,282,0.49009862844814306
alpha_2p0,alpha,2.0,2ec_high_off,161803398,282,0.4991426206244088
alpha_2p0,alpha,2.0,2ec_high_off,173205080,21,0.2535228377065112
alpha_2p0,alpha,2.0,2ec_high_off,200496737,233,0.5508317565436771
alpha_2p0,alpha,2.0,2ec_high_off,223606797,21,0.2535228377065112
alpha_2p0,alpha,2.0,2ec_high_off,246813579,282,0.47404644423558895
alpha_2p0,alpha,2.0,2ec_high_off,271828182,229,0.5111993661100804
alpha_2p0,alpha,2.0,2ec_high_off,299792458,282,0.47404644423558895
alpha_2p0,alpha,2.0,2ec_high_off,314159265,282,0.49009862844814306
alpha_2p0,alpha,2.0,2ec_high_off,428956419,282,0.5111993661100804
alpha_2p0,alpha,2.0,2ec_high_off,564738291,29,0.2535228377065112
alpha_2p0,alpha,2.0,2ec_high_off,577215664,282,0.47404644423558895
alpha_2p0,alpha,2.0,2ec_high_off,602214076,29,0.2535228377065112
alpha_2p0,alpha,2.0,2ec_high_off,633816299,282,0.4354966096470951
alpha_2p0,alpha,2.0,2ec_high_off,675849302,282,0.4692880409492788
alpha_2p0,alpha,2.0,2ec_high_off,707106781,29,0.2535228377065112
alpha_2p0,alpha,2.0,2ec_high_off,794161987,29,0.2535228377065112
alpha_2p0,alpha,2.0,2ec_high_off,866025403,282,0.4354966096470951
alpha_2p0,alpha,2.0,2ec_high_off,918273645,282,0.49009862844814306
alpha_2p0,alpha,2.0,2ec_high_off,987654321,21,0.2535228377065112
alpha_2p0,alpha,2.0,2ec_high_off,1029384756,282,0.47404644423558895
alpha_2p0,alpha,2.0,2ec_high_off,1123581321,29,0.2535228377065112
alpha_2p0,alpha,2.0,2ec_high_off,1145661099,288,0.45328844652615147
alpha_2p0,alpha,2.0,2ec_high_off,1282538739,288,0.45621584699453555
alpha_2p0,alpha,2.0,2ec_high_off,1329531353,233,0.45621584699453555
alpha_2p0,alpha,2.0,2ec_high_off,1410143363,29,0.2535228377065112
alpha_2p0,alpha,2.0,2ec_high_off,1835732737,28,0.2535228377065112
alpha_2p0,alpha,2.0,2ec_high_off,1954324947,21,0.2535228377065112
beta_0p25,beta,0.25,2ec_high_off,123456789,233,0.4397866250325267
beta_0p25,beta,0.25,2ec_high_off,135792468,21,0.24586977648202138
beta_0p25,beta,0.25,2ec_high_off,141421356,282,0.41601171212821697
beta_0p25,beta,0.25,2ec_high_off,161803398,282,0.48007989067591716
beta_0p25,beta,0.25,2ec_high_off,173205080,228,0.42396313364055294
beta_0p25,beta,0.25,2ec_high_off,200496737,233,0.4397866250325267
beta_0p25,beta,0.25,2ec_high_off,223606797,21,0.24586977648202138
beta_0p25,beta,0.25,2ec_high_off,246813579,282,0.4548350041771094
beta_0p25,beta,0.25,2ec_high_off,271828182,229,0.4548350041771094
beta_0p25,beta,0.25,2ec_high_off,299792458,282,0.4548350041771094
beta_0p25,beta,0.25,2ec_high_off,314159265,282,0.41601171212821697
beta_0p25,beta,0.25,2ec_high_off,428956419,282,0.48007989067591716
beta_0p25,beta,0.25,2ec_high_off,564738291,29,0.24586977648202138
beta_0p25,beta,0.25,2ec_high_off,577215664,282,0.4548350041771094
beta_0p25,beta,0.25,2ec_high_off,602214076,29,0.24586977648202138
beta_0p25,beta,0.25,2ec_high_off,633816299,282,0.41601171212821697
beta_0p25,beta,0.25,2ec_high_off,675849302,282,0.4433004433004433
beta_0p25,beta,0.25,2ec_high_off,707106781,29,0.24586977648202138
beta_0p25,beta,0.25,2ec_high_off,794161987,29,0.24586977648202138
beta_0p25,beta,0.25,2ec_high_off,866025403,282,0.45002145002145005
beta_0p25,beta,0.25,2ec_high_off,918273645,282,0.41601171212821697
beta_0p25,beta,0.25,2ec_high_off,987654321,21,0.24586977648202138
beta_0p25,beta,0.25,2ec_high_off,1029384756,282,0.4548350041771094
beta_0p25,beta,0.25,2ec_high_off,1123581321,29,0.24586977648202138
beta_0p25,beta,0.25,2ec_high_off,1145661099,288,0.4397866250325267
beta_0p25,beta,0.25,2ec_high_off,1282538739,288,0.4397866250325267
beta_0p25,beta,0.25,2ec_high_off,1329531353,233,0.4397866250325267
beta_0p25,beta,0.25,2ec_high_off,1410143363,29,0.24586977648202138
beta_0p25,beta,0.25,2ec_high_off,1835732737,229,0.45002145002145005
beta_0p25,beta,0.25,2ec_high_off,1954324947,21,0.24586977648202138
beta_0p5,beta,0.5,2ec_high_off,123456789,233,0.4397866250325267
beta_0p5,beta,0.5,2ec_high_off,135792468,21,0.24586977648202138
beta_0p5,beta,0.5,2ec_high_off,141421356,282,0.41601171212821697
beta_0p5,beta,0.5,2ec_high_off,161803398,282,0.48007989067591716
beta_0p5,beta,0.5,2ec_high_off,173205080,21,0.24586977648202138
beta_0p5,beta,0.5,2ec_high_off,200496737,233,0.4397866250325267
beta_0p5,beta,0.5,2ec_high_off,223606797,21,0.24586977648202138
beta_0p5,beta,0.5,2ec_high_off,246813579,282,0.4548350041771094
beta_0p5,beta,0.5,2ec_high_off,271828182,229,0.4548350041771094
beta_0p5,beta,0.5,2ec_high_off,299792458,282,0.4548350041771094
beta_0p5,beta,0.5,2ec_high_off,314159265,282,0.41601171212821697
beta_0p5,beta,0.5,2ec_high_off,428956419,282,0.4548350041771094
beta_0p5,beta,0.5,2ec_high_off,564738291,29,0.24586977648202138
beta_0p5,beta,0.5,2ec_high_off,577215664,282,0.4548350041771094
beta_0p5,beta,0.5,2ec_high_off,602214076,29,0.24586977648202138
beta_0p5,beta,0.5,2ec_high_off,633816299,282,0.41601171212821697
beta_0p5,beta,0.5,2ec_high_off,675849302,282,0.4433004433004433
beta_0p5,beta,0.5,2ec_high_off,707106781,29,0.24586977648202138
beta_0p5,beta,0.5,2ec_high_off,794161987,29,0.24586977648202138
beta_0p5,beta,0.5,2ec_high_off,866025403,282,0.41601171212821697
beta_0p5,beta,0.5,2ec_high_off,918273645,282,0.41601171212821697
beta_0p5,beta,0.5,2ec_high_off,987654321,21,0.24586977648202138
beta_0p5,beta,0.5,2ec_high_off,1029384756,282,0.4548350041771094
beta_0p5,beta,0.5,2ec_high_off,1123581321,29,0.24586977648202138
beta_0p5,beta,0.5,2ec_high_off,1145661099,288,0.4397866250325267
beta_0p5,beta,0.5,2ec_high_off,1282538739,288,0.4397866250325267
beta_0p5,beta,0.5,2ec_high_off,1329531353,233,0.4397866250325267
beta_0p5,beta,0.5,2ec_high_off,1410143363,29,0.24586977648202138
beta_0p5,beta,0.5,2ec_high_off,1835732737,28,0.24586977648202138
beta_0p5,beta,0.5,2ec_high_off,1954324947,21,0.24586977648202138
beta_0p75,beta,0.75,2ec_high_off,123456789,233,0.45328844652615147
beta_0p75,beta,0.75,2ec_high_off,135792468,21,0.2535228377065112
beta_0p75,beta,0.75,2ec_high_off,141421356,282,0.4354966096470951
beta_0p75,beta,0.75,2ec_high_off,161803398,282,0.43573561346362655
beta_0p75,beta,0.75,2ec_high_off,173205080,21,0.2535228377065112
beta_0p75,beta,0.75,2ec_high_off,200496737,229,0.47404644423558895
beta_0p75,beta,0.75,2ec_high_off,223606797,21,0.2535228377065112
beta_0p75,beta,0.75,2ec_high_off,246813579,282,0.47404644423558895
beta_0p75,beta,0.75,2ec_high_off,271828182,229,0.47404644423558895
beta_0p75,beta,0.75,2ec_high_off,299792458,282,0.47404644423558895
beta_0p75,beta,0.75,2ec_high_off,314159265,282,0.4354966096470951
beta_0p75,beta,0.75,2ec_high_off,428956419,282,0.47404644423558895
beta_0p75,beta,0.75,2ec_high_off,564738291,29,0.2535228377065112
beta_0p75,beta,0.75,2ec_high_off,577215664,282,0.47404644423558895
beta_0p75,beta,0.75,2ec_high_off,602214076,29,0.2535228377065112
beta_0p75,beta,0.75,2ec_high_off,633816299,282,0.4354966096470951
beta_0p75,beta,0.75,2ec_high_off,675849302,29,0.2535228377065112
beta_0p75,beta,0.75,2ec_high_off,707106781,29,0.2535228377065112
beta_0p75,beta,0.75,2ec_high_off,794161987,29,0.2535228377065112
beta_0p75,beta,0.75,2ec_high_off,866025403,282,0.4354966096470951
beta_0p75,beta,0.75,2ec_high_off,918273645,282,0.4354966096470951
beta_0p75,beta,0.75,2ec_high_off,987654321,21,0.2535228377065112
beta_0p75,beta,0.75,2ec_high_off,1029384756,282,0.47404644423558895
beta_0p75,beta,0.75,2ec_high_off,1123581321,29,0.2535228377065112
beta_0p75,beta,0.75,2ec_high_off,1145661099,29,0.2535228377065112
beta_0p75,beta,0.75,2ec_high_off,1282538739,288,0.4436539938556068
beta_0p75,beta,0.75,2ec_high_off,1329531353,233,0.45328844652615147
beta_0p75,beta,0.75,2ec_high_off,1410143363,29,0.2535228377065112
beta_0p75,beta,0.75,2ec_high_off,1835732737,28,0.2535228377065112
beta_0p75,beta,0.75,2ec_high_off,1954324947,21,0.2535228377065112
beta_1p0,beta,1.0,2ec_high_off,123456789,233,0.4572996863416025
beta_1p0,beta,1.0,2ec_high_off,135792468,21,0.24586977648202138
beta_1p0,beta,1.0,2ec_high_off,141421356,282,0.41601171212821697
beta_1p0,beta,1.0,2ec_high_off,161803398,282,0.41639522258414763
beta_1p0,beta,1.0,2ec_high_off,173205080,21,0.24586977648202138
beta_1p0,beta,1.0,2ec_high_off,200496737,28,0.24586977648202138
beta_1p0,beta,1.0,2ec_high_off,223606797,21,0.24586977648202138
beta_1p0,beta,1.0,2ec_high_off,246813579,282,0.4548350041771094
beta_1p0,beta,1.0,2ec_high_off,271828182,229,0.4548350041771094
beta_1p0,beta,1.0,2ec_high_off,299792458,282,0.4548350041771094
beta_1p0,beta,1.0,2ec_high_off,314159265,282,0.41601171212821697
beta_1p0,beta,1.0,2ec_high_off,428956419,29,0.24586977648202138
beta_1p0,beta,1.0,2ec_high_off,564738291,29,0.24586977648202138
beta_1p0,beta,1.0,2ec_high_off,577215664,282,0.4548350041771094
beta_1p0,beta,1.0,2ec_high_off,602214076,29,0.24586977648202138
beta_1p0,beta,1.0,2ec_high_off,633816299,282,0.41601171212821697
beta_1p0,beta,1.0,2ec_high_off,675849302,29,0.24586977648202138
beta_1p0,beta,1.0,2ec_high_off,707106781,29,0.24586977648202138
beta_1p0,beta,1.0,2ec_high_off,794161987,29,0.24586977648202138
beta_1p0,beta,1.0,2ec_high_off,866025403,282,0.41601171212821697
beta_1p0,beta,1.0,2ec_high_off,918273645,282,0.41601171212821697
beta_1p0,beta,1.0,2ec_high_off,987654321,21,0.24586977648202138
beta_1p0,beta,1.0,2ec_high_off,1029384756,282,0.4548350041771094
beta_1p0,beta,1.0,2ec_high_off,1123581321,29,0.24586977648202138
beta_1p0,beta,1.0,2ec_high_off,1145661099,29,0.24586977648202138
beta_1p0,beta,1.0,2ec_high_off,1282538739,288,0.42396313364055294
beta_1p0,beta,1.0,2ec_high_off,1329531353,28,0.24586977648202138
beta_1p0,beta,1.0,2ec_high_off,1410143363,29,0.24586977648202138
beta_1p0,beta,1.0,2ec_high_off,1835732737,28,0.24586977648202138
beta_1p0,beta,1.0,2ec_high_off,1954324947,21,0.24586977648202138
beta_1p25,beta,1.25,2ec_high_off,123456789,233,0.4572996863416025
beta_1p25,beta,1.25,2ec_high_off,135792468,21,0.24586977648202138
beta_1p25,beta,1.25,2ec_high_off,141421356,282,0.41601171212821697
beta_1p25,beta,1.25,2ec_high_off,161803398,29,0.24586977648202138
beta_1p25,beta,1.25,2ec_high_off,173205080,21,0.24586977648202138
beta_1p25,beta,1.25,2ec_high_off,200496737,28,0.24586977648202138
beta_1p25,beta,1.25,2ec_high_off,223606797,21,0.24586977648202138
beta_1p25,beta,1.25,2ec_high_off,246813579,282,0.4548350041771094
beta_1p25,beta,1.25,2ec_high_off,271828182,229,0.4548350041771094
beta_1p25,beta,1.25,2ec_high_off,299792458,282,0.4548350041771094
beta_1p25,beta,1.25,2ec_high_off,314159265,282,0.41601171212821697
beta_1p25,beta,1.25,2ec_high_off,428956419,29,0.24586977648202138
beta_1p25,beta,1.25,2ec_high_off,564738291,29,0.24586977648202138
beta_1p25,beta,1.25,2ec_high_off,577215664,282,0.4548350041771094
beta_1p25,beta,1.25,2ec_high_off,602214076,29,0.24586977648202138
beta_1p25,beta,1.25,2ec_high_off,633816299,282,0.41601171212821697
beta_1p25,beta,1.25,2ec_high_off,675849302,29,0.24586977648202138
beta_1p25,beta,1.25,2ec_high_off,707106781,29,0.24586977648202138
beta_1p25,beta,1.25,2ec_high_off,794161987,29,0.24586977648202138
beta_1p25,beta,1.25,2ec_high_off,866025403,282,0.41601171212821697
beta_1p25,beta,1.25,2ec_high_off,918273645,282,0.41601171212821697
beta_1p25,beta,1.25,2ec_high_off,987654321,21,0.24586977648202138
beta_1p25,beta,1.25,2ec_high_off,1029384756,282,0.4548350041771094
beta_1p25,beta,1.25,2ec_high_off,1123581321,29,0.24586977648202138
beta_1p25,beta,1.25,2ec_high_off,1145661099,29,0.24586977648202138
beta_1p25,beta,1.25,2ec_high_off,1282538739,288,0.42396313364055294
beta_1p25,beta,1.25,2ec_high_off,1329531353,28,0.24586977648202138
beta_1p25,beta,1.25,2ec_high_off,1410143363,29,0.24586977648202138
beta_1p25,beta,1.25,2ec_high_off,1835732737,28,0.24586977648202138
beta_1p25,beta,1.25,2ec_high_off,1954324947,21,0.24586977648202138
beta_1p5,beta,1.5,2ec_high_off,123456789,253,0.4967042642299638
beta_1p5,beta,1.5,2ec_high_off,135792468,21,0.296968787515006
beta_1p5,beta,1.5,2ec_high_off,141421356,282,0.4967042642299638
beta_1p5,beta,1.5,2ec_high_off,161803398,29,0.296968787515006
beta_1p5,beta,1.5,2ec_high_off,173205080,21,0.296968787515006
beta_1p5,beta,1.5,2ec_high_off,200496737,28,0.296968787515006
beta_1p5,beta,1.5,2ec_high_off,223606797,21,0.296968787515006
beta_1p5,beta,1.5,2ec_high_off,246813579,282,0.4967042642299638
beta_1p5,beta,1.5,2ec_high_off,271828182,28,0.296968787515006
beta_1p5,beta,1.5,2ec_high_off,299792458,282,0.5449037345201239
beta_1p5,beta,1.5,2ec_high_off,314159265,282,0.4967042642299638
beta_1p5,beta,1.5,2ec_high_off,428956419,29,0.296968787515006
beta_1p5,beta,1.5,2ec_high_off,564738291,29,0.296968787515006
beta_1p5,beta,1.5,2ec_high_off,577215664,282,0.5449037345201239
beta_1p5,beta,1.5,2ec_high_off,602214076,29,0.296968787515006
beta_1p5,beta,1.5,2ec_high_off,633816299,282,0.4967042642299638
beta_1p5,beta,1.5,2ec_high_off,675849302,29,0.296968787515006
beta_1p5,beta,1.5,2ec_high_off,707106781,29,0.296968787515006
beta_1p5,beta,1.5,2ec_high_off,794161987,29,0.296968787515006
beta_1p5,beta,1.5,2ec_high_off,866025403,282,0.4967042642299638
beta_1p5,beta,1.5,2ec_high_off,918273645,282,0.4967042642299638
beta_1p5,beta,1.5,2ec_high_off,987654321,21,0.296968787515006
beta_1p5,beta,1.5,2ec_high_off,1029384756,282,0.5449037345201239
beta_1p5,beta,1.5,2ec_high_off,1123581321,29,0.296968787515006
beta_1p5,beta,1.5,2ec_high_off,1145661099,29,0.296968787515006
beta_1p5,beta,1.5,2ec_high_off,1282538739,282,0.4967042642299638
beta_1p5,beta,1.5,2ec_high_off,1329531353,28,0.296968787515006
beta_1p5,beta,1.5,2ec_high_off,1410143363,29,0.296968787515006
beta_1p5,beta,1.5,2ec_high_off,1835732737,28,0.296968787515006
beta_1p5,beta,1.5,2ec_high_off,1954324947,21,0.296968787515006
beta_1p75,beta,1.75,2ec_high_off,123456789,253,0.4967042642299638
beta_1p75,beta,1.75,2ec_high_off,135792468,21,0.296968787515006
beta_1p75,beta,1.75,2ec_high_off,141421356,282,0.4967042642299638
beta_1p75,beta,1.75,2ec_high_off,161803398,29,0.296968787515006
beta_1p75,beta,1.75,2ec_high_off,173205080,21,0.296968787515006
beta_1p75,beta,1.75,2ec_high_off,200496737,28,0.296968787515006
beta_1p75,beta,1.75,2ec_high_off,223606797,21,0.296968787515006
beta_1p75,beta,1.75,2ec_high_off,246813579,282,0.4967042642299638
beta_1p75,beta,1.75,2ec_high_off,271828182,28,0.296968787515006
beta_1p75,beta,1.75,2ec_high_off,299792458,282,0.5449037345201239
beta_1p75,beta,1.75,2ec_high_off,314159265,282,0.4967042642299638
beta_1p75,beta,1.75,2ec_high_off,428956419,29,0.296968787515006
beta_1p75,beta,1.75,2ec_high_off,564738291,29,0.296968787515006
beta_1p75,beta,1.75,2ec_high_off,577215664,282,0.5449037345201239
beta_1p75,beta,1.75,2ec_high_off,602214076,29,0.296968787515006
beta_1p75,beta,1.75,2ec_high_off,633816299,282,0.4967042642299638
beta_1p75,beta,1.75,2ec_high_off,675849302,29,0.296968787515006
beta_1p75,beta,1.75,2ec_high_off,707106781,29,0.296968787515006
beta_1p75,beta,1.75,2ec_high_off,794161987,29,0.296968787515006
beta_1p75,beta,1.75,2ec_high_off,866025403,282,0.4967042642299638
beta_1p75,beta,1.75,2ec_high_off,918273645,282,0.4967042642299638
beta_1p75,beta,1.75,2ec_high_off,987654321,21,0.296968787515006
beta_1p75,beta,1.75,2ec_high_off,1029384756,282,0.4967042642299638
beta_1p75,beta,1.75,2ec_high_off,1123581321,29,0.296968787515006
beta_1p75,beta,1.75,2ec_high_off,1145661099,29,0.296968787515006
beta_1p75,beta,1.75,2ec_high_off,1282538739,282,0.4967042642299638
beta_1p75,beta,1.75,2ec_high_off,1329531353,28,0.296968787515006
beta_1p75,beta,1.75,2ec_high_off,1410143363,29,0.296968787515006
beta_1p75,beta,1.75,2ec_high_off,1835732737,28,0.296968787515006
beta_1p75,beta,1.75,2ec_high_off,1954324947,21,0.296968787515006
beta_2p0,beta,2.0,2ec_high_off,123456789,253,0.4967042642299638
beta_2p0,beta,2.0,2ec_high_off,135792468,21,0.296968787515006
beta_2p0,beta,2.0,2ec_high_off,141421356,282,0.4967042642299638
beta_2p0,beta,2.0,2ec_high_off,161803398,29,0.296968787515006
beta_2p0,beta,2.0,2ec_high_off,173205080,21,0.296968787515006
beta_2p0,beta,2.0,2ec_high_off,200496737,28,0.296968787515006
beta_2p0,beta,2.0,2ec_high_off,223606797,21,0.296968787515006
beta_2p0,beta,2.0,2ec_high_off,246813579,282,0.4967042642299638
beta_2p0,beta,2.0,2ec_high_off,271828182,28,0.296968787515006
beta_2p0,beta,2.0,2ec_high_off,299792458,282,0.5449037345201239
beta_2p0,beta,2.0,2ec_high_off,314159265,282,0.4967042642299638
beta_2p0,beta,2.0,2ec_high_off,428956419,29,0.296968787515006
beta_2p0,beta,2.0,2ec_high_off,564738291,29,0.296968787515006
beta_2p0,beta,2.0,2ec_high_off,577215664,282,0.5449037345201239
beta_2p0,beta,2.0,2ec_high_off,602214076,29,0.296968787515006
beta_2p0,beta,2.0,2ec_high_off,633816299,282,0.4967042642299638
beta_2p0,beta,2.0,2ec_high_off,675849302,29,0.296968787515006
beta_2p0,beta,2.0,2ec_high_off,707106781,29,0.296968787515006
beta_2p0,beta,2.0,2ec_high_off,794161987,29,0.296968787515006
beta_2p0,beta,2.0,2ec_high_off,866025403,29,0.296968787515006
beta_2p0,beta,2.0,2ec_high_off,918273645,282,0.4967042642299638
beta_2p0,beta,2.0,2ec_high_off,987654321,21,0.296968787515006
beta_2p0,beta,2.0,2ec_high_off,1029384756,282,0.4967042642299638
beta_2p0,beta,2.0,2ec_high_off,1123581321,29,0.296968787515006
beta_2p0,beta,2.0,2ec_high_off,1145661099,29,0.296968787515006
beta_2p0,beta,2.0,2ec_high_off,1282538739,29,0.296968787515006
beta_2p0,beta,2.0,2ec_high_off,1329531353,28,0.296968787515006
beta_2p0,beta,2.0,2ec_high_off,1410143363,29,0.296968787515006
beta_2p0,beta,2.0,2ec_high_off,1835732737,28,0.296968787515006
beta_2p0,beta,2.0,2ec_high_off,1954324947,21,0.296968787515006
eta_0p25,eta,0.25,2ec_high_off,123456789,233,0.4572996863416025
eta_0p25,eta,0.25,2ec_high_off,135792468,21,0.24586977648202138
eta_0p25,eta,0.25,2ec_high_off,141421356,282,0.41601171212821697
eta_0p25,eta,0.25,2ec_high_off,161803398,282,0.41639522258414763
eta_0p25,eta,0.25,2ec_high_off,173205080,21,0.24586977648202138
eta_0p25,eta,0.25,2ec_high_off,200496737,28,0.24586977648202138
eta_0p25,eta,0.25,2ec_high_off,223606797,21,0.24586977648202138
eta_0p25,eta,0.25,2ec_high_off,246813579,282,0.4548350041771094
eta_0p25,eta,0.25,2ec_high_off,271828182,229,0.4548350041771094
eta_0p25,eta,0.25,2ec_high_off,299792458,282,0.4548350041771094
eta_0p25,eta,0.25,2ec_high_off,314159265,282,0.41601171212821697
eta_0p25,eta,0.25,2ec_high_off,428956419,29,0.24586977648202138
eta_0p25,eta,0.25,2ec_high_off,564738291,29,0.24586977648202138
eta_0p25,eta,0.25,2ec_high_off,577215664,282,0.4548350041771094
eta_0p25,eta,0.25,2ec_high_off,602214076,29,0.24586977648202138
eta_0p25,eta,0.25,2ec_high_off,633816299,282,0.41601171212821697
eta_0p25,eta,0.25,2ec_high_off,675849302,29,0.24586977648202138
eta_0p25,eta,0.25,2ec_high_off,707106781,29,0.24586977648202138
eta_0p25,eta,0.25,2ec_high_off,794161987,29,0.24586977648202138
eta_0p25,eta,0.25,2ec_high_off,866025403,282,0.41601171212821697
eta_0p25,eta,0.25,2ec_high_off,918273645,282,0.41601171212821697
eta_0p25,eta,0.25,2ec_high_off,987654321,21,0.24586977648202138
eta_0p25,eta,0.25,2ec_high_off,1029384756,282,0.4548350041771094
eta_0p25,eta,0.25,2ec_high_off,1123581321,29,0.24586977648202138
eta_0p25,eta,0.25,2ec_high_off,1145661099,29,0.24586977648202138
eta_0p25,eta,0.25,2ec_high_off,1282538739,288,0.42396313364055294
eta_0p25,eta,0.25,2ec_high_off,1329531353,28,0.24586977648202138
eta_0p25,eta,0.25,2ec_high_off,1410143363,29,0.24586977648202138
eta_0p25,eta,0.25,2ec_high_off,1835732737,28,0.24586977648202138
eta_0p25,eta,0.25,2ec_high_off,1954324947,21,0.24586977648202138
eta_0p5,eta,0.5,2ec_high_off,123456789,233,0.4572996863416025
eta_0p5,eta,0.5,2ec_high_off,135792468,21,0.24586977648202138
eta_0p5,eta,0.5,2ec_high_off,141421356,282,0.41601171212821697
eta_0p5,eta,0.5,2ec_high_off,161803398,282,0.41639522258414763
eta_0p5,eta,0.5,2ec_high_off,173205080,21,0.24586977648202138
eta_0p5,eta,0.5,2ec_high_off,200496737,28,0.24586977648202138
eta_0p5,eta,0.5,2ec_high_off,223606797,21,0.24586977648202138
eta_0p5,eta,0.5,2ec_high_off,246813579,282,0.4548350041771094
eta_0p5,eta,0.5,2ec_high_off,271828182,229,0.4548350041771094
eta_0p5,eta,0.5,2ec_high_off,299792458,282,0.4548350041771094
eta_0p5,eta,0.5,2ec_high_off,314159265,282,0.41601171212821697
eta_0p5,eta,0.5,2ec_high_off,428956419,29,0.24586977648202138
eta_0p5,eta,0.5,2ec_high_off,564738291,29,0.24586977648202138
eta_0p5,eta,0.5,2ec_high_off,577215664,282,0.4548350041771094
eta_0p5,eta,0.5,2ec_high_off,602214076,29,0.24586977648202138
eta_0p5,eta,0.5,2ec_high_off,633816299,282,0.41601171212821697
eta_0p5,eta,0.5,2ec_high_off,675849302,29,0.24586977648202138
eta_0p5,eta,0.5,2ec_high_off,707106781,29,0.24586977648202138
eta_0p5,eta,0.5,2ec_high_off,794161987,29,0.24586977648202138
eta_0p5,eta,0.5,2ec_high_off,866025403,282,0.41601171212821697
eta_0p5,eta,0.5,2ec_high_off,918273645,282,0.41601171212821697
eta_0p5,eta,0.5,2ec_high_off,987654321,21,0.24586977648202138
eta_0p5,eta,0.5,2ec_high_off,1029384756,282,0.4548350041771094
eta_0p5,eta,0.5,2ec_high_off,1123581321,29,0.24586977648202138
eta_0p5,eta,0.5,2ec_high_off,1145661099,29,0.24586977648202138
eta_0p5,eta,0.5,2ec_high_off,1282538739,288,0.42396313364055294
eta_0p5,eta,0.5,2ec_high_off,1329531353,28,0.24586977648202138
eta_0p5,eta,0.5,2ec_high_off,1410143363,29,0.24586977648202138
eta_0p5,eta,0.5,2ec_high_off,1835732737,28,0.24586977648202138
eta_0p5,eta,0.5,2ec_high_off,1954324947,21,0.24586977648202138
eta_0p75,eta,0.75,2ec_high_off,123456789,233,0.4572996863416025
eta_0p75,eta,0.75,2ec_high_off,135792468,21,0.24586977648202138
eta_0p75,eta,0.75,2ec_high_off,141421356,282,0.41601171212821697
eta_0p75,eta,0.75,2ec_high_off,161803398,282,0.41639522258414763
eta_0p75,eta,0.75,2ec_high_off,173205080,21,0.24586977648202138
eta_0p75,eta,0.75,2ec_high_off,200496737,28,0.24586977648202138
eta_0p75,eta,0.75,2ec_high_off,223606797,21,0.24586977648202138
eta_0p75,eta,0.75,2ec_high_off,246813579,282,0.4548350041771094
eta_0p75,eta,0.75,2ec_high_off,271828182,229,0.4548350041771094
eta_0p75,eta,0.75,2ec_high_off,299792458,282,0.4548350041771094
eta_0p75,eta,0.75,2ec_high_off,314159265,282,0.41601171212821697
eta_0p75,eta,0.75,2ec_high_off,428956419,29,0.24586977648202138
eta_0p75,eta,0.75,2ec_high_off,564738291,29,0.24586977648202138
eta_0p75,eta,0.75,2ec_high_off,577215664,282,0.4548350041771094
eta_0p75,eta,0.75,2ec_high_off,602214076,29,0.24586977648202138
eta_0p75,eta,0.75,2ec_high_off,633816299,282,0.41601171212821697
eta_0p75,eta,0.75,2ec_high_off,675849302,29,0.24586977648202138
eta_0p75,eta,0.75,2ec_high_off,707106781,29,0.24586977648202138
eta_0p75,eta,0.75,2ec_high_off,794161987,29,0.24586977648202138
eta_0p75,eta,0.75,2ec_high_off,866025403,282,0.41601171212821697
eta_0p75,eta,0.75,2ec_high_off,918273645,282,0.41601171212821697
eta_0p75,eta,0.75,2ec_high_off,987654321,21,0.24586977648202138
eta_0p75,eta,0.75,2ec_high_off,1029384756,282,0.4548350041771094
eta_0p75,eta,0.75,2ec_high_off,1123581321,29,0.24586977648202138
eta_0p75,eta,0.75,2ec_high_off,1145661099,29,0.24586977648202138
eta_0p75,eta,0.75,2ec_high_off,1282538739,288,0.42396313364055294
eta_0p75,eta,0.75,2ec_high_off,1329531353,28,0.24586977648202138
eta_0p75,eta,0.75,2ec_high_off,1410143363,29,0.24586977648202138
eta_0p75,eta,0.75,2ec_high_off,1835732737,28,0.24586977648202138
eta_0p75,eta,0.75,2ec_high_off,1954324947,21,0.24586977648202138
eta_1p0,eta,1.0,2ec_high_off,123456789,233,0.4572996863416025
eta_1p0,eta,1.0,2ec_high_off,135792468,21,0.24586977648202138
eta_1p0,eta,1.0,2ec_high_off,141421356,282,0.41601171212821697
eta_1p0,eta,1.0,2ec_high_off,161803398,282,0.41639522258414763
eta_1p0,eta,1.0,2ec_high_off,173205080,21,0.24586977648202138
eta_1p0,eta,1.0,2ec_high_off,200496737,28,0.24586977648202138
eta_1p0,eta,1.0,2ec_high_off,223606797,21,0.24586977648202138
eta_1p0,eta,1.0,2ec_high_off,246813579,282,0.4548350041771094
eta_1p0,eta,1.0,2ec_high_off,271828182,229,0.4548350041771094
eta_1p0,eta,1.0,2ec_high_off,299792458,282,0.4548350041771094
eta_1p0,eta,1.0,2ec_high_off,314159265,282,0.41601171212821697
eta_1p0,eta,1.0,2ec_high_off,428956419,29,0.24586977648202138
eta_1p0,eta,1.0,2ec_high_off,564738291,29,0.24586977648202138
eta_1p0,eta,1.0,2ec_high_off,577215664,282,0.4548350041771094
eta_1p0,eta,1.0,2ec_high_off,602214076,29,0.24586977648202138
eta_1p0,eta,1.0,2ec_high_off,633816299,282,0.41601171212821697
eta_1p0,eta,1.0,2ec_high_off,675849302,29,0.24586977648202138
eta_1p0,eta,1.0,2ec_high_off,707106781,29,0.24586977648202138
eta_1p0,eta,1.0,2ec_high_off,794161987,29,0.24586977648202138
eta_1p0,eta,1.0,2ec_high_off,866025403,282,0.41601171212821697
eta_1p0,eta,1.0,2ec_high_off,918273645,282,0.41601171212821697
eta_1p0,eta,1.0,2ec_high_off,987654321,21,0.24586977648202138
eta_1p0,eta,1.0,2ec_high_off,1029384756,282,0.4548350041771094
eta_1p0,eta,1.0,2ec_high_off,1123581321,29,0.24586977648202138
eta_1p0,eta,1.0,2ec_high_off,1145661099,29,0.24586977648202138
eta_1p0,eta,1.0,2ec_high_off,1282538739,288,0.42396313364055294
eta_1p0,eta,1.0,2ec_high_off,1329531353,28,0.24586977648202138
eta_1p0,eta,1.0,2ec_high_off,1410143363,29,0.24586977648202138
eta_1p0,eta,1.0,2ec_high_off,1835732737,28,0.24586977648202138
eta_1p0,eta,1.0,2ec_high_off,1954324947,21,0.24586977648202138
eta_1p25,eta,1.25,2ec_high_off,123456789,233,0.4572996863416025
eta_1p25,eta,1.25,2ec_high_off,135792468,21,0.24586977648202138
eta_1p25,eta,1.25,2ec_high_off,141421356,282,0.41601171212821697
eta_1p25,eta,1.25,2ec_high_off,161803398,282,0.41639522258414763
eta_1p25,eta,1.25,2ec_high_off,173205080,21,0.24586977648202138
eta_1p25,eta,1.25,2ec_high_off,200496737,28,0.24586977648202138
eta_1p25,eta,1.25,2ec_high_off,223606797,21,0.24586977648202138
eta_1p25,eta,1.25,2ec_high_off,246813579,282,0.4548350041771094
eta_1p25,eta,1.25,2ec_high_off,271828182,229,0.4548350041771094
eta_1p25,eta,1.25,2ec_high_off,299792458,282,0.4548350041771094
eta_1p25,eta,1.25,2ec_high_off,314159265,282,0.41601171212821697
eta_1p25,eta,1.25,2ec_high_off,428956419,29,0.24586977648202138
eta_1p25,eta,1.25,2ec_high_off,564738291,29,0.24586977648202138
eta_1p25,eta,1.25,2ec_high_off,577215664,282,0.4548350041771094
eta_1p25,eta,1.25,2ec_high_off,602214076,29,0.24586977648202138
eta_1p25,eta,1.25,2ec_high_off,633816299,282,0.41601171212821697
eta_1p25,eta,1.25,2ec_high_off,675849302,29,0.24586977648202138
eta_1p25,eta,1.25,2ec_high_off,707106781,29,0.24586977648202138
eta_1p25,eta,1.25,2ec_high_off,794161987,29,0.24586977648202138
eta_1p25,eta,1.25,2ec_high_off,866025403,282,0.41601171212821697
eta_1p25,eta,1.25,2ec_high_off,918273645,282,0.41601171212821697
eta_1p25,eta,1.25,2ec_high_off,987654321,21,0.24586977648202138
eta_1p25,eta,1.25,2ec_high_off,1029384756,282,0.4548350041771094
eta_1p25,eta,1.25,2ec_high_off,1123581321,29,0.24586977648202138
eta_1p25,eta,1.25,2ec_high_off,1145661099,29,0.24586977648202138
eta_1p25,eta,1.25,2ec_high_off,1282538739,288,0.42396313364055294
eta_1p25,eta,1.25,2ec_high_off,1329531353,28,0.24586977648202138
eta_1p25,eta,1.25,2ec_high_off,1410143363,29,0.24586977648202138
eta_1p25,eta,1.25,2ec_high_off,1835732737,28,0.24586977648202138
eta_1p25,eta,1.25,2ec_high_off,1954324947,21,0.24586977648202138
eta_1p5,eta,1.5,2ec_high_off,123456789,224,0.435626102292769
eta_1p5,eta,1.5,2ec_high_off,135792468,21,0.24586977648202138
eta_1p5,eta,1.5,2ec_high_off,141421356,282,0.41601171212821697
eta_1p5,eta,1.5,2ec_high_off,161803398,282,0.41639522258414763
eta_1p5,eta,1.5,2ec_high_off,173205080,21,0.24586977648202138
eta_1p5,eta,1.5,2ec_high_off,200496737,28,0.24586977648202138
eta_1p5,eta,1.5,2ec_high_off,223606797,21,0.24586977648202138
eta_1p5,eta,1.5,2ec_high_off,246813579,282,0.4548350041771094
eta_1p5,eta,1.5,2ec_high_off,271828182,229,0.4548350041771094
eta_1p5,eta,1.5,2ec_high_off,299792458,282,0.4548350041771094
eta_1p5,eta,1.5,2ec_high_off,314159265,282,0.41601171212821697
eta_1p5,eta,1.5,2ec_high_off,428956419,29,0.24586977648202138
eta_1p5,eta,1.5,2ec_high_off,564738291,29,0.24586977648202138
eta_1p5,eta,1.5,2ec_high_off,577215664,282,0.4548350041771094
eta_1p5,eta,1.5,2ec_high_off,602214076,29,0.24586977648202138
eta_1p5,eta,1.5,2ec_high_off,633816299,282,0.41601171212821697
eta_1p5,eta,1.5,2ec_high_off,675849302,29,0.24586977648202138
eta_1p5,eta,1.5,2ec_high_off,707106781,29,0.24586977648202138
eta_1p5,eta,1.5,2ec_high_off,794161987,29,0.24586977648202138
eta_1p5,eta,1.5,2ec_high_off,866025403,282,0.41601171212821697
eta_1p5,eta,1.5,2ec_high_off,918273645,282,0.41601171212821697
eta_1p5,eta,1.5,2ec_high_off,987654321,21,0.24586977648202138
eta_1p5,eta,1.5,2ec_high_off,1029384756,282,0.4548350041771094
eta_1p5,eta,1.5,2ec_high_off,1123581321,29,0.24586977648202138
eta_1p5,eta,1.5,2ec_high_off,1145661099,29,0.24586977648202138
eta_1p5,eta,1.5,2ec_high_off,1282538739,288,0.42396313364055294
eta_1p5,eta,1.5,2ec_high_off,1329531353,28,0.24586977648202138
eta_1p5,eta,1.5,2ec_high_off,1410143363,29,0.24586977648202138
eta_1p5,eta,1.5,2ec_high_off,1835732737,28,0.24586977648202138
eta_1p5,eta,1.5,2ec_high_off,1954324947,21,0.24586977648202138
eta_1p75,eta,1.75,2ec_high_off,123456789,224,0.5013052267954229
eta_1p75,eta,1.75,2ec_high_off,135792468,21,0.2893157262905162
eta_1p75,eta,1.75,2ec_high_off,141421356,282,0.4772193667110858
eta_1p75,eta,1.75,2ec_high_off,161803398,282,0.47796512741904573
eta_1p75,eta,1.75,2ec_high_off,173205080,21,0.2893157262905162
eta_1p75,eta,1.75,2ec_high_off,200496737,28,0.2893157262905162
eta_1p75,eta,1.75,2ec_high_off,223606797,21,0.2893157262905162
eta_1p75,eta,1.75,2ec_high_off,246813579,282,0.5256922944616443
eta_1p75,eta,1.75,2ec_high_off,271828182,229,0.5256922944616443
eta_1p75,eta,1.75,2ec_high_off,299792458,282,0.5256922944616443
eta_1p75,eta,1.75,2ec_high_off,314159265,282,0.4772193667110858
eta_1p75,eta,1.75,2ec_high_off,428956419,29,0.2893157262905162
eta_1p75,eta,1.75,2ec_high_off,564738291,29,0.2893157262905162
eta_1p75,eta,1.75,2ec_high_off,577215664,282,0.5256922944616443
eta_1p75,eta,1.75,2ec_high_off,602214076,29,0.2893157262905162
eta_1p75,eta,1.75,2ec_high_off,633816299,282,0.4772193667110858
eta_1p75,eta,1.75,2ec_high_off,675849302,29,0.2893157262905162
eta_1p75,eta,1.75,2ec_high_off,707106781,29,0.2893157262905162
eta_1p75,eta,1.75,2ec_high_off,794161987,29,0.2893157262905162
eta_1p75,eta,1.75,2ec_high_off,866025403,282,0.4772193667110858
eta_1p75,eta,1.75,2ec_high_off,918273645,282,0.4772193667110858
eta_1p75,eta,1.75,2ec_high_off,987654321,21,0.2893157262905162
eta_1p75,eta,1.75,2ec_high_off,1029384756,282,0.5256922944616443
eta_1p75,eta,1.75,2ec_high_off,1123581321,29,0.2893157262905162
eta_1p75,eta,1.75,2ec_high_off,1145661099,29,0.2893157262905162
eta_1p75,eta,1.75,2ec_high_off,1282538739,277,0.4956917702015741
eta_1p75,eta,1.75,2ec_high_off,1329531353,28,0.2893157262905162
eta_1p75,eta,1.75,2ec_high_off,1410143363,29,0.2893157262905162
eta_1p75,eta,1.75,2ec_high_off,1835732737,28,0.2893157262905162
eta_1p75,eta,1.75,2ec_high_off,1954324947,21,0.2893157262905162
eta_2p0,eta,2.0,2ec_high_off,123456789,224,0.5013052267954229
eta_2p0,eta,2.0,2ec_high_off,135792468,21,0.2893157262905162
eta_2p0,eta,2.0,2ec_high_off,141421356,282,0.4772193667110858
eta_2p0,eta,2.0,2ec_high_off,161803398,282,0.47796512741904573
eta_2p0,eta,2.0,2ec_high_off,173205080,21,0.2893157262905162
eta_2p0,eta,2.0,2ec_high_off,200496737,28,0.2893157262905162
eta_2p0,eta,2.0,2ec_high_off,223606797,21,0.2893157262905162
eta_2p0,eta,2.0,2ec_high_off,246813579,282,0.5256922944616443
eta_2p0,eta,2.0,2ec_high_off,271828182,229,0.5256922944616443
eta_2p0,eta,2.0,2ec_high_off,299792458,282,0.5256922944616443
eta_2p0,eta,2.0,2ec_high_off,314159265,282,0.4772193667110858
eta_2p0,eta,2.0,2ec_high_off,428956419,29,0.2893157262905162
eta_2p0,eta,2.0,2ec_high_off,564738291,29,0.2893157262905162
eta_2p0,eta,2.0,2ec_high_off,577215664,282,0.5256922944616443
eta_2p0,eta,2.0,2ec_high_off,602214076,29,0.2893157262905162
eta_2p0,eta,2.0,2ec_high_off,633816299,277,0.4956917702015741
eta_2p0,eta,2.0,2ec_high_off,675849302,277,0.4956917702015741
eta_2p0,eta,2.0,2ec_high_off,707106781,29,0.2893157262905162
eta_2p0,eta,2.0,2ec_high_off,794161987,29,0.2893157262905162
eta_2p0,eta,2.0,2ec_high_off,866025403,277,0.4956917702015741
eta_2p0,eta,2.0,2ec_high_off,918273645,282,0.4772193667110858
eta_2p0,eta,2.0,2ec_high_off,987654321,21,0.2893157262905162
eta_2p0,eta,2.0,2ec_high_off,1029384756,282,0.5256922944616443
eta_2p0,eta,2.0,2ec_high_off,1123581321,29,0.2893157262905162
eta_2p0,eta,2.0,2ec_high_off,1145661099,29,0.2893157262905162
eta_2p0,eta,2.0,2ec_high_off,1282538739,277,0.4956917702015741
eta_2p0,eta,2.0,2ec_high_off,1329531353,28,0.2893157262905162
eta_2p0,eta,2.0,2ec_high_off,1410143363,29,0.2893157262905162
eta_2p0,eta,2.0,2ec_high_off,1835732737,28,0.2893157262905162
eta_2p0,eta,2.0,2ec_high_off,1954324947,21,0.2893157262905162
gamma_0p25,gamma,0.25,2ec_high_off,123456789,233,0.45328844652615147
gamma_0p25,gamma,0.25,2ec_high_off,135792468,21,0.2535228377065112
gamma_0p25,gamma,0.25,2ec_high_off,141421356,282,0.49009862844814306
gamma_0p25,gamma,0.25,2ec_high_off,161803398,282,0.4991426206244088
gamma_0p25,gamma,0.25,2ec_high_off,173205080,21,0.2535228377065112
gamma_0p25,gamma,0.25,2ec_high_off,200496737,28,0.2535228377065112
gamma_0p25,gamma,0.25,2ec_high_off,223606797,21,0.2535228377065112
gamma_0p25,gamma,0.25,2ec_high_off,246813579,282,0.47404644423558895
gamma_0p25,gamma,0.25,2ec_high_off,271828182,229,0.47404644423558895
gamma_0p25,gamma,0.25,2ec_high_off,299792458,282,0.47404644423558895
gamma_0p25,gamma,0.25,2ec_high_off,314159265,282,0.49009862844814306
gamma_0p25,gamma,0.25,2ec_high_off,428956419,29,0.2535228377065112
gamma_0p25,gamma,0.25,2ec_high_off,564738291,29,0.2535228377065112
gamma_0p25,gamma,0.25,2ec_high_off,577215664,282,0.47404644423558895
gamma_0p25,gamma,0.25,2ec_high_off,602214076,29,0.2535228377065112
gamma_0p25,gamma,0.25,2ec_high_off,633816299,282,0.4354966096470951
gamma_0p25,gamma,0.25,2ec_high_off,675849302,29,0.2535228377065112
gamma_0p25,gamma,0.25,2ec_high_off,707106781,29,0.2535228377065112
gamma_0p25,gamma,0.25,2ec_high_off,794161987,29,0.2535228377065112
gamma_0p25,gamma,0.25,2ec_high_off,866025403,282,0.4354966096470951
gamma_0p25,gamma,0.25,2ec_high_off,918273645,282,0.49009862844814306
gamma_0p25,gamma,0.25,2ec_high_off,987654321,21,0.2535228377065112
gamma_0p25,gamma,0.25,2ec_high_off,1029384756,282,0.47404644423558895
gamma_0p25,gamma,0.25,2ec_high_off,1123581321,29,0.2535228377065112
gamma_0p25,gamma,0.25,2ec_high_off,1145661099,29,0.2535228377065112
gamma_0p25,gamma,0.25,2ec_high_off,1282538739,288,0.45621584699453555
gamma_0p25,gamma,0.25,2ec_high_off,1329531353,28,0.2535228377065112
gamma_0p25,gamma,0.25,2ec_high_off,1410143363,29,0.2535228377065112
gamma_0p25,gamma,0.25,2ec_high_off,1835732737,28,0.2535228377065112
gamma_0p25,gamma,0.25,2ec_high_off,1954324947,21,0.2535228377065112
gamma_0p5,gamma,0.5,2ec_high_off,123456789,233,0.45328844652615147
gamma_0p5,gamma,0.5,2ec_high_off,135792468,21,0.2535228377065112
gamma_0p5,gamma,0.5,2ec_high_off,141421356,282,0.4354966096470951
gamma_0p5,gamma,0.5,2ec_high_off,161803398,282,0.4991426206244088
gamma_0p5,gamma,0.5,2ec_high_off,173205080,21,0.2535228377065112
gamma_0p5,gamma,0.5,2ec_high_off,200496737,28,0.2535228377065112
gamma_0p5,gamma,0.5,2ec_high_off,223606797,21,0.2535228377065112
gamma_0p5,gamma,0.5,2ec_high_off,246813579,282,0.47404644423558895
gamma_0p5,gamma,0.5,2ec_high_off,271828182,229,0.47404644423558895
gamma_0p5,gamma,0.5,2ec_high_off,299792458,282,0.47404644423558895
gamma_0p5,gamma,0.5,2ec_high_off,314159265,282,0.49009862844814306
gamma_0p5,gamma,0.5,2ec_high_off,428956419,29,0.2535228377065112
gamma_0p5,gamma,0.5,2ec_high_off,564738291,29,0.2535228377065112
gamma_0p5,gamma,0.5,2ec_high_off,577215664,282,0.47404644423558895
gamma_0p5,gamma,0.5,2ec_high_off,602214076,29,0.2535228377065112
gamma_0p5,gamma,0.5,2ec_high_off,633816299,282,0.4354966096470951
gamma_0p5,gamma,0.5,2ec_high_off,675849302,29,0.2535228377065112
gamma_0p5,gamma,0.5,2ec_high_off,707106781,29,0.2535228377065112
gamma_0p5,gamma,0.5,2ec_high_off,794161987,29,0.2535228377065112
gamma_0p5,gamma,0.5,2ec_high_off,866025403,282,0.4354966096470951
gamma_0p5,gamma,0.5,2ec_high_off,918273645,282,0.49009862844814306
gamma_0p5,gamma,0.5,2ec_high_off,987654321,21,0.2535228377065112
gamma_0p5,gamma,0.5,2ec_high_off,1029384756,282,0.47404644423558895
gamma_0p5,gamma,0.5,2ec_high_off,1123581321,29,0.2535228377065112
gamma_0p5,gamma,0.5,2ec_high_off,1145661099,29,0.2535228377065112
gamma_0p5,gamma,0.5,2ec_high_off,1282538739,288,0.45621584699453555
gamma_0p5,gamma,0.5,2ec_high_off,1329531353,28,0.2535228377065112
gamma_0p5,gamma,0.5,2ec_high_off,1410143363,29,0.2535228377065112
gamma_0p5,gamma,0.5,2ec_high_off,1835732737,28,0.2535228377065112
gamma_0p5,gamma,0.5,2ec_high_off,1954324947,21,0.2535228377065112
gamma_0p75,gamma,0.75,2ec_high_off,123456789,233,0.45328844652615147
gamma_0p75,gamma,0.75,2ec_high_off,135792468,21,0.2535228377065112
gamma_0p75,gamma,0.75,2ec_high_off,141421356,282,0.4354966096470951
gamma_0p75,gamma,0.75,2ec_high_off,161803398,282,0.4692880409492788
gamma_0p75,gamma,0.75,2ec_high_off,173205080,21,0.2535228377065112
gamma_0p75,gamma,0.75,2ec_high_off,200496737,28,0.2535228377065112
gamma_0p75,gamma,0.75,2ec_high_off,223606797,21,0.2535228377065112
gamma_0p75,gamma,0.75,2ec_high_off,246813579,282,0.47404644423558895
gamma_0p75,gamma,0.75,2ec_high_off,271828182,229,0.47404644423558895
gamma_0p75,gamma,0.75,2ec_high_off,299792458,282,0.47404644423558895
gamma_0p75,gamma,0.75,2ec_high_off,314159265,282,0.4354966096470951
gamma_0p75,gamma,0.75,2ec_high_off,428956419,29,0.2535228377065112
gamma_0p75,gamma,0.75,2ec_high_off,564738291,29,0.2535228377065112
gamma_0p75,gamma,0.75,2ec_high_off,577215664,282,0.47404644423558895
gamma_0p75,gamma,0.75,2ec_high_off,602214076,29,0.2535228377065112
gamma_0p75,gamma,0.75,2ec_high_off,633816299,282,0.4354966096470951
gamma_0p75,gamma,0.75,2ec_high_off,675849302,29,0.2535228377065112
gamma_0p75,gamma,0.75,2ec_high_off,707106781,29,0.2535228377065112
gamma_0p75,gamma,0.75,2ec_high_off,794161987,29,0.2535228377065112
gamma_0p75,gamma,0.75,2ec_high_off,866025403,282,0.4354966096470951
gamma_0p75,gamma,0.75,2ec_high_off,918273645,282,0.4354966096470951
gamma_0p75,gamma,0.75,2ec_high_off,987654321,21,0.2535228377065112
gamma_0p75,gamma,0.75,2ec_high_off,1029384756,282,0.47404644423558895
gamma_0p75,gamma,0.75,2ec_high_off,1123581321,29,0.2535228377065112
gamma_0p75,gamma,0.75,2ec_high_off,1145661099,29,0.2535228377065112
gamma_0p75,gamma,0.75,2ec_high_off,1282538739,288,0.4758736559139785
gamma_0p75,gamma,0.75,2ec_high_off,1329531353,28,0.2535228377065112
gamma_0p75,gamma,0.75,2ec_high_off,1410143363,29,0.2535228377065112
gamma_0p75,gamma,0.75,2ec_high_off,1835732737,28,0.2535228377065112
gamma_0p75,gamma,0.75,2ec_high_off,1954324947,21,0.2535228377065112
gamma_1p0,gamma,1.0,2ec_high_off,123456789,233,0.4572996863416025
gamma_1p0,gamma,1.0,2ec_high_off,135792468,21,0.24586977648202138
gamma_1p0,gamma,1.0,2ec_high_off,141421356,282,0.41601171212821697
gamma_1p0,gamma,1.0,2ec_high_off,161803398,282,0.41639522258414763
gamma_1p0,gamma,1.0,2ec_high_off,173205080,21,0.24586977648202138
gamma_1p0,gamma,1.0,2ec_high_off,200496737,28,0.24586977648202138
gamma_1p0,gamma,1.0,2ec_high_off,223606797,21,0.24586977648202138
gamma_1p0,gamma,1.0,2ec_high_off,246813579,282,0.4548350041771094
gamma_1p0,gamma,1.0,2ec_high_off,271828182,229,0.4548350041771094
gamma_1p0,gamma,1.0,2ec_high_off,299792458,282,0.4548350041771094
gamma_1p0,gamma,1.0,2ec_high_off,314159265,282,0.41601171212821697
gamma_1p0,gamma,1.0,2ec_high_off,428956419,29,0.24586977648202138
gamma_1p0,gamma,1.0,2ec_high_off,564738291,29,0.24586977648202138
gamma_1p0,gamma,1.0,2ec_high_off,577215664,282,0.4548350041771094
gamma_1p0,gamma,1.0,2ec_high_off,602214076,29,0.24586977648202138
gamma_1p0,gamma,1.0,2ec_high_off,633816299,282,0.41601171212821697
gamma_1p0,gamma,1.0,2ec_high_off,675849302,29,0.24586977648202138
gamma_1p0,gamma,1.0,2ec_high_off,707106781,29,0.24586977648202138
gamma_1p0,gamma,1.0,2ec_high_off,794161987,29,0.24586977648202138
gamma_1p0,gamma,1.0,2ec_high_off,866025403,282,0.41601171212821697
gamma_1p0,gamma,1.0,2ec_high_off,918273645,282,0.41601171212821697
gamma_1p0,gamma,1.0,2ec_high_off,987654321,21,0.24586977648202138
gamma_1p0,gamma,1.0,2ec_high_off,1029384756,282,0.4548350041771094
gamma_1p0,gamma,1.0,2ec_high_off,1123581321,29,0.24586977648202138
gamma_1p0,gamma,1.0,2ec_high_off,1145661099,29,0.24586977648202138
gamma_1p0,gamma,1.0,2ec_high_off,1282538739,288,0.42396313364055294
gamma_1p0,gamma,1.0,2ec_high_off,1329531353,28,0.24586977648202138
gamma_1p0,gamma,1.0,2ec_high_off,1410143363,29,0.24586977648202138
gamma_1p0,gamma,1.0,2ec_high_off,1835732737,28,0.24586977648202138
gamma_1p0,gamma,1.0,2ec_high_off,1954324947,21,0.24586977648202138
gamma_1p25,gamma,1.25,2ec_high_off,123456789,233,0.44093242087254064
gamma_1p25,gamma,1.25,2ec_high_off,135792468,21,0.23974732750242955
gamma_1p25,gamma,1.25,2ec_high_off,141421356,282,0.40042379411311446
gamma_1p25,gamma,1.25,2ec_high_off,161803398,26,0.24818840579710147
gamma_1p25,gamma,1.25,2ec_high_off,173205080,21,0.23974732750242955
gamma_1p25,gamma,1.25,2ec_high_off,200496737,28,0.23974732750242955
gamma_1p25,gamma,1.25,2ec_high_off,223606797,21,0.23974732750242955
gamma_1p25,gamma,1.25,2ec_high_off,246813579,33,0.27861394557823127
gamma_1p25,gamma,1.25,2ec_high_off,271828182,30,0.27861394557823127
gamma_1p25,gamma,1.25,2ec_high_off,299792458,282,0.4394658521303258
gamma_1p25,gamma,1.25,2ec_high_off,314159265,282,0.40042379411311446
gamma_1p25,gamma,1.25,2ec_high_off,428956419,29,0.23974732750242955
gamma_1p25,gamma,1.25,2ec_high_off,564738291,29,0.23974732750242955
gamma_1p25,gamma,1.25,2ec_high_off,577215664,282,0.4394658521303258
gamma_1p25,gamma,1.25,2ec_high_off,602214076,29,0.23974732750242955
gamma_1p25,gamma,1.25,2ec_high_off,633816299,282,0.40042379411311446
gamma_1p25,gamma,1.25,2ec_high_off,675849302,29,0.23974732750242955
gamma_1p25,gamma,1.25,2ec_high_off,707106781,29,0.23974732750242955
gamma_1p25,gamma,1.25,2ec_high_off,794161987,29,0.23974732750242955
gamma_1p25,gamma,1.25,2ec_high_off,866025403,282,0.40042379411311446
gamma_1p25,gamma,1.25,2ec_high_off,918273645,282,0.40042379411311446
gamma_1p25,gamma,1.25,2ec_high_off,987654321,21,0.23974732750242955
gamma_1p25,gamma,1.25,2ec_high_off,1029384756,33,0.27861394557823127
gamma_1p25,gamma,1.25,2ec_high_off,1123581321,29,0.23974732750242955
gamma_1p25,gamma,1.25,2ec_high_off,1145661099,29,0.23974732750242955
gamma_1p25,gamma,1.25,2ec_high_off,1282538739,288,0.40821044546851
gamma_1p25,gamma,1.25,2ec_high_off,1329531353,28,0.23974732750242955
gamma_1p25,gamma,1.25,2ec_high_off,1410143363,29,0.23974732750242955
gamma_1p25,gamma,1.25,2ec_high_off,1835732737,28,0.23974732750242955
gamma_1p25,gamma,1.25,2ec_high_off,1954324947,21,0.23974732750242955
gamma_1p5,gamma,1.5,2ec_high_off,123456789,34,0.3230994152046784
gamma_1p5,gamma,1.5,2ec_high_off,135792468,21,0.23974732750242955
gamma_1p5,gamma,1.5,2ec_high_off,141421356,33,0.27861394557823127
gamma_1p5,gamma,1.5,2ec_high_off,161803398,26,0.24818840579710147
gamma_1p5,gamma,1.5,2ec_high_off,173205080,21,0.23974732750242955
gamma_1p5,gamma,1.5,2ec_high_off,200496737,28,0.23974732750242955
gamma_1p5,gamma,1.5,2ec_high_off,223606797,21,0.23974732750242955
gamma_1p5,gamma,1.5,2ec_high_off,246813579,33,0.27861394557823127
gamma_1p5,gamma,1.5,2ec_high_off,271828182,30,0.27861394557823127
gamma_1p5,gamma,1.5,2ec_high_off,299792458,33,0.27861394557823127
gamma_1p5,gamma,1.5,2ec_high_off,314159265,33,0.27861394557823127
gamma_1p5,gamma,1.5,2ec_high_off,428956419,29,0.23974732750242955
gamma_1p5,gamma,1.5,2ec_high_off,564738291,29,0.23974732750242955
gamma_1p5,gamma,1.5,2ec_high_off,577215664,33,0.27861394557823127
gamma_1p5,gamma,1.5,2ec_high_off,602214076,29,0.23974732750242955
gamma_1p5,gamma,1.5,2ec_high_off,633816299,282,0.40042379411311446
gamma_1p5,gamma,1.5,2ec_high_off,675849302,29,0.23974732750242955
gamma_1p5,gamma,1.5,2ec_high_off,707106781,29,0.23974732750242955
gamma_1p5,gamma,1.5,2ec_high_off,794161987,29,0.23974732750242955
gamma_1p5,gamma,1.5,2ec_high_off,866025403,33,0.27861394557823127
gamma_1p5,gamma,1.5,2ec_high_off,918273645,33,0.27861394557823127
gamma_1p5,gamma,1.5,2ec_high_off,987654321,21,0.23974732750242955
gamma_1p5,gamma,1.5,2ec_high_off,1029384756,33,0.27861394557823127
gamma_1p5,gamma,1.5,2ec_high_off,1123581321,29,0.23974732750242955
gamma_1p5,gamma,1.5,2ec_high_off,1145661099,29,0.23974732750242955
gamma_1p5,gamma,1.5,2ec_high_off,1282538739,39,0.3230994152046784
gamma_1p5,gamma,1.5,2ec_high_off,1329531353,28,0.23974732750242955
gamma_1p5,gamma,1.5,2ec_high_off,1410143363,29,0.23974732750242955
gamma_1p5,gamma,1.5,2ec_high_off,1835732737,28,0.23974732750242955
gamma_1p5,gamma,1.5,2ec_high_off,1954324947,21,0.23974732750242955
gamma_1p75,gamma,1.75,2ec_high_off,123456789,34,0.3230994152046784
gamma_1p75,gamma,1.75,2ec_high_off,135792468,21,0.23974732750242955
gamma_1p75,gamma,1.75,2ec_high_off,141421356,33,0.27861394557823127
gamma_1p75,gamma,1.75,2ec_high_off,161803398,26,0.24818840579710147
gamma_1p75,gamma,1.75,2ec_high_off,173205080,21,0.23974732750242955
gamma_1p75,gamma,1.75,2ec_high_off,200496737,28,0.23974732750242955
gamma_1p75,gamma,1.75,2ec_high_off,223606797,21,0.23974732750242955
gamma_1p75,gamma,1.75,2ec_high_off,246813579,33,0.27861394557823127
gamma_1p75,gamma,1.75,2ec_high_off,271828182,30,0.27861394557823127
gamma_1p75,gamma,1.75,2ec_high_off,299792458,33,0.27861394557823127
gamma_1p75,gamma,1.75,2ec_high_off,314159265,33,0.27861394557823127
gamma_1p75,gamma,1.75,2ec_high_off,428956419,29,0.23974732750242955
gamma_1p75,gamma,1.75,2ec_high_off,564738291,29,0.23974732750242955
gamma_1p75,gamma,1.75,2ec_high_off,577215664,33,0.27861394557823127
gamma_1p75,gamma,1.75,2ec_high_off,602214076,29,0.23974732750242955
gamma_1p75,gamma,1.75,2ec_high_off,633816299,33,0.27861394557823127
gamma_1p75,gamma,1.75,2ec_high_off,675849302,29,0.23974732750242955
gamma_1p75,gamma,1.75,2ec_high_off,707106781,29,0.23974732750242955
gamma_1p75,gamma,1.75,2ec_high_off,794161987,29,0.23974732750242955
gamma_1p75,gamma,1.75,2ec_high_off,866025403,33,0.27861394557823127
gamma_1p75,gamma,1.75,2ec_high_off,918273645,33,0.27861394557823127
gamma_1p75,gamma,1.75,2ec_high_off,987654321,21,0.23974732750242955
gamma_1p75,gamma,1.75,2ec_high_off,1029384756,33,0.27861394557823127
gamma_1p75,gamma,1.75,2ec_high_off,1123581321,29,0.23974732750242955
gamma_1p75,gamma,1.75,2ec_high_off,1145661099,29,0.23974732750242955
gamma_1p75,gamma,1.75,2ec_high_off,1282538739,39,0.3230994152046784
gamma_1p75,gamma,1.75,2ec_high_off,1329531353,28,0.23974732750242955
gamma_1p75,gamma,1.75,2ec_high_off,1410143363,29,0.23974732750242955
gamma_1p75,gamma,1.75,2ec_high_off,1835732737,28,0.23974732750242955
gamma_1p75,gamma,1.75,2ec_high_off,1954324947,21,0.23974732750242955
gamma_2p0,gamma,2.0,2ec_high_off,123456789,34,0.3230994152046784
gamma_2p0,gamma,2.0,2ec_high_off,135792468,21,0.23974732750242955
gamma_2p0,gamma,2.0,2ec_high_off,141421356,33,0.27861394557823127
gamma_2p0,gamma,2.0,2ec_high_off,161803398,26,0.24818840579710147
gamma_2p0,gamma,2.0,2ec_high_off,173205080,21,0.23974732750242955
gamma_2p0,gamma,2.0,2ec_high_off,200496737,28,0.23974732750242955
gamma_2p0,gamma,2.0,2ec_high_off,223606797,21,0.23974732750242955
gamma_2p0,gamma,2.0,2ec_high_off,246813579,33,0.27861394557823127
gamma_2p0,gamma,2.0,2ec_high_off,271828182,30,0.27861394557823127
gamma_2p0,gamma,2.0,2ec_high_off,299792458,33,0.27861394557823127
gamma_2p0,gamma,2.0,2ec_high_off,314159265,33,0.27861394557823127
gamma_2p0,gamma,2.0,2ec_high_off,428956419,29,0.23974732750242955
gamma_2p0,gamma,2.0,2ec_high_off,564738291,29,0.23974732750242955
gamma_2p0,gamma,2.0,2ec_high_off,577215664,33,0.27861394557823127
gamma_2p0,gamma,2.0,2ec_high_off,602214076,29,0.23974732750242955
gamma_2p0,gamma,2.0,2ec_high_off,633816299,33,0.27861394557823127
gamma_2p0,gamma,2.0,2ec_high_off,675849302,29,0.23974732750242955
gamma_2p0,gamma,2.0,2ec_high_off,707106781,29,0.23974732750242955
gamma_2p0,gamma,2.0,2ec_high_off,794161987,29,0.23974732750242955
gamma_2p0,gamma,2.0,2ec_high_off,866025403,33,0.27861394557823127
gamma_2p0,gamma,2.0,2ec_high_off,918273645,33,0.27861394557823127
gamma_2p0,gamma,2.0,2ec_high_off,987654321,21,0.23974732750242955
gamma_2p0,gamma,2.0,2ec_high_off,1029384756,33,0.27861394557823127
gamma_2p0,gamma,2.0,2ec_high_off,1123581321,29,0.23974732750242955
gamma_2p0,gamma,2.0,2ec_high_off,1145661099,29,0.23974732750242955
gamma_2p0,gamma,2.0,2ec_high_off,1282538739,39,0.3230994152046784
gamma_2p0,gamma,2.0,2ec_high_off,1329531353,28,0.23974732750242955
gamma_2p0,gamma,2.0,2ec_high_off,1410143363,29,0.23974732750242955
gamma_2p0,gamma,2.0,2ec_high_off,1835732737,28,0.23974732750242955
gamma_2p0,gamma,2.0,2ec_high_off,1954324947,21,0.23974732750242955
lambda_t_0p25,lambda_t,0.25,2ec_high_off,123456789,224,0.435626102292769
lambda_t_0p25,lambda_t,0.25,2ec_high_off,135792468,21,0.24586977648202138
lambda_t_0p25,lambda_t,0.25,2ec_high_off,141421356,282,0.41601171212821697
lambda_t_0p25,lambda_t,0.25,2ec_high_off,161803398,282,0.41639522258414763
lambda_t_0p25,lambda_t,0.25,2ec_high_off,173205080,21,0.24586977648202138
lambda_t_0p25,lambda_t,0.25,2ec_high_off,200496737,28,0.24586977648202138
lambda_t_0p25,lambda_t,0.25,2ec_high_off,223606797,21,0.24586977648202138
lambda_t_0p25,lambda_t,0.25,2ec_high_off,246813579,282,0.4548350041771094
lambda_t_0p25,lambda_t,0.25,2ec_high_off,271828182,229,0.4548350041771094
lambda_t_0p25,lambda_t,0.25,2ec_high_off,299792458,282,0.4548350041771094
lambda_t_0p25,lambda_t,0.25,2ec_high_off,314159265,282,0.41601171212821697
lambda_t_0p25,lambda_t,0.25,2ec_high_off,428956419,29,0.24586977648202138
lambda_t_0p25,lambda_t,0.25,2ec_high_off,564738291,29,0.24586977648202138
lambda_t_0p25,lambda_t,0.25,2ec_high_off,577215664,282,0.4548350041771094
lambda_t_0p25,lambda_t,0.25,2ec_high_off,602214076,29,0.24586977648202138
lambda_t_0p25,lambda_t,0.25,2ec_high_off,633816299,282,0.41601171212821697
lambda_t_0p25,lambda_t,0.25,2ec_high_off,675849302,29,0.24586977648202138
lambda_t_0p25,lambda_t,0.25,2ec_high_off,707106781,29,0.24586977648202138
lambda_t_0p25,lambda_t,0.25,2ec_high_off,794161987,29,0.24586977648202138
lambda_t_0p25,lambda_t,0.25,2ec_high_off,866025403,282,0.41601171212821697
lambda_t_0p25,lambda_t,0.25,2ec_high_off,918273645,282,0.41601171212821697
lambda_t_0p25,lambda_t,0.25,2ec_high_off,987654321,21,0.24586977648202138
lambda_t_0p25,lambda_t,0.25,2ec_high_off,1029384756,282,0.4548350041771094
lambda_t_0p25,lambda_t,0.25,2ec_high_off,1123581321,29,0.24586977648202138
lambda_t_0p25,lambda_t,0.25,2ec_high_off,1145661099,29,0.24586977648202138
lambda_t_0p25,lambda_t,0.25,2ec_high_off,1282538739,288,0.42396313364055294
lambda_t_0p25,lambda_t,0.25,2ec_high_off,1329531353,28,0.24586977648202138
lambda_t_0p25,lambda_t,0.25,2ec_high_off,1410143363,29,0.24586977648202138
lambda_t_0p25,lambda_t,0.25,2ec_high_off,1835732737,28,0.24586977648202138
lambda_t_0p25,lambda_t,0.25,2ec_high_off,1954324947,21,0.24586977648202138
lambda_t_0p5,lambda_t,0.5,2ec_high_off,123456789,233,0.4572996863416025
lambda_t_0p5,lambda_t,0.5,2ec_high_off,135792468,21,0.24586977648202138
lambda_t_0p5,lambda_t,0.5,2ec_high_off,141421356,282,0.41601171212821697
lambda_t_0p5,lambda_t,0.5,2ec_high_off,161803398,282,0.41639522258414763
lambda_t_0p5,lambda_t,0.5,2ec_high_off,173205080,21,0.24586977648202138
lambda_t_0p5,lambda_t,0.5,2ec_high_off,200496737,28,0.24586977648202138
lambda_t_0p5,lambda_t,0.5,2ec_high_off,223606797,21,0.24586977648202138
lambda_t_0p5,lambda_t,0.5,2ec_high_off,246813579,282,0.4548350041771094
lambda_t_0p5,lambda_t,0.5,2ec_high_off,271828182,229,0.4548350041771094
lambda_t_0p5,lambda_t,0.5,2ec_high_off,299792458,282,0.4548350041771094
lambda_t_0p5,lambda_t,0.5,2ec_high_off,314159265,282,0.41601171212821697
lambda_t_0p5,lambda_t,0.5,2ec_high_off,428956419,29,0.24586977648202138
lambda_t_0p5,lambda_t,0.5,2ec_high_off,564738291,29,0.24586977648202138
lambda_t_0p5,lambda_t,0.5,2ec_high_off,577215664,282,0.4548350041771094
lambda_t_0p5,lambda_t,0.5,2ec_high_off,602214076,29,0.24586977648202138
lambda_t_0p5,lambda_t,0.5,2ec_high_off,633816299,282,0.41601171212821697
lambda_t_0p5,lambda_t,0.5,2ec_high_off,675849302,29,0.24586977648202138
lambda_t_0p5,lambda_t,0.5,2ec_high_off,707106781,29,0.24586977648202138
lambda_t_0p5,lambda_t,0.5,2ec_high_off,794161987,29,0.24586977648202138
lambda_t_0p5,lambda_t,0.5,2ec_high_off,866025403,282,0.41601171212821697
lambda_t_0p5,lambda_t,0.5,2ec_high_off,918273645,282,0.41601171212821697
lambda_t_0p5,lambda_t,0.5,2ec_high_off,987654321,21,0.24586977648202138
lambda_t_0p5,lambda_t,0.5,2ec_high_off,1029384756,282,0.4548350041771094
lambda_t_0p5,lambda_t,0.5,2ec_high_off,1123581321,29,0.24586977648202138
lambda_t_0p5,lambda_t,0.5,2ec_high_off,1145661099,29,0.24586977648202138
lambda_t_0p5,lambda_t,0.5,2ec_high_off,1282538739,288,0.42396313364055294
lambda_t_0p5,lambda_t,0.5,2ec_high_off,1329531353,28,0.24586977648202138
lambda_t_0p5,lambda_t,0.5,2ec_high_off,1410143363,29,0.24586977648202138
lambda_t_0p5,lambda_t,0.5,2ec_high_off,1835732737,28,0.24586977648202138
lambda_t_0p5,lambda_t,0.5,2ec_high_off,1954324947,21,0.24586977648202138
lambda_t_0p75,lambda_t,0.75,2ec_high_off,123456789,233,0.4572996863416025
lambda_t_0p75,lambda_t,0.75,2ec_high_off,135792468,21,0.24586977648202138
lambda_t_0p75,lambda_t,0.75,2ec_high_off,141421356,282,0.41601171212821697
lambda_t_0p75,lambda_t,0.75,2ec_high_off,161803398,282,0.41639522258414763
lambda_t_0p75,lambda_t,0.75,2ec_high_off,173205080,21,0.24586977648202138
lambda_t_0p75,lambda_t,0.75,2ec_high_off,200496737,28,0.24586977648202138
lambda_t_0p75,lambda_t,0.75,2ec_high_off,223606797,21,0.24586977648202138
lambda_t_0p75,lambda_t,0.75,2ec_high_off,246813579,282,0.4548350041771094
lambda_t_0p75,lambda_t,0.75,2ec_high_off,271828182,229,0.4548350041771094
lambda_t_0p75,lambda_t,0.75,2ec_high_off,299792458,282,0.4548350041771094
lambda_t_0p75,lambda_t,0.75,2ec_high_off,314159265,282,0.41601171212821697
lambda_t_0p75,lambda_t,0.75,2ec_high_off,428956419,29,0.24586977648202138
lambda_t_0p75,lambda_t,0.75,2ec_high_off,564738291,29,0.24586977648202138
lambda_t_0p75,lambda_t,0.75,2ec_high_off,577215664,282,0.4548350041771094
lambda_t_0p75,lambda_t,0.75,2ec_high_off,602214076,29,0.24586977648202138
lambda_t_0p75,lambda_t,0.75,2ec_high_off,633816299,282,0.41601171212821697
lambda_t_0p75,lambda_t,0.75,2ec_high_off,675849302,29,0.24586977648202138
lambda_t_0p75,lambda_t,0.75,2ec_high_off,707106781,29,0.24586977648202138
lambda_t_0p75,lambda_t,0.75,2ec_high_off,794161987,29,0.24586977648202138
lambda_t_0p75,lambda_t,0.75,2ec_high_off,866025403,282,0.41601171212821697
lambda_t_0p75,lambda_t,0.75,2ec_high_off,918273645,282,0.41601171212821697
lambda_t_0p75,lambda_t,0.75,2ec_high_off,987654321,21,0.24586977648202138
lambda_t_0p75,lambda_t,0.75,2ec_high_off,1029384756,282,0.4548350041771094
lambda_t_0p75,lambda_t,0.75,2ec_high_off,1123581321,29,0.24586977648202138
lambda_t_0p75,lambda_t,0.75,2ec_high_off,1145661099,29,0.24586977648202138
lambda_t_0p75,lambda_t,0.75,2ec_high_off,1282538739,288,0.42396313364055294
lambda_t_0p75,lambda_t,0.75,2ec_high_off,1329531353,28,0.24586977648202138
lambda_t_0p75,lambda_t,0.75,2ec_high_off,1410143363,29,0.24586977648202138
lambda_t_0p75,lambda_t,0.75,2ec_high_off,1835732737,28,0.24586977648202138
lambda_t_0p75,lambda_t,0.75,2ec_high_off,1954324947,21,0.24586977648202138
lambda_t_1p0,lambda_t,1.0,2ec_high_off,123456789,233,0.4572996863416025
lambda_t_1p0,lambda_t,1.0,2ec_high_off,135792468,21,0.24586977648202138
lambda_t_1p0,lambda_t,1.0,2ec_high_off,141421356,282,0.41601171212821697
lambda_t_1p0,lambda_t,1.0,2ec_high_off,161803398,282,0.41639522258414763
lambda_t_1p0,lambda_t,1.0,2ec_high_off,173205080,21,0.24586977648202138
lambda_t_1p0,lambda_t,1.0,2ec_high_off,200496737,28,0.24586977648202138
lambda_t_1p0,lambda_t,1.0,2ec_high_off,223606797,21,0.24586977648202138
lambda_t_1p0,lambda_t,1.0,2ec_high_off,246813579,282,0.4548350041771094
lambda_t_1p0,lambda_t,1.0,2ec_high_off,271828182,229,0.4548350041771094
lambda_t_1p0,lambda_t,1.0,2ec_high_off,299792458,282,0.4548350041771094
lambda_t_1p0,lambda_t,1.0,2ec_high_off,314159265,282,0.41601171212821697
lambda_t_1p0,lambda_t,1.0,2ec_high_off,428956419,29,0.24586977648202138
lambda_t_1p0,lambda_t,1.0,2ec_high_off,564738291,29,0.24586977648202138
lambda_t_1p0,lambda_t,1.0,2ec_high_off,577215664,282,0.4548350041771094
lambda_t_1p0,lambda_t,1.0,2ec_high_off,602214076,29,0.24586977648202138
lambda_t_1p0,lambda_t,1.0,2ec_high_off,633816299,282,0.41601171212821697
lambda_t_1p0,lambda_t,1.0,2ec_high_off,675849302,29,0.24586977648202138
lambda_t_1p0,lambda_t,1.0,2ec_high_off,707106781,29,0.24586977648202138
lambda_t_1p0,lambda_t,1.0,2ec_high_off,794161987,29,0.24586977648202138
lambda_t_1p0,lambda_t,1.0,2ec_high_off,866025403,282,0.41601171212821697
lambda_t_1p0,lambda_t,1.0,2ec_high_off,918273645,282,0.41601171212821697
lambda_t_1p0,lambda_t,1.0,2ec_high_off,987654321,21,0.24586977648202138
lambda_t_1p0,lambda_t,1.0,2ec_high_off,1029384756,282,0.4548350041771094
lambda_t_1p0,lambda_t,1.0,2ec_high_off,1123581321,29,0.24586977648202138
lambda_t_1p0,lambda_t,1.0,2ec_high_off,1145661099,29,0.24586977648202138
lambda_t_1p0,lambda_t,1.0,2ec_high_off,1282538739,288,0.42396313364055294
lambda_t_1p0,lambda_t,1.0,2ec_high_off,1329531353,28,0.24586977648202138
lambda_t_1p0,lambda_t,1.0,2ec_high_off,1410143363,29,0.24586977648202138
lambda_t_1p0,lambda_t,1.0,2ec_high_off,1835732737,28,0.24586977648202138
lambda_t_1p0,lambda_t,1.0,2ec_high_off,1954324947,21,0.24586977648202138
lambda_t_1p25,lambda_t,1.25,2ec_high_off,123456789,233,0.4572996863416025
lambda_t_1p25,lambda_t,1.25,2ec_high_off,135792468,21,0.24586977648202138
lambda_t_1p25,lambda_t,1.25,2ec_high_off,141421356,282,0.41601171212821697
lambda_t_1p25,lambda_t,1.25,2ec_high_off,161803398,282,0.41639522258414763
lambda_t_1p25,lambda_t,1.25,2ec_high_off,173205080,21,0.24586977648202138
lambda_t_1p25,lambda_t,1.25,2ec_high_off,200496737,28,0.24586977648202138
lambda_t_1p25,lambda_t,1.25,2ec_high_off,223606797,21,0.24586977648202138
lambda_t_1p25,lambda_t,1.25,2ec_high_off,246813579,282,0.4548350041771094
lambda_t_1p25,lambda_t,1.25,2ec_high_off,271828182,229,0.4548350041771094
lambda_t_1p25,lambda_t,1.25,2ec_high_off,299792458,282,0.4548350041771094
lambda_t_1p25,lambda_t,1.25,2ec_high_off,314159265,282,0.41601171212821697
lambda_t_1p25,lambda_t,1.25,2ec_high_off,428956419,29,0.24586977648202138
lambda_t_1p25,lambda_t,1.25,2ec_high_off,564738291,29,0.24586977648202138
lambda_t_1p25,lambda_t,1.25,2ec_high_off,577215664,282,0.4548350041771094
lambda_t_1p25,lambda_t,1.25,2ec_high_off,602214076,29,0.24586977648202138
lambda_t_1p25,lambda_t,1.25,2ec_high_off,633816299,282,0.41601171212821697
lambda_t_1p25,lambda_t,1.25,2ec_high_off,675849302,29,0.24586977648202138
lambda_t_1p25,lambda_t,1.25,2ec_high_off,707106781,29,0.24586977648202138
lambda_t_1p25,lambda_t,1.25,2ec_high_off,794161987,29,0.24586977648202138
lambda_t_1p25,lambda_t,1.25,2ec_high_off,866025403,282,0.41601171212821697
lambda_t_1p25,lambda_t,1.25,2ec_high_off,918273645,282,0.41601171212821697
lambda_t_1p25,lambda_t,1.25,2ec_high_off,987654321,21,0.24586977648202138
lambda_t_1p25,lambda_t,1.25,2ec_high_off,1029384756,282,0.4548350041771094
lambda_t_1p25,lambda_t,1.25,2ec_high_off,1123581321,29,0.24586977648202138
lambda_t_1p25,lambda_t,1.25,2ec_high_off,1145661099,29,0.24586977648202138
lambda_t_1p25,lambda_t,1.25,2ec_high_off,1282538739,288,0.42396313364055294
lambda_t_1p25,lambda_t,1.25,2ec_high_off,1329531353,28,0.24586977648202138
lambda_t_1p25,lambda_t,1.25,2ec_high_off,1410143363,29,0.24586977648202138
lambda_t_1p25,lambda_t,1.25,2ec_high_off,1835732737,28,0.24586977648202138
lambda_t_1p25,lambda_t,1.25,2ec_high_off,1954324947,21,0.24586977648202138
lambda_t_1p5,lambda_t,1.5,2ec_high_off,123456789,233,0.4572996863416025
lambda_t_1p5,lambda_t,1.5,2ec_high_off,135792468,21,0.24586977648202138
lambda_t_1p5,lambda_t,1.5,2ec_high_off,141421356,282,0.41601171212821697
lambda_t_1p5,lambda_t,1.5,2ec_high_off,161803398,282,0.41639522258414763
lambda_t_1p5,lambda_t,1.5,2ec_high_off,173205080,21,0.24586977648202138
lambda_t_1p5,lambda_t,1.5,2ec_high_off,200496737,28,0.24586977648202138
lambda_t_1p5,lambda_t,1.5,2ec_high_off,223606797,21,0.24586977648202138
lambda_t_1p5,lambda_t,1.5,2ec_high_off,246813579,282,0.4548350041771094
lambda_t_1p5,lambda_t,1.5,2ec_high_off,271828182,229,0.4548350041771094
lambda_t_1p5,lambda_t,1.5,2ec_high_off,299792458,282,0.4548350041771094
lambda_t_1p5,lambda_t,1.5,2ec_high_off,314159265,282,0.41601171212821697
lambda_t_1p5,lambda_t,1.5,2ec_high_off,428956419,29,0.24586977648202138
lambda_t_1p5,lambda_t,1.5,2ec_high_off,564738291,29,0.24586977648202138
lambda_t_1p5,lambda_t,1.5,2ec_high_off,577215664,282,0.4548350041771094
lambda_t_1p5,lambda_t,1.5,2ec_high_off,602214076,29,0.24586977648202138
lambda_t_1p5,lambda_t,1.5,2ec_high_off,633816299,282,0.41601171212821697
lambda_t_1p5,lambda_t,1.5,2ec_high_off,675849302,29,0.24586977648202138
lambda_t_1p5,lambda_t,1.5,2ec_high_off,707106781,29,0.24586977648202138
lambda_t_1p5,lambda_t,1.5,2ec_high_off,794161987,29,0.24586977648202138
lambda_t_1p5,lambda_t,1.5,2ec_high_off,866025403,282,0.41601171212821697
lambda_t_1p5,lambda_t,1.5,2ec_high_off,918273645,282,0.41601171212821697
lambda_t_1p5,lambda_t,1.5,2ec_high_off,987654321,21,0.24586977648202138
lambda_t_1p5,lambda_t,1.5,2ec_high_off,1029384756,282,0.4548350041771094
lambda_t_1p5,lambda_t,1.5,2ec_high_off,1123581321,29,0.24586977648202138
lambda_t_1p5,lambda_t,1.5,2ec_high_off,1145661099,29,0.24586977648202138
lambda_t_1p5,lambda_t,1.5,2ec_high_off,1282538739,288,0.42396313364055294
lambda_t_1p5,lambda_t,1.5,2ec_high_off,1329531353,28,0.24586977648202138
lambda_t_1p5,lambda_t,1.5,2ec_high_off,1410143363,29,0.24586977648202138
lambda_t_1p5,lambda_t,1.5,2ec_high_off,1835732737,28,0.24586977648202138
lambda_t_1p5,lambda_t,1.5,2ec_high_off,1954324947,21,0.24586977648202138
lambda_t_1p75,lambda_t,1.75,2ec_high_off,123456789,233,0.4572996863416025
lambda_t_1p75,lambda_t,1.75,2ec_high_off,135792468,21,0.24586977648202138
lambda_t_1p75,lambda_t,1.75,2ec_high_off,141421356,282,0.41601171212821697
lambda_t_1p75,lambda_t,1.75,2ec_high_off,161803398,282,0.41639522258414763
lambda_t_1p75,lambda_t,1.75,2ec_high_off,173205080,21,0.24586977648202138
lambda_t_1p75,lambda_t,1.75,2ec_high_off,200496737,28,0.24586977648202138
lambda_t_1p75,lambda_t,1.75,2ec_high_off,223606797,21,0.24586977648202138
lambda_t_1p75,lambda_t,1.75,2ec_high_off,246813579,282,0.4548350041771094
lambda_t_1p75,lambda_t,1.75,2ec_high_off,271828182,229,0.4548350041771094
lambda_t_1p75,lambda_t,1.75,2ec_high_off,299792458,282,0.4548350041771094
lambda_t_1p75,lambda_t,1.75,2ec_high_off,314159265,282,0.41601171212821697
lambda_t_1p75,lambda_t,1.75,2ec_high_off,428956419,29,0.24586977648202138
lambda_t_1p75,lambda_t,1.75,2ec_high_off,564738291,29,0.24586977648202138
lambda_t_1p75,lambda_t,1.75,2ec_high_off,577215664,282,0.4548350041771094
lambda_t_1p75,lambda_t,1.75,2ec_high_off,602214076,29,0.24586977648202138
lambda_t_1p75,lambda_t,1.75,2ec_high_off,633816299,282,0.41601171212821697
lambda_t_1p75,lambda_t,1.75,2ec_high_off,675849302,29,0.24586977648202138
lambda_t_1p75,lambda_t,1.75,2ec_high_off,707106781,29,0.24586977648202138
lambda_t_1p75,lambda_t,1.75,2ec_high_off,794161987,29,0.24586977648202138
lambda_t_1p75,lambda_t,1.75,2ec_high_off,866025403,282,0.41601171212821697
lambda_t_1p75,lambda_t,1.75,2ec_high_off,918273645,282,0.41601171212821697
lambda_t_1p75,lambda_t,1.75,2ec_high_off,987654321,21,0.24586977648202138
lambda_t_1p75,lambda_t,1.75,2ec_high_off,1029384756,282,0.4548350041771094
lambda_t_1p75,lambda_t,1.75,2ec_high_off,1123581321,29,0.24586977648202138
lambda_t_1p75,lambda_t,1.75,2ec_high_off,1145661099,29,0.24586977648202138
lambda_t_1p75,lambda_t,1.75,2ec_high_off,1282538739,288,0.42396313364055294
lambda_t_1p75,lambda_t,1.75,2ec_high_off,1329531353,28,0.24586977648202138
lambda_t_1p75,lambda_t,1.75,2ec_high_off,1410143363,29,0.24586977648202138
lambda_t_1p75,lambda_t,1.75,2ec_high_off,1835732737,28,0.24586977648202138
lambda_t_1p75,lambda_t,1.75,2ec_high_off,1954324947,21,0.24586977648202138
lambda_t_2p0,lambda_t,2.0,2ec_high_off,123456789,233,0.4572996863416025
lambda_t_2p0,lambda_t,2.0,2ec_high_off,135792468,21,0.24586977648202138
lambda_t_2p0,lambda_t,2.0,2ec_high_off,141421356,282,0.41601171212821697
lambda_t_2p0,lambda_t,2.0,2ec_high_off,161803398,282,0.41639522258414763
lambda_t_2p0,lambda_t,2.0,2ec_high_off,173205080,21,0.24586977648202138
lambda_t_2p0,lambda_t,2.0,2ec_high_off,200496737,28,0.24586977648202138
lambda_t_2p0,lambda_t,2.0,2ec_high_off,223606797,21,0.24586977648202138
lambda_t_2p0,lambda_t,2.0,2ec_high_off,246813579,282,0.4548350041771094
lambda_t_2p0,lambda_t,2.0,2ec_high_off,271828182,229,0.4548350041771094
lambda_t_2p0,lambda_t,2.0,2ec_high_off,299792458,282,0.4548350041771094
lambda_t_2p0,lambda_t,2.0,2ec_high_off,314159265,282,0.41601171212821697
lambda_t_2p0,lambda_t,2.0,2ec_high_off,428956419,29,0.24586977648202138
lambda_t_2p0,lambda_t,2.0,2ec_high_off,564738291,29,0.24586977648202138
lambda_t_2p0,lambda_t,2.0,2ec_high_off,577215664,282,0.4548350041771094
lambda_t_2p0,lambda_t,2.0,2ec_high_off,602214076,29,0.24586977648202138
lambda_t_2p0,lambda_t,2.0,2ec_high_off,633816299,282,0.41601171212821697
lambda_t_2p0,lambda_t,2.0,2ec_high_off,675849302,29,0.24586977648202138
lambda_t_2p0,lambda_t,2.0,2ec_high_off,707106781,29,0.24586977648202138
lambda_t_2p0,lambda_t,2.0,2ec_high_off,794161987,29,0.24586977648202138
lambda_t_2p0,lambda_t,2.0,2ec_high_off,866025403,282,0.41601171212821697
lambda_t_2p0,lambda_t,2.0,2ec_high_off,918273645,282,0.41601171212821697
lambda_t_2p0,lambda_t,2.0,2ec_high_off,987654321,21,0.24586977648202138
lambda_t_2p0,lambda_t,2.0,2ec_high_off,1029384756,282,0.4548350041771094
lambda_t_2p0,lambda_t,2.0,2ec_high_off,1123581321,29,0.24586977648202138
lambda_t_2p0,lambda_t,2.0,2ec_high_off,1145661099,29,0.24586977648202138
lambda_t_2p0,lambda_t,2.0,2ec_high_off,1282538739,288,0.42396313364055294
lambda_t_2p0,lambda_t,2.0,2ec_high_off,1329531353,28,0.24586977648202138
lambda_t_2p0,lambda_t,2.0,2ec_high_off,1410143363,29,0.24586977648202138
lambda_t_2p0,lambda_t,2.0,2ec_high_off,1835732737,28,0.24586977648202138
lambda_t_2p0,lambda_t,2.0,2ec_high_off,1954324947,21,0.24586977648202138
omega_0p25,omega,0.25,2ec_high_off,123456789,224,0.435626102292769
omega_0p25,omega,0.25,2ec_high_off,135792468,21,0.24586977648202138
omega_0p25,omega,0.25,2ec_high_off,141421356,282,0.41601171212821697
omega_0p25,omega,0.25,2ec_high_off,161803398,282,0.41639522258414763
omega_0p25,omega,0.25,2ec_high_off,173205080,21,0.24586977648202138
omega_0p25,omega,0.25,2ec_high_off,200496737,28,0.24586977648202138
omega_0p25,omega,0.25,2ec_high_off,223606797,21,0.24586977648202138
omega_0p25,omega,0.25,2ec_high_off,246813579,282,0.4548350041771094
omega_0p25,omega,0.25,2ec_high_off,271828182,229,0.4548350041771094
omega_0p25,omega,0.25,2ec_high_off,299792458,282,0.4548350041771094
omega_0p25,omega,0.25,2ec_high_off,314159265,282,0.41601171212821697
omega_0p25,omega,0.25,2ec_high_off,428956419,29,0.24586977648202138
omega_0p25,omega,0.25,2ec_high_off,564738291,29,0.24586977648202138
omega_0p25,omega,0.25,2ec_high_off,577215664,282,0.4548350041771094
omega_0p25,omega,0.25,2ec_high_off,602214076,29,0.24586977648202138
omega_0p25,omega,0.25,2ec_high_off,633816299,282,0.41601171212821697
omega_0p25,omega,0.25,2ec_high_off,675849302,29,0.24586977648202138
omega_0p25,omega,0.25,2ec_high_off,707106781,29,0.24586977648202138
omega_0p25,omega,0.25,2ec_high_off,794161987,29,0.24586977648202138
omega_0p25,omega,0.25,2ec_high_off,866025403,282,0.41601171212821697
omega_0p25,omega,0.25,2ec_high_off,918273645,282,0.41601171212821697
omega_0p25,omega,0.25,2ec_high_off,987654321,21,0.24586977648202138
omega_0p25,omega,0.25,2ec_high_off,1029384756,282,0.4548350041771094
omega_0p25,omega,0.25,2ec_high_off,1123581321,29,0.24586977648202138
omega_0p25,omega,0.25,2ec_high_off,1145661099,29,0.24586977648202138
omega_0p25,omega,0.25,2ec_high_off,1282538739,288,0.42396313364055294
omega_0p25,omega,0.25,2ec_high_off,1329531353,28,0.24586977648202138
omega_0p25,omega,0.25,2ec_high_off,1410143363,29,0.24586977648202138
omega_0p25,omega,0.25,2ec_high_off,1835732737,28,0.24586977648202138
omega_0p25,omega,0.25,2ec_high_off,1954324947,21,0.24586977648202138
omega_0p5,omega,0.5,2ec_high_off,123456789,224,0.435626102292769
omega_0p5,omega,0.5,2ec_high_off,135792468,21,0.24586977648202138
omega_0p5,omega,0.5,2ec_high_off,141421356,282,0.41601171212821697
omega_0p5,omega,0.5,2ec_high_off,161803398,282,0.41639522258414763
omega_0p5,omega,0.5,2ec_high_off,173205080,21,0.24586977648202138
omega_0p5,omega,0.5,2ec_high_off,200496737,28,0.24586977648202138
omega_0p5,omega,0.5,2ec_high_off,223606797,21,0.24586977648202138
omega_0p5,omega,0.5,2ec_high_off,246813579,282,0.4548350041771094
omega_0p5,omega,0.5,2ec_high_off,271828182,229,0.4548350041771094
omega_0p5,omega,0.5,2ec_high_off,299792458,282,0.4548350041771094
omega_0p5,omega,0.5,2ec_high_off,314159265,282,0.41601171212821697
omega_0p5,omega,0.5,2ec_high_off,428956419,29,0.24586977648202138
omega_0p5,omega,0.5,2ec_high_off,564738291,29,0.24586977648202138
omega_0p5,omega,0.5,2ec_high_off,577215664,282,0.4548350041771094
omega_0p5,omega,0.5,2ec_high_off,602214076,29,0.24586977648202138
omega_0p5,omega,0.5,2ec_high_off,633816299,282,0.41601171212821697
omega_0p5,omega,0.5,2ec_high_off,675849302,29,0.24586977648202138
omega_0p5,omega,0.5,2ec_high_off,707106781,29,0.24586977648202138
omega_0p5,omega,0.5,2ec_high_off,794161987,29,0.24586977648202138
omega_0p5,omega,0.5,2ec_high_off,866025403,282,0.41601171212821697
omega_0p5,omega,0.5,2ec_high_off,918273645,282,0.41601171212821697
omega_0p5,omega,0.5,2ec_high_off,987654321,21,0.24586977648202138
omega_0p5,omega,0.5,2ec_high_off,1029384756,282,0.4548350041771094
omega_0p5,omega,0.5,2ec_high_off,1123581321,29,0.24586977648202138
omega_0p5,omega,0.5,2ec_high_off,1145661099,29,0.24586977648202138
omega_0p5,omega,0.5,2ec_high_off,1282538739,288,0.42396313364055294
omega_0p5,omega,0.5,2ec_high_off,1329531353,28,0.24586977648202138
omega_0p5,omega,0.5,2ec_high_off,1410143363,29,0.24586977648202138
omega_0p5,omega,0.5,2ec_high_off,1835732737,28,0.24586977648202138
omega_0p5,omega,0.5,2ec_high_off,1954324947,21,0.24586977648202138
omega_0p75,omega,0.75,2ec_high_off,123456789,233,0.4572996863416025
omega_0p75,omega,0.75,2ec_high_off,135792468,21,0.24586977648202138
omega_0p75,omega,0.75,2ec_high_off,141421356,282,0.41601171212821697
omega_0p75,omega,0.75,2ec_high_off,161803398,282,0.41639522258414763
omega_0p75,omega,0.75,2ec_high_off,173205080,21,0.24586977648202138
omega_0p75,omega,0.75,2ec_high_off,200496737,28,0.24586977648202138
omega_0p75,omega,0.75,2ec_high_off,223606797,21,0.24586977648202138
omega_0p75,omega,0.75,2ec_high_off,246813579,282,0.4548350041771094
omega_0p75,omega,0.75,2ec_high_off,271828182,229,0.4548350041771094
omega_0p75,omega,0.75,2ec_high_off,299792458,282,0.4548350041771094
omega_0p75,omega,0.75,2ec_high_off,314159265,282,0.41601171212821697
omega_0p75,omega,0.75,2ec_high_off,428956419,29,0.24586977648202138
omega_0p75,omega,0.75,2ec_high_off,564738291,29,0.24586977648202138
omega_0p75,omega,0.75,2ec_high_off,577215664,282,0.4548350041771094
omega_0p75,omega,0.75,2ec_high_off,602214076,29,0.24586977648202138
omega_0p75,omega,0.75,2ec_high_off,633816299,282,0.41601171212821697
omega_0p75,omega,0.75,2ec_high_off,675849302,29,0.24586977648202138
omega_0p75,omega,0.75,2ec_high_off,707106781,29,0.24586977648202138
omega_0p75,omega,0.75,2ec_high_off,794161987,29,0.24586977648202138
omega_0p75,omega,0.75,2ec_high_off,866025403,282,0.41601171212821697
omega_0p75,omega,0.75,2ec_high_off,918273645,282,0.41601171212821697
omega_0p75,omega,0.75,2ec_high_off,987654321,21,0.24586977648202138
omega_0p75,omega,0.75,2ec_high_off,1029384756,282,0.4548350041771094
omega_0p75,omega,0.75,2ec_high_off,1123581321,29,0.24586977648202138
omega_0p75,omega,0.75,2ec_high_off,1145661099,29,0.24586977648202138
omega_0p75,omega,0.75,2ec_high_off,1282538739,288,0.42396313364055294
omega_0p75,omega,0.75,2ec_high_off,1329531353,28,0.24586977648202138
omega_0p75,omega,0.75,2ec_high_off,1410143363,29,0.24586977648202138
omega_0p75,omega,0.75,2ec_high_off,1835732737,28,0.24586977648202138
omega_0p75,omega,0.75,2ec_high_off,1954324947,21,0.24586977648202138
omega_1p0,omega,1.0,2ec_high_off,123456789,233,0.4572996863416025
omega_1p0,omega,1.0,2ec_high_off,135792468,21,0.24586977648202138
omega_1p0,omega,1.0,2ec_high_off,141421356,282,0.41601171212821697
omega_1p0,omega,1.0,2ec_high_off,161803398,282,0.41639522258414763
omega_1p0,omega,1.0,2ec_high_off,173205080,21,0.24586977648202138
omega_1p0,omega,1.0,2ec_high_off,200496737,28,0.24586977648202138
omega_1p0,omega,1.0,2ec_high_off,223606797,21,0.24586977648202138
omega_1p0,omega,1.0,2ec_high_off,246813579,282,0.4548350041771094
omega_1p0,omega,1.0,2ec_high_off,271828182,229,0.4548350041771094
omega_1p0,omega,1.0,2ec_high_off,299792458,282,0.4548350041771094
omega_1p0,omega,1.0,2ec_high_off,314159265,282,0.41601171212821697
omega_1p0,omega,1.0,2ec_high_off,428956419,29,0.24586977648202138
omega_1p0,omega,1.0,2ec_high_off,564738291,29,0.24586977648202138
omega_1p0,omega,1.0,2ec_high_off,577215664,282,0.4548350041771094
omega_1p0,omega,1.0,2ec_high_off,602214076,29,0.24586977648202138
omega_1p0,omega,1.0,2ec_high_off,633816299,282,0.41601171212821697
omega_1p0,omega,1.0,2ec_high_off,675849302,29,0.24586977648202138
omega_1p0,omega,1.0,2ec_high_off,707106781,29,0.24586977648202138
omega_1p0,omega,1.0,2ec_high_off,794161987,29,0.24586977648202138
omega_1p0,omega,1.0,2ec_high_off,866025403,282,0.41601171212821697
omega_1p0,omega,1.0,2ec_high_off,918273645,282,0.41601171212821697
omega_1p0,omega,1.0,2ec_high_off,987654321,21,0.24586977648202138
omega_1p0,omega,1.0,2ec_high_off,1029384756,282,0.4548350041771094
omega_1p0,omega,1.0,2ec_high_off,1123581321,29,0.24586977648202138
omega_1p0,omega,1.0,2ec_high_off,1145661099,29,0.24586977648202138
omega_1p0,omega,1.0,2ec_high_off,1282538739,288,0.42396313364055294
omega_1p0,omega,1.0,2ec_high_off,1329531353,28,0.24586977648202138
omega_1p0,omega,1.0,2ec_high_off,1410143363,29,0.24586977648202138
omega_1p0,omega,1.0,2ec_high_off,1835732737,28,0.24586977648202138
omega_1p0,omega,1.0,2ec_high_off,1954324947,21,0.24586977648202138
omega_1p25,omega,1.25,2ec_high_off,123456789,233,0.4572996863416025
omega_1p25,omega,1.25,2ec_high_off,135792468,21,0.24586977648202138
omega_1p25,omega,1.25,2ec_high_off,141421356,282,0.41601171212821697
omega_1p25,omega,1.25,2ec_high_off,161803398,282,0.41639522258414763
omega_1p25,omega,1.25,2ec_high_off,173205080,21,0.24586977648202138
omega_1p25,omega,1.25,2ec_high_off,200496737,28,0.24586977648202138
omega_1p25,omega,1.25,2ec_high_off,223606797,21,0.24586977648202138
omega_1p25,omega,1.25,2ec_high_off,246813579,282,0.4548350041771094
omega_1p25,omega,1.25,2ec_high_off,271828182,229,0.4548350041771094
omega_1p25,omega,1.25,2ec_high_off,299792458,282,0.4548350041771094
omega_1p25,omega,1.25,2ec_high_off,314159265,282,0.41601171212821697
omega_1p25,omega,1.25,2ec_high_off,428956419,29,0.24586977648202138
omega_1p25,omega,1.25,2ec_high_off,564738291,29,0.24586977648202138
omega_1p25,omega,1.25,2ec_high_off,577215664,282,0.4548350041771094
omega_1p25,omega,1.25,2ec_high_off,602214076,29,0.24586977648202138
omega_1p25,omega,1.25,2ec_high_off,633816299,282,0.41601171212821697
omega_1p25,omega,1.25,2ec_high_off,675849302,29,0.24586977648202138
omega_1p25,omega,1.25,2ec_high_off,707106781,29,0.24586977648202138
omega_1p25,omega,1.25,2ec_high_off,794161987,29,0.24586977648202138
omega_1p25,omega,1.25,2ec_high_off,866025403,282,0.41601171212821697
omega_1p25,omega,1.25,2ec_high_off,918273645,282,0.41601171212821697
omega_1p25,omega,1.25,2ec_high_off,987654321,21,0.24586977648202138
omega_1p25,omega,1.25,2ec_high_off,1029384756,282,0.4548350041771094
omega_1p25,omega,1.25,2ec_high_off,1123581321,29,0.24586977648202138
omega_1p25,omega,1.25,2ec_high_off,1145661099,29,0.24586977648202138
omega_1p25,omega,1.25,2ec_high_off,1282538739,288,0.42396313364055294
omega_1p25,omega,1.25,2ec_high_off,1329531353,28,0.24586977648202138
omega_1p25,omega,1.25,2ec_high_off,1410143363,29,0.24586977648202138
omega_1p25,omega,1.25,2ec_high_off,1835732737,28,0.24586977648202138
omega_1p25,omega,1.25,2ec_high_off,1954324947,21,0.24586977648202138
omega_1p5,omega,1.5,2ec_high_off,123456789,233,0.4572996863416025
omega_1p5,omega,1.5,2ec_high_off,135792468,21,0.24586977648202138
omega_1p5,omega,1.5,2ec_high_off,141421356,282,0.41601171212821697
omega_1p5,omega,1.5,2ec_high_off,161803398,282,0.41639522258414763
omega_1p5,omega,1.5,2ec_high_off,173205080,21,0.24586977648202138
omega_1p5,omega,1.5,2ec_high_off,200496737,28,0.24586977648202138
omega_1p5,omega,1.5,2ec_high_off,223606797,21,0.24586977648202138
omega_1p5,omega,1.5,2ec_high_off,246813579,282,0.4548350041771094
omega_1p5,omega,1.5,2ec_high_off,271828182,229,0.4548350041771094
omega_1p5,omega,1.5,2ec_high_off,299792458,282,0.4548350041771094
omega_1p5,omega,1.5,2ec_high_off,314159265,282,0.41601171212821697
omega_1p5,omega,1.5,2ec_high_off,428956419,29,0.24586977648202138
omega_1p5,omega,1.5,2ec_high_off,564738291,29,0.24586977648202138
omega_1p5,omega,1.5,2ec_high_off,577215664,282,0.4548350041771094
omega_1p5,omega,1.5,2ec_high_off,602214076,29,0.24586977648202138
omega_1p5,omega,1.5,2ec_high_off,633816299,282,0.41601171212821697
omega_1p5,omega,1.5,2ec_high_off,675849302,29,0.24586977648202138
omega_1p5,omega,1.5,2ec_high_off,707106781,29,0.24586977648202138
omega_1p5,omega,1.5,2ec_high_off,794161987,29,0.24586977648202138
omega_1p5,omega,1.5,2ec_high_off,866025403,282,0.41601171212821697
omega_1p5,omega,1.5,2ec_high_off,918273645,282,0.41601171212821697
omega_1p5,omega,1.5,2ec_high_off,987654321,21,0.24586977648202138
omega_1p5,omega,1.5,2ec_high_off,1029384756,282,0.4548350041771094
omega_1p5,omega,1.5,2ec_high_off,1123581321,29,0.24586977648202138
omega_1p5,omega,1.5,2ec_high_off,1145661099,29,0.24586977648202138
omega_1p5,omega,1.5,2ec_high_off,1282538739,288,0.42396313364055294
omega_1p5,omega,1.5,2ec_high_off,1329531353,28,0.24586977648202138
omega_1p5,omega,1.5,2ec_high_off,1410143363,29,0.24586977648202138
omega_1p5,omega,1.5,2ec_high_off,1835732737,28,0.24586977648202138
omega_1p5,omega,1.5,2ec_high_off,1954324947,21,0.24586977648202138
omega_1p75,omega,1.75,2ec_high_off,123456789,233,0.4572996863416025
omega_1p75,omega,1.75,2ec_high_off,135792468,21,0.24586977648202138
omega_1p75,omega,1.75,2ec_high_off,141421356,282,0.41601171212821697
omega_1p75,omega,1.75,2ec_high_off,161803398,282,0.41639522258414763
omega_1p75,omega,1.75,2ec_high_off,173205080,21,0.24586977648202138
omega_1p75,omega,1.75,2ec_high_off,200496737,28,0.24586977648202138
omega_1p75,omega,1.75,2ec_high_off,223606797,21,0.24586977648202138
omega_1p75,omega,1.75,2ec_high_off,246813579,282,0.4548350041771094
omega_1p75,omega,1.75,2ec_high_off,271828182,229,0.4548350041771094
omega_1p75,omega,1.75,2ec_high_off,299792458,282,0.4548350041771094
omega_1p75,omega,1.75,2ec_high_off,314159265,282,0.41601171212821697
omega_1p75,omega,1.75,2ec_high_off,428956419,29,0.24586977648202138
omega_1p75,omega,1.75,2ec_high_off,564738291,29,0.24586977648202138
omega_1p75,omega,1.75,2ec_high_off,577215664,282,0.4548350041771094
omega_1p75,omega,1.75,2ec_high_off,602214076,29,0.24586977648202138
omega_1p75,omega,1.75,2ec_high_off,633816299,282,0.41601171212821697
omega_1p75,omega,1.75,2ec_high_off,675849302,29,0.24586977648202138
omega_1p75,omega,1.75,2ec_high_off,707106781,29,0.24586977648202138
omega_1p75,omega,1.75,2ec_high_off,794161987,29,0.24586977648202138
omega_1p75,omega,1.75,2ec_high_off,866025403,282,0.41601171212821697
omega_1p75,omega,1.75,2ec_high_off,918273645,282,0.41601171212821697
omega_1p75,omega,1.75,2ec_high_off,987654321,21,0.24586977648202138
omega_1p75,omega,1.75,2ec_high_off,1029384756,282,0.4548350041771094
omega_1p75,omega,1.75,2ec_high_off,1123581321,29,0.24586977648202138
omega_1p75,omega,1.75,2ec_high_off,1145661099,29,0.24586977648202138
omega_1p75,omega,1.75,2ec_high_off,1282538739,288,0.42396313364055294
omega_1p75,omega,1.75,2ec_high_off,1329531353,28,0.24586977648202138
omega_1p75,omega,1.75,2ec_high_off,1410143363,29,0.24586977648202138
omega_1p75,omega,1.75,2ec_high_off,1835732737,28,0.24586977648202138
omega_1p75,omega,1.75,2ec_high_off,1954324947,21,0.24586977648202138
omega_2p0,omega,2.0,2ec_high_off,123456789,233,0.4572996863416025
omega_2p0,omega,2.0,2ec_high_off,135792468,21,0.24586977648202138
omega_2p0,omega,2.0,2ec_high_off,141421356,282,0.41601171212821697
omega_2p0,omega,2.0,2ec_high_off,161803398,282,0.41639522258414763
omega_2p0,omega,2.0,2ec_high_off,173205080,21,0.24586977648202138
omega_2p0,omega,2.0,2ec_high_off,200496737,28,0.24586977648202138
omega_2p0,omega,2.0,2ec_high_off,223606797,21,0.24586977648202138
omega_2p0,omega,2.0,2ec_high_off,246813579,282,0.4548350041771094
omega_2p0,omega,2.0,2ec_high_off,271828182,229,0.4548350041771094
omega_2p0,omega,2.0,2ec_high_off,299792458,282,0.4548350041771094
omega_2p0,omega,2.0,2ec_high_off,314159265,282,0.41601171212821697
omega_2p0,omega,2.0,2ec_high_off,428956419,29,0.24586977648202138
omega_2p0,omega,2.0,2ec_high_off,564738291,29,0.24586977648202138
omega_2p0,omega,2.0,2ec_high_off,577215664,282,0.4548350041771094
omega_2p0,omega,2.0,2ec_high_off,602214076,29,0.24586977648202138
omega_2p0,omega,2.0,2ec_high_off,633816299,282,0.41601171212821697
omega_2p0,omega,2.0,2ec_high_off,675849302,29,0.24586977648202138
omega_2p0,omega,2.0,2ec_high_off,707106781,29,0.24586977648202138
omega_2p0,omega,2.0,2ec_high_off,794161987,29,0.24586977648202138
omega_2p0,omega,2.0,2ec_high_off,866025403,282,0.41601171212821697
omega_2p0,omega,2.0,2ec_high_off,918273645,282,0.41601171212821697
omega_2p0,omega,2.0,2ec_high_off,987654321,21,0.24586977648202138
omega_2p0,omega,2.0,2ec_high_off,1029384756,282,0.4548350041771094
omega_2p0,omega,2.0,2ec_high_off,1123581321,29,0.24586977648202138
omega_2p0,omega,2.0,2ec_high_off,1145661099,29,0.24586977648202138
omega_2p0,omega,2.0,2ec_high_off,1282538739,288,0.42396313364055294
omega_2p0,omega,2.0,2ec_high_off,1329531353,28,0.24586977648202138
omega_2p0,omega,2.0,2ec_high_off,1410143363,29,0.24586977648202138
omega_2p0,omega,2.0,2ec_high_off,1835732737,28,0.24586977648202138
omega_2p0,omega,2.0,2ec_high_off,1954324947,21,0.24586977648202138
rho_0p25,rho,0.25,2ec_high_off,123456789,233,0.4572996863416025
rho_0p25,rho,0.25,2ec_high_off,135792468,21,0.24586977648202138
rho_0p25,rho,0.25,2ec_high_off,141421356,282,0.41601171212821697
rho_0p25,rho,0.25,2ec_high_off,161803398,282,0.41639522258414763
rho_0p25,rho,0.25,2ec_high_off,173205080,21,0.24586977648202138
rho_0p25,rho,0.25,2ec_high_off,200496737,28,0.24586977648202138
rho_0p25,rho,0.25,2ec_high_off,223606797,21,0.24586977648202138
rho_0p25,rho,0.25,2ec_high_off,246813579,282,0.4548350041771094
rho_0p25,rho,0.25,2ec_high_off,271828182,229,0.4548350041771094
rho_0p25,rho,0.25,2ec_high_off,299792458,282,0.4548350041771094
rho_0p25,rho,0.25,2ec_high_off,314159265,282,0.41601171212821697
rho_0p25,rho,0.25,2ec_high_off,428956419,29,0.24586977648202138
rho_0p25,rho,0.25,2ec_high_off,564738291,29,0.24586977648202138
rho_0p25,rho,0.25,2ec_high_off,577215664,282,0.4548350041771094
rho_0p25,rho,0.25,2ec_high_off,602214076,29,0.24586977648202138
rho_0p25,rho,0.25,2ec_high_off,633816299,282,0.41601171212821697
rho_0p25,rho,0.25,2ec_high_off,675849302,29,0.24586977648202138
rho_0p25,rho,0.25,2ec_high_off,707106781,29,0.24586977648202138
rho_0p25,rho,0.25,2ec_high_off,794161987,29,0.24586977648202138
rho_0p25,rho,0.25,2ec_high_off,866025403,282,0.41601171212821697
rho_0p25,rho,0.25,2ec_high_off,918273645,282,0.41601171212821697
rho_0p25,rho,0.25,2ec_high_off,987654321,21,0.24586977648202138
rho_0p25,rho,0.25,2ec_high_off,1029384756,282,0.4548350041771094
rho_0p25,rho,0.25,2ec_high_off,1123581321,29,0.24586977648202138
rho_0p25,rho,0.25,2ec_high_off,1145661099,29,0.24586977648202138
rho_0p25,rho,0.25,2ec_high_off,1282538739,288,0.42396313364055294
rho_0p25,rho,0.25,2ec_high_off,1329531353,28,0.24586977648202138
rho_0p25,rho,0.25,2ec_high_off,1410143363,29,0.24586977648202138
rho_0p25,rho,0.25,2ec_high_off,1835732737,28,0.24586977648202138
rho_0p25,rho,0.25,2ec_high_off,1954324947,21,0.24586977648202138
rho_0p5,rho,0.5,2ec_high_off,123456789,233,0.4572996863416025
rho_0p5,rho,0.5,2ec_high_off,135792468,21,0.24586977648202138
rho_0p5,rho,0.5,2ec_high_off,141421356,282,0.41601171212821697
rho_0p5,rho,0.5,2ec_high_off,161803398,282,0.41639522258414763
rho_0p5,rho,0.5,2ec_high_off,173205080,21,0.24586977648202138
rho_0p5,rho,0.5,2ec_high_off,200496737,28,0.24586977648202138
rho_0p5,rho,0.5,2ec_high_off,223606797,21,0.24586977648202138
rho_0p5,rho,0.5,2ec_high_off,246813579,282,0.4548350041771094
rho_0p5,rho,0.5,2ec_high_off,271828182,229,0.4548350041771094
rho_0p5,rho,0.5,2ec_high_off,299792458,282,0.4548350041771094
rho_0p5,rho,0.5,2ec_high_off,314159265,282,0.41601171212821697
rho_0p5,rho,0.5,2ec_high_off,428956419,29,0.24586977648202138
rho_0p5,rho,0.5,2ec_high_off,564738291,29,0.24586977648202138
rho_0p5,rho,0.5,2ec_high_off,577215664,282,0.4548350041771094
rho_0p5,rho,0.5,2ec_high_off,602214076,29,0.24586977648202138
rho_0p5,rho,0.5,2ec_high_off,633816299,282,0.41601171212821697
rho_0p5,rho,0.5,2ec_high_off,675849302,29,0.24586977648202138
rho_0p5,rho,0.5,2ec_high_off,707106781,29,0.24586977648202138
rho_0p5,rho,0.5,2ec_high_off,794161987,29,0.24586977648202138
rho_0p5,rho,0.5,2ec_high_off,866025403,282,0.41601171212821697
rho_0p5,rho,0.5,2ec_high_off,918273645,282,0.41601171212821697
rho_0p5,rho,0.5,2ec_high_off,987654321,21,0.24586977648202138
rho_0p5,rho,0.5,2ec_high_off,1029384756,282,0.4548350041771094
rho_0p5,rho,0.5,2ec_high_off,1123581321,29,0.24586977648202138
rho_0p5,rho,0.5,2ec_high_off,1145661099,29,0.24586977648202138
rho_0p5,rho,0.5,2ec_high_off,1282538739,288,0.42396313364055294
rho_0p5,rho,0.5,2ec_high_off,1329531353,28,0.24586977648202138
rho_0p5,rho,0.5,2ec_high_off,1410143363,29,0.24586977648202138
rho_0p5,rho,0.5,2ec_high_off,1835732737,28,0.24586977648202138
rho_0p5,rho,0.5,2ec_high_off,1954324947,21,0.24586977648202138
rho_0p75,rho,0.75,2ec_high_off,123456789,233,0.4572996863416025
rho_0p75,rho,0.75,2ec_high_off,135792468,21,0.24586977648202138
rho_0p75,rho,0.75,2ec_high_off,141421356,282,0.41601171212821697
rho_0p75,rho,0.75,2ec_high_off,161803398,282,0.41639522258414763
rho_0p75,rho,0.75,2ec_high_off,173205080,21,0.24586977648202138
rho_0p75,rho,0.75,2ec_high_off,200496737,28,0.24586977648202138
rho_0p75,rho,0.75,2ec_high_off,223606797,21,0.24586977648202138
rho_0p75,rho,0.75,2ec_high_off,246813579,282,0.4548350041771094
rho_0p75,rho,0.75,2ec_high_off,271828182,229,0.4548350041771094
rho_0p75,rho,0.75,2ec_high_off,299792458,282,0.4548350041771094
rho_0p75,rho,0.75,2ec_high_off,314159265,282,0.41601171212821697
rho_0p75,rho,0.75,2ec_high_off,428956419,29,0.24586977648202138
rho_0p75,rho,0.75,2ec_high_off,564738291,29,0.24586977648202138
rho_0p75,rho,0.75,2ec_high_off,577215664,282,0.4548350041771094
rho_0p75,rho,0.75,2ec_high_off,602214076,29,0.24586977648202138
rho_0p75,rho,0.75,2ec_high_off,633816299,282,0.41601171212821697
rho_0p75,rho,0.75,2ec_high_off,675849302,29,0.24586977648202138
rho_0p75,rho,0.75,2ec_high_off,707106781,29,0.24586977648202138
rho_0p75,rho,0.75,2ec_high_off,794161987,29,0.24586977648202138
rho_0p75,rho,0.75,2ec_high_off,866025403,282,0.41601171212821697
rho_0p75,rho,0.75,2ec_high_off,918273645,282,0.41601171212821697
rho_0p75,rho,0.75,2ec_high_off,987654321,21,0.24586977648202138
rho_0p75,rho,0.75,2ec_high_off,1029384756,282,0.4548350041771094
rho_0p75,rho,0.75,2ec_high_off,1123581321,29,0.24586977648202138
rho_0p75,rho,0.75,2ec_high_off,1145661099,29,0.24586977648202138
rho_0p75,rho,0.75,2ec_high_off,1282538739,288,0.42396313364055294
rho_0p75,rho,0.75,2ec_high_off,1329531353,28,0.24586977648202138
rho_0p75,rho,0.75,2ec_high_off,1410143363,29,0.24586977648202138
rho_0p75,rho,0.75,2ec_high_off,1835732737,28,0.24586977648202138
rho_0p75,rho,0.75,2ec_high_off,1954324947,21,0.24586977648202138
rho_1p0,rho,1.0,2ec_high_off,123456789,233,0.4572996863416025
rho_1p0,rho,1.0,2ec_high_off,135792468,21,0.24586977648202138
rho_1p0,rho,1.0,2ec_high_off,141421356,282,0.41601171212821697
rho_1p0,rho,1.0,2ec_high_off,161803398,282,0.41639522258414763
rho_1p0,rho,1.0,2ec_high_off,173205080,21,0.24586977648202138
rho_1p0,rho,1.0,2ec_high_off,200496737,28,0.24586977648202138
rho_1p0,rho,1.0,2ec_high_off,223606797,21,0.24586977648202138
rho_1p0,rho,1.0,2ec_high_off,246813579,282,0.4548350041771094
rho_1p0,rho,1.0,2ec_high_off,271828182,229,0.4548350041771094
rho_1p0,rho,1.0,2ec_high_off,299792458,282,0.4548350041771094
rho_1p0,rho,1.0,2ec_high_off,314159265,282,0.41601171212821697
rho_1p0,rho,1.0,2ec_high_off,428956419,29,0.24586977648202138
rho_1p0,rho,1.0,2ec_high_off,564738291,29,0.24586977648202138
rho_1p0,rho,1.0,2ec_high_off,577215664,282,0.4548350041771094
rho_1p0,rho,1.0,2ec_high_off,602214076,29,0.24586977648202138
rho_1p0,rho,1.0,2ec_high_off,633816299,282,0.41601171212821697
rho_1p0,rho,1.0,2ec_high_off,675849302,29,0.24586977648202138
rho_1p0,rho,1.0,2ec_high_off,707106781,29,0.24586977648202138
rho_1p0,rho,1.0,2ec_high_off,794161987,29,0.24586977648202138
rho_1p0,rho,1.0,2ec_high_off,866025403,282,0.41601171212821697
rho_1p0,rho,1.0,2ec_high_off,918273645,282,0.41601171212821697
rho_1p0,rho,1.0,2ec_high_off,987654321,21,0.24586977648202138
rho_1p0,rho,1.0,2ec_high_off,1029384756,282,0.4548350041771094
rho_1p0,rho,1.0,2ec_high_off,1123581321,29,0.24586977648202138
rho_1p0,rho,1.0,2ec_high_off,1145661099,29,0.24586977648202138
rho_1p0,rho,1.0,2ec_high_off,1282538739,288,0.42396313364055294
rho_1p0,rho,1.0,2ec_high_off,1329531353,28,0.24586977648202138
rho_1p0,rho,1.0,2ec_high_off,1410143363,29,0.24586977648202138
rho_1p0,rho,1.0,2ec_high_off,1835732737,28,0.24586977648202138
rho_1p0,rho,1.0,2ec_high_off,1954324947,21,0.24586977648202138
rho_1p25,rho,1.25,2ec_high_off,123456789,233,0.4572996863416025
rho_1p25,rho,1.25,2ec_high_off,135792468,21,0.24586977648202138
rho_1p25,rho,1.25,2ec_high_off,141421356,282,0.41601171212821697
rho_1p25,rho,1.25,2ec_high_off,161803398,282,0.41639522258414763
rho_1p25,rho,1.25,2ec_high_off,173205080,21,0.24586977648202138
rho_1p25,rho,1.25,2ec_high_off,200496737,28,0.24586977648202138
rho_1p25,rho,1.25,2ec_high_off,223606797,21,0.24586977648202138
rho_1p25,rho,1.25,2ec_high_off,246813579,282,0.4548350041771094
rho_1p25,rho,1.25,2ec_high_off,271828182,229,0.4548350041771094
rho_1p25,rho,1.25,2ec_high_off,299792458,282,0.4548350041771094
rho_1p25,rho,1.25,2ec_high_off,314159265,282,0.41601171212821697
rho_1p25,rho,1.25,2ec_high_off,428956419,29,0.24586977648202138
rho_1p25,rho,1.25,2ec_high_off,564738291,29,0.24586977648202138
rho_1p25,rho,1.25,2ec_high_off,577215664,282,0.4548350041771094
rho_1p25,rho,1.25,2ec_high_off,602214076,29,0.24586977648202138
rho_1p25,rho,1.25,2ec_high_off,633816299,282,0.41601171212821697
rho_1p25,rho,1.25,2ec_high_off,675849302,29,0.24586977648202138
rho_1p25,rho,1.25,2ec_high_off,707106781,29,0.24586977648202138
rho_1p25,rho,1.25,2ec_high_off,794161987,29,0.24586977648202138
rho_1p25,rho,1.25,2ec_high_off,866025403,282,0.41601171212821697
rho_1p25,rho,1.25,2ec_high_off,918273645,282,0.41601171212821697
rho_1p25,rho,1.25,2ec_high_off,987654321,21,0.24586977648202138
rho_1p25,rho,1.25,2ec_high_off,1029384756,282,0.4548350041771094
rho_1p25,rho,1.25,2ec_high_off,1123581321,29,0.24586977648202138
rho_1p25,rho,1.25,2ec_high_off,1145661099,29,0.24586977648202138
rho_1p25,rho,1.25,2ec_high_off,1282538739,288,0.42396313364055294
rho_1p25,rho,1.25,2ec_high_off,1329531353,28,0.24586977648202138
rho_1p25,rho,1.25,2ec_high_off,1410143363,29,0.24586977648202138
rho_1p25,rho,1.25,2ec_high_off,1835732737,28,0.24586977648202138
rho_1p25,rho,1.25,2ec_high_off,1954324947,21,0.24586977648202138
rho_1p5,rho,1.5,2ec_high_off,123456789,233,0.4572996863416025
rho_1p5,rho,1.5,2ec_high_off,135792468,21,0.24586977648202138
rho_1p5,rho,1.5,2ec_high_off,141421356,282,0.41601171212821697
rho_1p5,rho,1.5,2ec_high_off,161803398,282,0.41639522258414763
rho_1p5,rho,1.5,2ec_high_off,173205080,21,0.24586977648202138
rho_1p5,rho,1.5,2ec_high_off,200496737,28,0.24586977648202138
rho_1p5,rho,1.5,2ec_high_off,223606797,21,0.24586977648202138
rho_1p5,rho,1.5,2ec_high_off,246813579,282,0.4548350041771094
rho_1p5,rho,1.5,2ec_high_off,271828182,229,0.4548350041771094
rho_1p5,rho,1.5,2ec_high_off,299792458,282,0.4548350041771094
rho_1p5,rho,1.5,2ec_high_off,314159265,282,0.41601171212821697
rho_1p5,rho,1.5,2ec_high_off,428956419,29,0.24586977648202138
rho_1p5,rho,1.5,2ec_high_off,564738291,29,0.24586977648202138
rho_1p5,rho,1.5,2ec_high_off,577215664,282,0.4548350041771094
rho_1p5,rho,1.5,2ec_high_off,602214076,29,0.24586977648202138
rho_1p5,rho,1.5,2ec_high_off,633816299,282,0.41601171212821697
rho_1p5,rho,1.5,2ec_high_off,675849302,29,0.24586977648202138
rho_1p5,rho,1.5,2ec_high_off,707106781,29,0.24586977648202138
rho_1p5,rho,1.5,2ec_high_off,794161987,29,0.24586977648202138
rho_1p5,rho,1.5,2ec_high_off,866025403,282,0.41601171212821697
rho_1p5,rho,1.5,2ec_high_off,918273645,282,0.41601171212821697
rho_1p5,rho,1.5,2ec_high_off,987654321,21,0.24586977648202138
rho_1p5,rho,1.5,2ec_high_off,1029384756,282,0.4548350041771094
rho_1p5,rho,1.5,2ec_high_off,1123581321,29,0.24586977648202138
rho_1p5,rho,1.5,2ec_high_off,1145661099,29,0.24586977648202138
rho_1p5,rho,1.5,2ec_high_off,1282538739,288,0.42396313364055294
rho_1p5,rho,1.5,2ec_high_off,1329531353,28,0.24586977648202138
rho_1p5,rho,1.5,2ec_high_off,1410143363,29,0.24586977648202138
rho_1p5,rho,1.5,2ec_high_off,1835732737,28,0.24586977648202138
rho_1p5,rho,1.5,2ec_high_off,1954324947,21,0.24586977648202138
rho_1p75,rho,1.75,2ec_high_off,123456789,233,0.4572996863416025
rho_1p75,rho,1.75,2ec_high_off,135792468,21,0.24586977648202138
rho_1p75,rho,1.75,2ec_high_off,141421356,282,0.41601171212821697
rho_1p75,rho,1.75,2ec_high_off,161803398,282,0.41639522258414763
rho_1p75,rho,1.75,2ec_high_off,173205080,21,0.24586977648202138
rho_1p75,rho,1.75,2ec_high_off,200496737,28,0.24586977648202138
rho_1p75,rho,1.75,2ec_high_off,223606797,21,0.24586977648202138
rho_1p75,rho,1.75,2ec_high_off,246813579,282,0.4548350041771094
rho_1p75,rho,1.75,2ec_high_off,271828182,229,0.4548350041771094
rho_1p75,rho,1.75,2ec_high_off,299792458,282,0.4548350041771094
rho_1p75,rho,1.75,2ec_high_off,314159265,282,0.41601171212821697
rho_1p75,rho,1.75,2ec_high_off,428956419,29,0.24586977648202138
rho_1p75,rho,1.75,2ec_high_off,564738291,29,0.24586977648202138
rho_1p75,rho,1.75,2ec_high_off,577215664,282,0.4548350041771094
rho_1p75,rho,1.75,2ec_high_off,602214076,29,0.24586977648202138
rho_1p75,rho,1.75,2ec_high_off,633816299,282,0.41601171212821697
rho_1p75,rho,1.75,2ec_high_off,675849302,29,0.24586977648202138
rho_1p75,rho,1.75,2ec_high_off,707106781,29,0.24586977648202138
rho_1p75,rho,1.75,2ec_high_off,794161987,29,0.24586977648202138
rho_1p75,rho,1.75,2ec_high_off,866025403,282,0.41601171212821697
rho_1p75,rho,1.75,2ec_high_off,918273645,282,0.41601171212821697
rho_1p75,rho,1.75,2ec_high_off,987654321,21,0.24586977648202138
rho_1p75,rho,1.75,2ec_high_off,1029384756,282,0.4548350041771094
rho_1p75,rho,1.75,2ec_high_off,1123581321,29,0.24586977648202138
rho_1p75,rho,1.75,2ec_high_off,1145661099,29,0.24586977648202138
rho_1p75,rho,1.75,2ec_high_off,1282538739,288,0.42396313364055294
rho_1p75,rho,1.75,2ec_high_off,1329531353,28,0.24586977648202138
rho_1p75,rho,1.75,2ec_high_off,1410143363,29,0.24586977648202138
rho_1p75,rho,1.75,2ec_high_off,1835732737,28,0.24586977648202138
rho_1p75,rho,1.75,2ec_high_off,1954324947,21,0.24586977648202138
rho_2p0,rho,2.0,2ec_high_off,123456789,233,0.4572996863416025
rho_2p0,rho,2.0,2ec_high_off,135792468,21,0.24586977648202138
rho_2p0,rho,2.0,2ec_high_off,141421356,282,0.41601171212821697
rho_2p0,rho,2.0,2ec_high_off,161803398,282,0.41639522258414763
rho_2p0,rho,2.0,2ec_high_off,173205080,21,0.24586977648202138
rho_2p0,rho,2.0,2ec_high_off,200496737,28,0.24586977648202138
rho_2p0,rho,2.0,2ec_high_off,223606797,21,0.24586977648202138
rho_2p0,rho,2.0,2ec_high_off,246813579,282,0.4548350041771094
rho_2p0,rho,2.0,2ec_high_off,271828182,229,0.4548350041771094
rho_2p0,rho,2.0,2ec_high_off,299792458,282,0.4548350041771094
rho_2p0,rho,2.0,2ec_high_off,314159265,282,0.41601171212821697
rho_2p0,rho,2.0,2ec_high_off,428956419,29,0.24586977648202138
rho_2p0,rho,2.0,2ec_high_off,564738291,29,0.24586977648202138
rho_2p0,rho,2.0,2ec_high_off,577215664,282,0.4548350041771094
rho_2p0,rho,2.0,2ec_high_off,602214076,29,0.24586977648202138
rho_2p0,rho,2.0,2ec_high_off,633816299,282,0.41601171212821697
rho_2p0,rho,2.0,2ec_high_off,675849302,29,0.24586977648202138
rho_2p0,rho,2.0,2ec_high_off,707106781,29,0.24586977648202138
rho_2p0,rho,2.0,2ec_high_off,794161987,29,0.24586977648202138
rho_2p0,rho,2.0,2ec_high_off,866025403,282,0.41601171212821697
rho_2p0,rho,2.0,2ec_high_off,918273645,282,0.41601171212821697
rho_2p0,rho,2.0,2ec_high_off,987654321,21,0.24586977648202138
rho_2p0,rho,2.0,2ec_high_off,1029384756,282,0.4548350041771094
rho_2p0,rho,2.0,2ec_high_off,1123581321,29,0.24586977648202138
rho_2p0,rho,2.0,2ec_high_off,1145661099,29,0.24586977648202138
rho_2p0,rho,2.0,2ec_high_off,1282538739,288,0.42396313364055294
rho_2p0,rho,2.0,2ec_high_off,1329531353,28,0.24586977648202138
rho_2p0,rho,2.0,2ec_high_off,1410143363,29,0.24586977648202138
rho_2p0,rho,2.0,2ec_high_off,1835732737,28,0.24586977648202138
rho_2p0,rho,2.0,2ec_high_off,1954324947,21,0.24586977648202138
