scenario,algo,seed,step,elapsed_ms
sample,thea,428956419,1,1.7787
sample,thea,428956419,2,0.4291
sample,thea,428956419,3,0.3682
sample,thea,428956419,4,0.3422
sample,thea,428956419,5,0.3464
sample,thea,428956419,6,0.3474
sample,thea,428956419,7,0.3452
sample,thea,428956419,8,0.3265
sample,thea,428956419,9,0.3449
sample,thea,428956419,10,0.32
sample,thea,428956419,11,0.3536
sample,thea,428956419,12,0.3312
sample,thea,428956419,13,0.3809
sample,thea,428956419,14,0.3717
sample,thea,428956419,15,1.1688
sample,thea,428956419,16,0.6592
sample,thea,428956419,17,0.51
sample,thea,428956419,18,0.3978
sample,thea,428956419,19,0.3594
sample,thea,428956419,20,0.4374
sample,thea,428956419,21,0.3254
sample,thea,428956419,22,0.3255
sample,thea,428956419,23,0.3346
sample,thea,428956419,24,0.3195
sample,thea,428956419,25,0.733
sample,thea,428956419,26,0.8197
sample,thea,428956419,27,0.5285
sample,thea,428956419,28,0.3792
sample,thea,428956419,29,0.3678
sample,thea,428956419,30,0.3472
sample,thea,428956419,31,0.3663
sample,thea,428956419,32,0.328
sample,thea,428956419,33,0.3172
sample,thea,428956419,34,0.4511
sample,thea,428956419,35,0.3584
sample,thea,428956419,36,0.8536
sample,thea,428956419,37,0.4002
sample,thea,428956419,38,0.3866
sample,thea,428956419,39,0.328
sample,thea,428956419,40,0.3159
sample,thea,428956419,41,0.3125
sample,thea,428956419,42,0.3355
sample,thea,428956419,43,0.3663
sample,thea,428956419,44,0.3455
sample,thea,428956419,45,0.3233
sample,thea,428956419,46,0.7301
sample,thea,428956419,47,0.4017
sample,thea,428956419,48,0.4684
sample,thea,428956419,49,0.4037
sample,thea,428956419,50,0.3813
sample,thea,428956419,51,0.3549
sample,thea,428956419,52,0.3472
sample,thea,428956419,53,0.3361
sample,thea,428956419,54,0.5434
sample,thea,428956419,55,0.3912
sample,thea,428956419,56,0.3471
sample,thea,428956419,57,0.342
sample,thea,428956419,58,0.3155
sample,thea,428956419,59,1.0295
sample,thea,428956419,60,0.3943
2ec_low_on,thea,428956419,1,3.4483
2ec_low_on,thea,428956419,2,1.7542
2ec_low_on,thea,428956419,3,1.4939
2ec_low_on,thea,428956419,4,1.4468
2ec_low_on,thea,428956419,5,1.2794
2ec_low_on,thea,428956419,6,1.2356
2ec_low_on,thea,428956419,7,1.2379
2ec_low_on,thea,428956419,8,1.2368
2ec_low_on,thea,428956419,9,2.1461
2ec_low_on,thea,428956419,10,1.3069
2ec_low_off,thea,428956419,1,2.6102
2ec_low_off,thea,428956419,2,1.3109
2ec_low_off,thea,428956419,3,1.2065
2ec_low_off,thea,428956419,4,1.8127
2ec_low_off,thea,428956419,5,1.1488
2ec_low_off,thea,428956419,6,1.0951
2ec_low_off,thea,428956419,7,1.1001
2ec_low_off,thea,428956419,8,1.1348
2ec_low_off,thea,428956419,9,1.0683
2ec_high_on,thea,428956419,1,4.0146
2ec_high_on,thea,428956419,2,1.5432
2ec_high_on,thea,428956419,3,1.2157
2ec_high_on,thea,428956419,4,1.3568
2ec_high_on,thea,428956419,5,1.1926
2ec_high_on,thea,428956419,6,1.2846
2ec_high_on,thea,428956419,7,1.7726
2ec_high_on,thea,428956419,8,1.8279
2ec_high_off,thea,428956419,1,3.5333
2ec_high_off,thea,428956419,2,1.5358
2ec_high_off,thea,428956419,3,1.3236
2ec_high_off,thea,428956419,4,1.3414
2ec_high_off,thea,428956419,5,1.3275
2ec_high_off,thea,428956419,6,1.1177
2ec_high_off,thea,428956419,7,1.0959
2ec_high_off,thea,428956419,8,1.0538
2ec_high_off,thea,428956419,9,0.9349
2ec_high_off,thea,428956419,10,0.9335
2ec_high_off,thea,428956419,11,0.9483
2ec_high_off,thea,428956419,12,0.9078
2ec_high_off,thea,428956419,13,0.9071
2ec_high_off,thea,428956419,14,1.1232
2ec_high_off,thea,428956419,15,1.2339
2ec_high_off,thea,428956419,16,0.9881
2ec_high_off,thea,428956419,17,0.9421
2ec_high_off,thea,428956419,18,0.9801
2ec_high_off,thea,428956419,19,0.912
2ec_high_off,thea,428956419,20,0.9019
2ec_high_off,thea,428956419,21,0.9582
2ec_high_off,thea,428956419,22,0.9194
2ec_high_off,thea,428956419,23,1.8633
2ec_high_off,thea,428956419,24,1.5431
2ec_high_off,thea,428956419,25,1.0145
2ec_high_off,thea,428956419,26,0.9665
2ec_high_off,thea,428956419,27,1.0845
2ec_high_off,thea,428956419,28,0.9481
2ec_high_off,thea,428956419,29,0.9605
2ec_high_off,thea,428956419,30,0.976
2ec_high_off,thea,428956419,31,1.2388
2ec_high_off,thea,428956419,32,1.0897
2ec_high_off,thea,428956419,33,0.9953
2ec_high_off,thea,428956419,34,0.9735
2ec_high_off,thea,428956419,35,1.0643
2ec_high_off,thea,428956419,36,0.9666
2ec_high_off,thea,428956419,37,0.9733
2ec_high_off,thea,428956419,38,1.0075
2ec_high_off,thea,428956419,39,0.9628
2ec_high_off,thea,428956419,40,1.4694
2ec_high_off,thea,428956419,41,1.6767
2ec_high_off,thea,428956419,42,1.064
2ec_high_off,thea,428956419,43,0.9847
2ec_high_off,thea,428956419,44,1.0027
2ec_high_off,thea,428956419,45,0.9877
2ec_high_off,thea,428956419,46,0.973
2ec_high_off,thea,428956419,47,0.9885
2ec_high_off,thea,428956419,48,1.193
2ec_high_off,thea,428956419,49,1.1584
2ec_high_off,thea,428956419,50,1.0859
2ec_high_off,thea,428956419,51,1.0113
2ec_high_off,thea,428956419,52,2.1618
2ec_high_off,thea,428956419,53,1.2102
2ec_high_off,thea,428956419,54,1.0453
2ec_high_off,thea,428956419,55,2.4041
2ec_high_off,thea,428956419,56,1.0127
2ec_high_off,thea,428956419,57,1.1113
2ec_high_off,thea,428956419,58,0.9831
2ec_high_off,thea,428956419,59,0.9781
2ec_high_off,thea,428956419,60,0.9901
sample,thea,1954324947,1,0.8882
sample,thea,1954324947,2,0.3013
sample,thea,1954324947,3,0.2606
sample,thea,1954324947,4,0.2605
sample,thea,1954324947,5,0.2641
sample,thea,1954324947,6,0.2639
sample,thea,1954324947,7,0.2629
sample,thea,1954324947,8,0.2819
sample,thea,1954324947,9,0.2625
sample,thea,1954324947,10,0.2538
sample,thea,1954324947,11,0.2638
sample,thea,1954324947,12,0.2492
sample,thea,1954324947,13,0.248
sample,thea,1954324947,14,0.2501
sample,thea,1954324947,15,0.2879
sample,thea,1954324947,16,0.2536
sample,thea,1954324947,17,0.2504
sample,thea,1954324947,18,0.2506
sample,thea,1954324947,19,0.2486
sample,thea,1954324947,20,0.2611
sample,thea,1954324947,21,0.2546
sample,thea,1954324947,22,0.3737
sample,thea,1954324947,23,0.3064
sample,thea,1954324947,24,0.2826
sample,thea,1954324947,25,0.259
sample,thea,1954324947,26,0.2703
sample,thea,1954324947,27,0.2589
sample,thea,1954324947,28,0.2559
sample,thea,1954324947,29,0.2982
sample,thea,1954324947,30,0.2554
sample,thea,1954324947,31,0.2596
sample,thea,1954324947,32,0.2526
sample,thea,1954324947,33,0.2532
sample,thea,1954324947,34,0.2556
sample,thea,1954324947,35,0.2509
sample,thea,1954324947,36,0.2528
sample,thea,1954324947,37,0.2502
sample,thea,1954324947,38,0.2518
sample,thea,1954324947,39,0.4066
sample,thea,1954324947,40,0.2843
sample,thea,1954324947,41,0.27
sample,thea,1954324947,42,0.2627
sample,thea,1954324947,43,0.2666
sample,thea,1954324947,44,0.2604
sample,thea,1954324947,45,0.2679
sample,thea,1954324947,46,0.2504
sample,thea,1954324947,47,0.2508
sample,thea,1954324947,48,0.2491
sample,thea,1954324947,49,0.2536
sample,thea,1954324947,50,0.2484
sample,thea,1954324947,51,0.2565
sample,thea,1954324947,52,0.2523
sample,thea,1954324947,53,0.251
sample,thea,1954324947,54,0.2486
sample,thea,1954324947,55,0.3459
sample,thea,1954324947,56,0.2795
sample,thea,1954324947,57,0.2595
sample,thea,1954324947,58,0.2659
sample,thea,1954324947,59,0.2517
sample,thea,1954324947,60,0.2489
2ec_low_on,thea,1954324947,1,3.1078
2ec_low_on,thea,1954324947,2,1.4054
2ec_low_on,thea,1954324947,3,1.3307
2ec_low_on,thea,1954324947,4,1.2295
2ec_low_on,thea,1954324947,5,1.22
2ec_low_on,thea,1954324947,6,2.5486
2ec_low_on,thea,1954324947,7,1.1221
2ec_low_on,thea,1954324947,8,1.1002
2ec_low_on,thea,1954324947,9,1.1036
2ec_low_on,thea,1954324947,10,1.0986
2ec_low_on,thea,1954324947,11,1.0726
2ec_low_on,thea,1954324947,12,1.0625
2ec_low_on,thea,1954324947,13,1.2618
2ec_low_on,thea,1954324947,14,1.0906
2ec_low_off,thea,1954324947,1,2.1954
2ec_low_off,thea,1954324947,2,1.0175
2ec_low_off,thea,1954324947,3,1.7529
2ec_low_off,thea,1954324947,4,1.0132
2ec_low_off,thea,1954324947,5,1.0021
2ec_low_off,thea,1954324947,6,0.9552
2ec_low_off,thea,1954324947,7,0.9459
2ec_low_off,thea,1954324947,8,0.9267
2ec_low_off,thea,1954324947,9,0.8129
2ec_high_on,thea,1954324947,1,3.1214
2ec_high_on,thea,1954324947,2,1.6347
2ec_high_on,thea,1954324947,3,1.3141
2ec_high_on,thea,1954324947,4,1.3341
2ec_high_on,thea,1954324947,5,1.6203
2ec_high_on,thea,1954324947,6,1.3483
2ec_high_on,thea,1954324947,7,1.2997
2ec_high_on,thea,1954324947,8,1.0744
2ec_high_on,thea,1954324947,9,1.0317
2ec_high_off,thea,1954324947,1,3.1375
2ec_high_off,thea,1954324947,2,1.8786
2ec_high_off,thea,1954324947,3,1.4293
2ec_high_off,thea,1954324947,4,2.7712
2ec_high_off,thea,1954324947,5,1.716
2ec_high_off,thea,1954324947,6,1.3668
2ec_high_off,thea,1954324947,7,1.9391
2ec_high_off,thea,1954324947,8,1.383
2ec_high_off,thea,1954324947,9,1.9684
2ec_high_off,thea,1954324947,10,2.2277
2ec_high_off,thea,1954324947,11,1.5321
2ec_high_off,thea,1954324947,12,2.9251
2ec_high_off,thea,1954324947,13,1.2013
2ec_high_off,thea,1954324947,14,1.1925
2ec_high_off,thea,1954324947,15,1.1012
2ec_high_off,thea,1954324947,16,1.1666
2ec_high_off,thea,1954324947,17,1.1052
2ec_high_off,thea,1954324947,18,1.5128
2ec_high_off,thea,1954324947,19,1.1344
2ec_high_off,thea,1954324947,20,1.0629
2ec_high_off,thea,1954324947,21,1.1302
2ec_high_off,thea,1954324947,22,1.1579
2ec_high_off,thea,1954324947,23,1.07
2ec_high_off,thea,1954324947,24,1.0625
2ec_high_off,thea,1954324947,25,1.0763
2ec_high_off,thea,1954324947,26,1.9823
2ec_high_off,thea,1954324947,27,3.1487
2ec_high_off,thea,1954324947,28,1.1881
2ec_high_off,thea,1954324947,29,1.0845
2ec_high_off,thea,1954324947,30,1.069
2ec_high_off,thea,1954324947,31,1.0816
2ec_high_off,thea,1954324947,32,1.3823
2ec_high_off,thea,1954324947,33,1.1235
2ec_high_off,thea,1954324947,34,1.0588
2ec_high_off,thea,1954324947,35,1.0705
2ec_high_off,thea,1954324947,36,1.0669
2ec_high_off,thea,1954324947,37,1.071
2ec_high_off,thea,1954324947,38,1.0493
2ec_high_off,thea,1954324947,39,1.0775
2ec_high_off,thea,1954324947,40,1.0968
2ec_high_off,thea,1954324947,41,1.0638
2ec_high_off,thea,1954324947,42,1.0445
2ec_high_off,thea,1954324947,43,1.1061
2ec_high_off,thea,1954324947,44,1.046
2ec_high_off,thea,1954324947,45,1.0713
2ec_high_off,thea,1954324947,46,1.0624
2ec_high_off,thea,1954324947,47,1.081
2ec_high_off,thea,1954324947,48,1.6126
2ec_high_off,thea,1954324947,49,1.1517
2ec_high_off,thea,1954324947,50,1.0874
2ec_high_off,thea,1954324947,51,1.0648
2ec_high_off,thea,1954324947,52,1.1438
2ec_high_off,thea,1954324947,53,1.1144
2ec_high_off,thea,1954324947,54,1.0331
2ec_high_off,thea,1954324947,55,1.0472
2ec_high_off,thea,1954324947,56,2.0544
2ec_high_off,thea,1954324947,57,1.0878
2ec_high_off,thea,1954324947,58,1.0385
2ec_high_off,thea,1954324947,59,1.1094
2ec_high_off,thea,1954324947,60,1.0223
sample,thea,1145661099,1,0.8219
sample,thea,1145661099,2,0.2753
sample,thea,1145661099,3,0.2341
sample,thea,1145661099,4,0.2294
sample,thea,1145661099,5,0.2224
sample,thea,1145661099,6,0.2456
sample,thea,1145661099,7,0.284
sample,thea,1145661099,8,0.2275
sample,thea,1145661099,9,0.4934
sample,thea,1145661099,10,0.3175
sample,thea,1145661099,11,0.265
sample,thea,1145661099,12,0.2426
sample,thea,1145661099,13,0.2934
sample,thea,1145661099,14,0.256
sample,thea,1145661099,15,0.2758
sample,thea,1145661099,16,0.2469
sample,thea,1145661099,17,0.3197
sample,thea,1145661099,18,0.3404
sample,thea,1145661099,19,0.2679
sample,thea,1145661099,20,0.2607
sample,thea,1145661099,21,0.3659
sample,thea,1145661099,22,0.3042
sample,thea,1145661099,23,0.3084
sample,thea,1145661099,24,0.2584
sample,thea,1145661099,25,0.3395
sample,thea,1145661099,26,0.3434
sample,thea,1145661099,27,0.3262
sample,thea,1145661099,28,0.3501
sample,thea,1145661099,29,0.3148
sample,thea,1145661099,30,0.2763
sample,thea,1145661099,31,0.3444
sample,thea,1145661099,32,0.2754
sample,thea,1145661099,33,0.2688
sample,thea,1145661099,34,0.2541
sample,thea,1145661099,35,0.2631
sample,thea,1145661099,36,0.6552
sample,thea,1145661099,37,0.3002
sample,thea,1145661099,38,0.2838
sample,thea,1145661099,39,0.5628
sample,thea,1145661099,40,0.5532
sample,thea,1145661099,41,0.6498
sample,thea,1145661099,42,0.5281
sample,thea,1145661099,43,0.5035
sample,thea,1145661099,44,0.4796
sample,thea,1145661099,45,0.518
sample,thea,1145661099,46,0.8189
sample,thea,1145661099,47,0.5755
sample,thea,1145661099,48,0.5933
sample,thea,1145661099,49,0.6229
sample,thea,1145661099,50,0.3265
sample,thea,1145661099,51,0.2918
sample,thea,1145661099,52,0.2707
sample,thea,1145661099,53,0.2665
sample,thea,1145661099,54,0.3163
sample,thea,1145661099,55,0.3859
sample,thea,1145661099,56,0.2935
sample,thea,1145661099,57,0.278
sample,thea,1145661099,58,0.2812
sample,thea,1145661099,59,0.2652
sample,thea,1145661099,60,0.2896
2ec_low_on,thea,1145661099,1,3.8596
2ec_low_on,thea,1145661099,2,1.8624
2ec_low_on,thea,1145661099,3,1.5217
2ec_low_on,thea,1145661099,4,1.456
2ec_low_on,thea,1145661099,5,1.4761
2ec_low_on,thea,1145661099,6,1.4502
2ec_low_on,thea,1145661099,7,1.2227
2ec_low_on,thea,1145661099,8,1.7801
2ec_low_on,thea,1145661099,9,1.2755
2ec_low_on,thea,1145661099,10,1.1592
2ec_low_off,thea,1145661099,1,2.9757
2ec_low_off,thea,1145661099,2,2.3842
2ec_low_off,thea,1145661099,3,1.305
2ec_low_off,thea,1145661099,4,1.3026
2ec_low_off,thea,1145661099,5,1.2777
2ec_low_off,thea,1145661099,6,1.2364
2ec_low_off,thea,1145661099,7,1.2411
2ec_low_off,thea,1145661099,8,1.1984
2ec_low_off,thea,1145661099,9,1.3541
2ec_low_off,thea,1145661099,10,1.2028
2ec_low_off,thea,1145661099,11,1.0705
2ec_high_on,thea,1145661099,1,7.6066
2ec_high_on,thea,1145661099,2,5.1029
2ec_high_on,thea,1145661099,3,2.6634
2ec_high_on,thea,1145661099,4,1.5879
2ec_high_on,thea,1145661099,5,1.5274
2ec_high_on,thea,1145661099,6,2.5548
2ec_high_on,thea,1145661099,7,1.7057
2ec_high_on,thea,1145661099,8,1.5654
2ec_high_off,thea,1145661099,1,3.5851
2ec_high_off,thea,1145661099,2,1.8052
2ec_high_off,thea,1145661099,3,1.6015
2ec_high_off,thea,1145661099,4,1.6162
2ec_high_off,thea,1145661099,5,1.6693
2ec_high_off,thea,1145661099,6,2.8523
2ec_high_off,thea,1145661099,7,1.8718
2ec_high_off,thea,1145661099,8,1.7902
2ec_high_off,thea,1145661099,9,1.4859
2ec_high_off,thea,1145661099,10,1.3288
2ec_high_off,thea,1145661099,11,2.9633
2ec_high_off,thea,1145661099,12,2.0911
2ec_high_off,thea,1145661099,13,1.4645
2ec_high_off,thea,1145661099,14,1.3096
2ec_high_off,thea,1145661099,15,1.3605
2ec_high_off,thea,1145661099,16,1.6196
2ec_high_off,thea,1145661099,17,1.5158
2ec_high_off,thea,1145661099,18,1.3614
2ec_high_off,thea,1145661099,19,1.3125
2ec_high_off,thea,1145661099,20,1.6643
2ec_high_off,thea,1145661099,21,1.5017
2ec_high_off,thea,1145661099,22,1.36
2ec_high_off,thea,1145661099,23,1.3713
2ec_high_off,thea,1145661099,24,1.3796
2ec_high_off,thea,1145661099,25,1.3912
2ec_high_off,thea,1145661099,26,2.4043
2ec_high_off,thea,1145661099,27,2.5754
2ec_high_off,thea,1145661099,28,1.5049
2ec_high_off,thea,1145661099,29,1.4595
2ec_high_off,thea,1145661099,30,1.323
2ec_high_off,thea,1145661099,31,3.0404
2ec_high_off,thea,1145661099,32,1.3343
2ec_high_off,thea,1145661099,33,1.4941
2ec_high_off,thea,1145661099,34,1.3761
2ec_high_off,thea,1145661099,35,1.355
2ec_high_off,thea,1145661099,36,1.5163
2ec_high_off,thea,1145661099,37,2.5086
2ec_high_off,thea,1145661099,38,1.5024
2ec_high_off,thea,1145661099,39,1.4641
2ec_high_off,thea,1145661099,40,1.4409
2ec_high_off,thea,1145661099,41,1.639
2ec_high_off,thea,1145661099,42,5.1455
2ec_high_off,thea,1145661099,43,1.9935
2ec_high_off,thea,1145661099,44,1.4136
2ec_high_off,thea,1145661099,45,1.3587
2ec_high_off,thea,1145661099,46,1.2953
2ec_high_off,thea,1145661099,47,1.5211
2ec_high_off,thea,1145661099,48,1.3195
2ec_high_off,thea,1145661099,49,1.3229
2ec_high_off,thea,1145661099,50,1.2924
2ec_high_off,thea,1145661099,51,2.9809
2ec_high_off,thea,1145661099,52,2.679
2ec_high_off,thea,1145661099,53,2.0183
2ec_high_off,thea,1145661099,54,1.3977
2ec_high_off,thea,1145661099,55,2.305
2ec_high_off,thea,1145661099,56,1.3892
2ec_high_off,thea,1145661099,57,1.4051
2ec_high_off,thea,1145661099,58,1.2861
2ec_high_off,thea,1145661099,59,1.2979
2ec_high_off,thea,1145661099,60,1.2789
sample,thea,1835732737,1,0.9316
sample,thea,1835732737,2,0.3531
sample,thea,1835732737,3,0.269
sample,thea,1835732737,4,0.2785
sample,thea,1835732737,5,0.2562
sample,thea,1835732737,6,0.3184
sample,thea,1835732737,7,0.6625
sample,thea,1835732737,8,0.2984
sample,thea,1835732737,9,0.2723
sample,thea,1835732737,10,0.2656
sample,thea,1835732737,11,0.2631
sample,thea,1835732737,12,0.2621
sample,thea,1835732737,13,0.264
sample,thea,1835732737,14,0.2732
sample,thea,1835732737,15,0.3024
sample,thea,1835732737,16,0.2599
sample,thea,1835732737,17,0.2597
sample,thea,1835732737,18,0.2651
sample,thea,1835732737,19,0.2573
sample,thea,1835732737,20,0.2557
sample,thea,1835732737,21,1.0156
sample,thea,1835732737,22,0.3292
sample,thea,1835732737,23,0.6856
sample,thea,1835732737,24,0.2909
sample,thea,1835732737,25,0.2743
sample,thea,1835732737,26,0.2631
sample,thea,1835732737,27,0.2646
sample,thea,1835732737,28,0.2676
sample,thea,1835732737,29,0.3312
sample,thea,1835732737,30,0.2607
sample,thea,1835732737,31,0.2632
sample,thea,1835732737,32,0.2668
sample,thea,1835732737,33,0.2634
sample,thea,1835732737,34,0.2617
sample,thea,1835732737,35,0.2724
sample,thea,1835732737,36,0.6358
sample,thea,1835732737,37,0.3248
sample,thea,1835732737,38,0.2867
sample,thea,1835732737,39,0.2688
sample,thea,1835732737,40,0.2642
sample,thea,1835732737,41,0.2812
sample,thea,1835732737,42,0.2701
sample,thea,1835732737,43,0.2621
sample,thea,1835732737,44,0.2738
sample,thea,1835732737,45,0.2569
sample,thea,1835732737,46,0.2509
sample,thea,1835732737,47,0.2502
sample,thea,1835732737,48,0.253
sample,thea,1835732737,49,0.2494
sample,thea,1835732737,50,0.4193
sample,thea,1835732737,51,0.689
sample,thea,1835732737,52,0.2978
sample,thea,1835732737,53,0.2861
sample,thea,1835732737,54,0.2591
sample,thea,1835732737,55,0.2726
sample,thea,1835732737,56,0.2628
sample,thea,1835732737,57,0.2673
sample,thea,1835732737,58,0.2635
sample,thea,1835732737,59,0.269
sample,thea,1835732737,60,0.2539
2ec_low_on,thea,1835732737,1,2.8441
2ec_low_on,thea,1835732737,2,1.3661
2ec_low_on,thea,1835732737,3,1.2971
2ec_low_on,thea,1835732737,4,1.2667
2ec_low_on,thea,1835732737,5,1.0986
2ec_low_on,thea,1835732737,6,1.1015
2ec_low_on,thea,1835732737,7,1.1266
2ec_low_on,thea,1835732737,8,1.091
2ec_low_on,thea,1835732737,9,1.067
2ec_low_on,thea,1835732737,10,1.0452
2ec_low_off,thea,1835732737,1,2.3962
2ec_low_off,thea,1835732737,2,1.3489
2ec_low_off,thea,1835732737,3,1.0962
2ec_low_off,thea,1835732737,4,1.0362
2ec_low_off,thea,1835732737,5,0.8947
2ec_low_off,thea,1835732737,6,0.9548
2ec_low_off,thea,1835732737,7,0.9181
2ec_low_off,thea,1835732737,8,1.0985
2ec_low_off,thea,1835732737,9,0.9512
2ec_high_on,thea,1835732737,1,2.8662
2ec_high_on,thea,1835732737,2,1.9205
2ec_high_on,thea,1835732737,3,1.2634
2ec_high_on,thea,1835732737,4,1.1889
2ec_high_on,thea,1835732737,5,1.1594
2ec_high_on,thea,1835732737,6,1.2223
2ec_high_on,thea,1835732737,7,1.1627
2ec_high_on,thea,1835732737,8,1.2184
2ec_high_off,thea,1835732737,1,2.4888
2ec_high_off,thea,1835732737,2,1.3711
2ec_high_off,thea,1835732737,3,1.3405
2ec_high_off,thea,1835732737,4,1.2625
2ec_high_off,thea,1835732737,5,1.9855
2ec_high_off,thea,1835732737,6,1.3805
2ec_high_off,thea,1835732737,7,2.8901
2ec_high_off,thea,1835732737,8,2.1336
2ec_high_off,thea,1835732737,9,1.0709
2ec_high_off,thea,1835732737,10,1.0503
2ec_high_off,thea,1835732737,11,1.0234
2ec_high_off,thea,1835732737,12,0.9923
2ec_high_off,thea,1835732737,13,1.012
2ec_high_off,thea,1835732737,14,0.9972
2ec_high_off,thea,1835732737,15,1.0113
2ec_high_off,thea,1835732737,16,1.0042
2ec_high_off,thea,1835732737,17,1.0244
2ec_high_off,thea,1835732737,18,1.0704
2ec_high_off,thea,1835732737,19,1.03
2ec_high_off,thea,1835732737,20,0.9941
2ec_high_off,thea,1835732737,21,1.0336
2ec_high_off,thea,1835732737,22,0.985
2ec_high_off,thea,1835732737,23,1.0044
2ec_high_off,thea,1835732737,24,0.9954
2ec_high_off,thea,1835732737,25,1.0042
2ec_high_off,thea,1835732737,26,0.9862
2ec_high_off,thea,1835732737,27,1.1366
2ec_high_off,thea,1835732737,28,1.1026
2ec_high_off,thea,1835732737,29,1.0344
2ec_high_off,thea,1835732737,30,1.0026
2ec_high_off,thea,1835732737,31,1.0176
2ec_high_off,thea,1835732737,32,1.0009
2ec_high_off,thea,1835732737,33,1.0428
2ec_high_off,thea,1835732737,34,0.9624
2ec_high_off,thea,1835732737,35,1.6502
2ec_high_off,thea,1835732737,36,1.7749
2ec_high_off,thea,1835732737,37,1.0237
2ec_high_off,thea,1835732737,38,1.0651
2ec_high_off,thea,1835732737,39,1.0218
2ec_high_off,thea,1835732737,40,1.0085
2ec_high_off,thea,1835732737,41,1.0134
2ec_high_off,thea,1835732737,42,0.9892
2ec_high_off,thea,1835732737,43,1.0866
2ec_high_off,thea,1835732737,44,1.0476
2ec_high_off,thea,1835732737,45,0.9867
2ec_high_off,thea,1835732737,46,0.9877
2ec_high_off,thea,1835732737,47,0.9908
2ec_high_off,thea,1835732737,48,0.9695
2ec_high_off,thea,1835732737,49,1.022
2ec_high_off,thea,1835732737,50,0.9978
2ec_high_off,thea,1835732737,51,1.0322
2ec_high_off,thea,1835732737,52,0.9738
2ec_high_off,thea,1835732737,53,1.0107
2ec_high_off,thea,1835732737,54,0.9654
2ec_high_off,thea,1835732737,55,0.9817
2ec_high_off,thea,1835732737,56,0.9693
2ec_high_off,thea,1835732737,57,0.9778
2ec_high_off,thea,1835732737,58,0.9892
2ec_high_off,thea,1835732737,59,1.0366
2ec_high_off,thea,1835732737,60,0.9676
sample,thea,794161987,1,1.6493
sample,thea,794161987,2,0.5421
sample,thea,794161987,3,0.3082
sample,thea,794161987,4,1.1977
sample,thea,794161987,5,0.326
sample,thea,794161987,6,0.4003
sample,thea,794161987,7,0.5828
sample,thea,794161987,8,0.5341
sample,thea,794161987,9,0.299
sample,thea,794161987,10,0.2778
sample,thea,794161987,11,0.3264
sample,thea,794161987,12,0.2854
sample,thea,794161987,13,0.3344
sample,thea,794161987,14,0.5841
sample,thea,794161987,15,0.5226
sample,thea,794161987,16,0.5011
sample,thea,794161987,17,0.5775
sample,thea,794161987,18,0.7029
sample,thea,794161987,19,0.7487
sample,thea,794161987,20,0.5814
sample,thea,794161987,21,0.555
sample,thea,794161987,22,0.55
sample,thea,794161987,23,0.5535
sample,thea,794161987,24,0.5415
sample,thea,794161987,25,0.3702
sample,thea,794161987,26,0.9738
sample,thea,794161987,27,0.644
sample,thea,794161987,28,0.649
sample,thea,794161987,29,0.3694
sample,thea,794161987,30,0.6281
sample,thea,794161987,31,0.342
sample,thea,794161987,32,0.9345
sample,thea,794161987,33,0.383
sample,thea,794161987,34,0.8939
sample,thea,794161987,35,0.8752
sample,thea,794161987,36,1.0574
sample,thea,794161987,37,0.6819
sample,thea,794161987,38,0.6275
sample,thea,794161987,39,0.4002
sample,thea,794161987,40,0.3238
sample,thea,794161987,41,0.3123
sample,thea,794161987,42,0.3559
sample,thea,794161987,43,0.3003
sample,thea,794161987,44,0.4375
sample,thea,794161987,45,0.3422
sample,thea,794161987,46,0.3107
sample,thea,794161987,47,0.3107
sample,thea,794161987,48,0.7641
sample,thea,794161987,49,0.6745
sample,thea,794161987,50,0.6159
sample,thea,794161987,51,0.5709
sample,thea,794161987,52,0.3562
sample,thea,794161987,53,0.8803
sample,thea,794161987,54,0.9342
sample,thea,794161987,55,0.718
sample,thea,794161987,56,0.621
sample,thea,794161987,57,1.2097
sample,thea,794161987,58,0.6345
sample,thea,794161987,59,0.5985
sample,thea,794161987,60,0.6388
2ec_low_on,thea,794161987,1,11.9281
2ec_low_on,thea,794161987,2,2.3913
2ec_low_on,thea,794161987,3,2.7053
2ec_low_on,thea,794161987,4,3.0043
2ec_low_on,thea,794161987,5,6.0408
2ec_low_on,thea,794161987,6,10.1725
2ec_low_on,thea,794161987,7,4.7103
2ec_low_on,thea,794161987,8,1.6812
2ec_low_on,thea,794161987,9,4.1807
2ec_low_on,thea,794161987,10,4.0161
2ec_low_off,thea,794161987,1,6.2334
2ec_low_off,thea,794161987,2,3.9121
2ec_low_off,thea,794161987,3,3.8111
2ec_low_off,thea,794161987,4,3.3098
2ec_low_off,thea,794161987,5,2.1471
2ec_low_off,thea,794161987,6,3.6408
2ec_low_off,thea,794161987,7,3.0711
2ec_low_off,thea,794161987,8,3.4824
2ec_low_off,thea,794161987,9,3.2571
2ec_low_off,thea,794161987,10,1.9722
2ec_low_off,thea,794161987,11,1.3289
2ec_high_on,thea,794161987,1,4.1393
2ec_high_on,thea,794161987,2,3.1195
2ec_high_on,thea,794161987,3,1.9358
2ec_high_on,thea,794161987,4,1.7699
2ec_high_on,thea,794161987,5,1.8086
2ec_high_on,thea,794161987,6,2.714
2ec_high_on,thea,794161987,7,1.7631
2ec_high_on,thea,794161987,8,1.5433
2ec_high_off,thea,794161987,1,13.3884
2ec_high_off,thea,794161987,2,5.1333
2ec_high_off,thea,794161987,3,5.9813
2ec_high_off,thea,794161987,4,5.1492
2ec_high_off,thea,794161987,5,4.4857
2ec_high_off,thea,794161987,6,5.2009
2ec_high_off,thea,794161987,7,4.043
2ec_high_off,thea,794161987,8,3.7934
2ec_high_off,thea,794161987,9,3.3899
2ec_high_off,thea,794161987,10,3.6398
2ec_high_off,thea,794161987,11,4.4807
2ec_high_off,thea,794161987,12,3.4756
2ec_high_off,thea,794161987,13,3.144
2ec_high_off,thea,794161987,14,3.2446
2ec_high_off,thea,794161987,15,3.8843
2ec_high_off,thea,794161987,16,2.5221
2ec_high_off,thea,794161987,17,2.8967
2ec_high_off,thea,794161987,18,3.4428
2ec_high_off,thea,794161987,19,3.6129
2ec_high_off,thea,794161987,20,2.3921
2ec_high_off,thea,794161987,21,3.0297
2ec_high_off,thea,794161987,22,2.9912
2ec_high_off,thea,794161987,23,3.7881
2ec_high_off,thea,794161987,24,3.5251
2ec_high_off,thea,794161987,25,2.4189
2ec_high_off,thea,794161987,26,1.9275
2ec_high_off,thea,794161987,27,1.5787
2ec_high_off,thea,794161987,28,3.5897
2ec_high_off,thea,794161987,29,2.9093
2ec_high_off,thea,794161987,30,3.3458
2ec_high_off,thea,794161987,31,3.7306
2ec_high_off,thea,794161987,32,2.2089
2ec_high_off,thea,794161987,33,3.8348
2ec_high_off,thea,794161987,34,3.1582
2ec_high_off,thea,794161987,35,2.8935
2ec_high_off,thea,794161987,36,1.6863
2ec_high_off,thea,794161987,37,2.1
2ec_high_off,thea,794161987,38,2.5626
2ec_high_off,thea,794161987,39,2.4307
2ec_high_off,thea,794161987,40,6.9418
2ec_high_off,thea,794161987,41,2.014
2ec_high_off,thea,794161987,42,5.7686
2ec_high_off,thea,794161987,43,3.6622
2ec_high_off,thea,794161987,44,3.0278
2ec_high_off,thea,794161987,45,3.1629
2ec_high_off,thea,794161987,46,3.1912
2ec_high_off,thea,794161987,47,3.4973
2ec_high_off,thea,794161987,48,3.4041
2ec_high_off,thea,794161987,49,4.9874
2ec_high_off,thea,794161987,50,3.2248
2ec_high_off,thea,794161987,51,7.0895
2ec_high_off,thea,794161987,52,3.3272
2ec_high_off,thea,794161987,53,4.5655
2ec_high_off,thea,794161987,54,3.2014
2ec_high_off,thea,794161987,55,5.0318
2ec_high_off,thea,794161987,56,3.3584
2ec_high_off,thea,794161987,57,3.4365
2ec_high_off,thea,794161987,58,3.8907
2ec_high_off,thea,794161987,59,3.3919
2ec_high_off,thea,794161987,60,3.6748
sample,thea,1329531353,1,1.2532
sample,thea,1329531353,2,0.4548
sample,thea,1329531353,3,0.4173
sample,thea,1329531353,4,0.3621
sample,thea,1329531353,5,0.3547
sample,thea,1329531353,6,0.3404
sample,thea,1329531353,7,0.8111
sample,thea,1329531353,8,0.8233
sample,thea,1329531353,9,0.4106
sample,thea,1329531353,10,0.3634
sample,thea,1329531353,11,0.3966
sample,thea,1329531353,12,0.3912
sample,thea,1329531353,13,0.4175
sample,thea,1329531353,14,0.3611
sample,thea,1329531353,15,0.3831
sample,thea,1329531353,16,0.3566
sample,thea,1329531353,17,1.2545
sample,thea,1329531353,18,0.8205
sample,thea,1329531353,19,0.4203
sample,thea,1329531353,20,0.4066
sample,thea,1329531353,21,0.8212
sample,thea,1329531353,22,1.1358
sample,thea,1329531353,23,0.9521
sample,thea,1329531353,24,0.7474
sample,thea,1329531353,25,0.7637
sample,thea,1329531353,26,0.759
sample,thea,1329531353,27,1.0039
sample,thea,1329531353,28,0.8253
sample,thea,1329531353,29,0.4662
sample,thea,1329531353,30,0.3922
sample,thea,1329531353,31,0.3772
sample,thea,1329531353,32,0.4092
sample,thea,1329531353,33,0.3865
sample,thea,1329531353,34,0.9523
sample,thea,1329531353,35,0.4319
sample,thea,1329531353,36,0.4589
sample,thea,1329531353,37,0.4392
sample,thea,1329531353,38,0.9518
sample,thea,1329531353,39,0.7994
sample,thea,1329531353,40,0.7474
sample,thea,1329531353,41,0.7907
sample,thea,1329531353,42,0.7076
sample,thea,1329531353,43,0.7018
sample,thea,1329531353,44,1.5158
sample,thea,1329531353,45,0.7938
sample,thea,1329531353,46,1.1006
sample,thea,1329531353,47,0.7812
sample,thea,1329531353,48,0.726
sample,thea,1329531353,49,0.9904
sample,thea,1329531353,50,0.4374
sample,thea,1329531353,51,17.7049
sample,thea,1329531353,52,1.4139
sample,thea,1329531353,53,0.8114
sample,thea,1329531353,54,1.0335
sample,thea,1329531353,55,4.192
sample,thea,1329531353,56,0.9672
sample,thea,1329531353,57,2.0325
sample,thea,1329531353,58,0.8726
sample,thea,1329531353,59,0.9156
sample,thea,1329531353,60,0.97
2ec_low_on,thea,1329531353,1,14.6408
2ec_low_on,thea,1329531353,2,6.5311
2ec_low_on,thea,1329531353,3,4.2094
2ec_low_on,thea,1329531353,4,4.5516
2ec_low_on,thea,1329531353,5,3.8644
2ec_low_on,thea,1329531353,6,4.3821
2ec_low_on,thea,1329531353,7,4.0764
2ec_low_on,thea,1329531353,8,4.152
2ec_low_on,thea,1329531353,9,3.674
2ec_low_on,thea,1329531353,10,109.0657
2ec_low_off,thea,1329531353,1,9.6778
2ec_low_off,thea,1329531353,2,5.5069
2ec_low_off,thea,1329531353,3,5.1253
2ec_low_off,thea,1329531353,4,4.2434
2ec_low_off,thea,1329531353,5,4.3436
2ec_low_off,thea,1329531353,6,6.0642
2ec_low_off,thea,1329531353,7,5.7023
2ec_low_off,thea,1329531353,8,3.7824
2ec_low_off,thea,1329531353,9,7.2331
2ec_low_off,thea,1329531353,10,4.4909
2ec_low_off,thea,1329531353,11,4.894
2ec_high_on,thea,1329531353,1,18.847
2ec_high_on,thea,1329531353,2,8.2719
2ec_high_on,thea,1329531353,3,6.9428
2ec_high_on,thea,1329531353,4,4.6391
2ec_high_on,thea,1329531353,5,4.4707
2ec_high_on,thea,1329531353,6,5.4191
2ec_high_on,thea,1329531353,7,7.1078
2ec_high_on,thea,1329531353,8,5.698
2ec_high_on,thea,1329531353,9,5.1921
2ec_high_off,thea,1329531353,1,8.4383
2ec_high_off,thea,1329531353,2,5.8
2ec_high_off,thea,1329531353,3,6.6097
2ec_high_off,thea,1329531353,4,4.8678
2ec_high_off,thea,1329531353,5,4.5061
2ec_high_off,thea,1329531353,6,4.5642
2ec_high_off,thea,1329531353,7,3.7349
2ec_high_off,thea,1329531353,8,3.8084
2ec_high_off,thea,1329531353,9,1.5193
2ec_high_off,thea,1329531353,10,1.4367
2ec_high_off,thea,1329531353,11,2.1904
2ec_high_off,thea,1329531353,12,2.8414
2ec_high_off,thea,1329531353,13,2.7823
2ec_high_off,thea,1329531353,14,2.8426
2ec_high_off,thea,1329531353,15,2.9229
2ec_high_off,thea,1329531353,16,2.709
2ec_high_off,thea,1329531353,17,2.753
2ec_high_off,thea,1329531353,18,3.9224
2ec_high_off,thea,1329531353,19,1.5902
2ec_high_off,thea,1329531353,20,3.1551
2ec_high_off,thea,1329531353,21,1.8498
2ec_high_off,thea,1329531353,22,3.6277
2ec_high_off,thea,1329531353,23,1.7496
2ec_high_off,thea,1329531353,24,1.9112
2ec_high_off,thea,1329531353,25,1.4907
2ec_high_off,thea,1329531353,26,2.6294
2ec_high_off,thea,1329531353,27,3.1933
2ec_high_off,thea,1329531353,28,2.7456
2ec_high_off,thea,1329531353,29,3.1304
2ec_high_off,thea,1329531353,30,2.6995
2ec_high_off,thea,1329531353,31,1.912
2ec_high_off,thea,1329531353,32,2.8845
2ec_high_off,thea,1329531353,33,3.1972
2ec_high_off,thea,1329531353,34,3.1149
2ec_high_off,thea,1329531353,35,3.5521
2ec_high_off,thea,1329531353,36,2.0024
2ec_high_off,thea,1329531353,37,1.6451
2ec_high_off,thea,1329531353,38,1.421
2ec_high_off,thea,1329531353,39,1.4547
2ec_high_off,thea,1329531353,40,3.007
2ec_high_off,thea,1329531353,41,1.5008
2ec_high_off,thea,1329531353,42,1.6155
2ec_high_off,thea,1329531353,43,1.5932
2ec_high_off,thea,1329531353,44,2.6976
2ec_high_off,thea,1329531353,45,1.9417
2ec_high_off,thea,1329531353,46,1.5666
2ec_high_off,thea,1329531353,47,6.8022
2ec_high_off,thea,1329531353,48,2.8316
2ec_high_off,thea,1329531353,49,3.082
2ec_high_off,thea,1329531353,50,2.936
2ec_high_off,thea,1329531353,51,2.9498
2ec_high_off,thea,1329531353,52,2.9482
2ec_high_off,thea,1329531353,53,2.8399
2ec_high_off,thea,1329531353,54,2.6711
2ec_high_off,thea,1329531353,55,2.7803
2ec_high_off,thea,1329531353,56,2.9607
2ec_high_off,thea,1329531353,57,2.793
2ec_high_off,thea,1329531353,58,2.3664
2ec_high_off,thea,1329531353,59,2.5832
2ec_high_off,thea,1329531353,60,3.262
sample,thea,200496737,1,1.2734
sample,thea,200496737,2,0.4323
sample,thea,200496737,3,0.4335
sample,thea,200496737,4,0.4352
sample,thea,200496737,5,0.3952
sample,thea,200496737,6,0.4071
sample,thea,200496737,7,0.4278
sample,thea,200496737,8,0.4258
sample,thea,200496737,9,0.4075
sample,thea,200496737,10,0.3898
sample,thea,200496737,11,0.4015
sample,thea,200496737,12,0.3904
sample,thea,200496737,13,0.7577
sample,thea,200496737,14,0.4563
sample,thea,200496737,15,1.0384
sample,thea,200496737,16,0.428
sample,thea,200496737,17,0.3951
sample,thea,200496737,18,0.4963
sample,thea,200496737,19,0.3772
sample,thea,200496737,20,0.3713
sample,thea,200496737,21,0.3942
sample,thea,200496737,22,0.481
sample,thea,200496737,23,0.4471
sample,thea,200496737,24,0.3844
sample,thea,200496737,25,0.3693
sample,thea,200496737,26,0.3915
sample,thea,200496737,27,0.5076
sample,thea,200496737,28,0.385
sample,thea,200496737,29,0.4829
sample,thea,200496737,30,0.5353
sample,thea,200496737,31,0.4681
sample,thea,200496737,32,0.5129
sample,thea,200496737,33,0.4419
sample,thea,200496737,34,0.3913
sample,thea,200496737,35,0.4145
sample,thea,200496737,36,0.38
sample,thea,200496737,37,0.4122
sample,thea,200496737,38,0.4396
sample,thea,200496737,39,0.4777
sample,thea,200496737,40,0.4496
sample,thea,200496737,41,0.424
sample,thea,200496737,42,0.4891
sample,thea,200496737,43,0.4011
sample,thea,200496737,44,0.3891
sample,thea,200496737,45,0.4019
sample,thea,200496737,46,0.3935
sample,thea,200496737,47,0.4309
sample,thea,200496737,48,0.402
sample,thea,200496737,49,0.4415
sample,thea,200496737,50,4.4541
sample,thea,200496737,51,0.4797
sample,thea,200496737,52,0.4105
sample,thea,200496737,53,0.3775
sample,thea,200496737,54,0.395
sample,thea,200496737,55,0.4697
sample,thea,200496737,56,2.0118
sample,thea,200496737,57,0.3978
sample,thea,200496737,58,0.387
sample,thea,200496737,59,0.388
sample,thea,200496737,60,0.4161
2ec_low_on,thea,200496737,1,6.1341
2ec_low_on,thea,200496737,2,2.2965
2ec_low_on,thea,200496737,3,4.5353
2ec_low_on,thea,200496737,4,6.8002
2ec_low_on,thea,200496737,5,4.3547
2ec_low_on,thea,200496737,6,1.7451
2ec_low_on,thea,200496737,7,1.9456
2ec_low_on,thea,200496737,8,1.8066
2ec_low_on,thea,200496737,9,5.6222
2ec_low_on,thea,200496737,10,1.7737
2ec_low_off,thea,200496737,1,7.6169
2ec_low_off,thea,200496737,2,3.5966
2ec_low_off,thea,200496737,3,3.6773
2ec_low_off,thea,200496737,4,3.551
2ec_low_off,thea,200496737,5,3.1006
2ec_low_off,thea,200496737,6,3.1825
2ec_low_off,thea,200496737,7,3.8385
2ec_low_off,thea,200496737,8,4.6188
2ec_low_off,thea,200496737,9,1.5112
2ec_low_off,thea,200496737,10,1.5817
2ec_low_off,thea,200496737,11,2.6831
2ec_high_on,thea,200496737,1,6.5821
2ec_high_on,thea,200496737,2,3.3459
2ec_high_on,thea,200496737,3,4.0816
2ec_high_on,thea,200496737,4,4.0886
2ec_high_on,thea,200496737,5,4.4039
2ec_high_on,thea,200496737,6,5.0153
2ec_high_on,thea,200496737,7,8.2447
2ec_high_on,thea,200496737,8,6.4074
2ec_high_off,thea,200496737,1,5.3384
2ec_high_off,thea,200496737,2,2.3092
2ec_high_off,thea,200496737,3,1.917
2ec_high_off,thea,200496737,4,2.1321
2ec_high_off,thea,200496737,5,3.3137
2ec_high_off,thea,200496737,6,3.7813
2ec_high_off,thea,200496737,7,2.646
2ec_high_off,thea,200496737,8,1.8832
2ec_high_off,thea,200496737,9,1.4098
2ec_high_off,thea,200496737,10,1.453
2ec_high_off,thea,200496737,11,1.3683
2ec_high_off,thea,200496737,12,1.4153
2ec_high_off,thea,200496737,13,1.5069
2ec_high_off,thea,200496737,14,1.4524
2ec_high_off,thea,200496737,15,1.3633
2ec_high_off,thea,200496737,16,2.1957
2ec_high_off,thea,200496737,17,1.4569
2ec_high_off,thea,200496737,18,1.3871
2ec_high_off,thea,200496737,19,1.4604
2ec_high_off,thea,200496737,20,2.0743
2ec_high_off,thea,200496737,21,1.4609
2ec_high_off,thea,200496737,22,1.4576
2ec_high_off,thea,200496737,23,2.762
2ec_high_off,thea,200496737,24,2.6777
2ec_high_off,thea,200496737,25,2.6059
2ec_high_off,thea,200496737,26,1.4238
2ec_high_off,thea,200496737,27,1.3677
2ec_high_off,thea,200496737,28,1.3426
2ec_high_off,thea,200496737,29,1.2796
2ec_high_off,thea,200496737,30,1.4579
2ec_high_off,thea,200496737,31,1.3522
2ec_high_off,thea,200496737,32,1.3627
2ec_high_off,thea,200496737,33,1.2829
2ec_high_off,thea,200496737,34,1.3357
2ec_high_off,thea,200496737,35,1.271
2ec_high_off,thea,200496737,36,1.3441
2ec_high_off,thea,200496737,37,1.3158
2ec_high_off,thea,200496737,38,1.9896
2ec_high_off,thea,200496737,39,2.8997
2ec_high_off,thea,200496737,40,2.7133
2ec_high_off,thea,200496737,41,3.5801
2ec_high_off,thea,200496737,42,2.8494
2ec_high_off,thea,200496737,43,2.7047
2ec_high_off,thea,200496737,44,3.194
2ec_high_off,thea,200496737,45,4.2072
2ec_high_off,thea,200496737,46,1.9873
2ec_high_off,thea,200496737,47,2.7539
2ec_high_off,thea,200496737,48,6.0658
2ec_high_off,thea,200496737,49,2.4303
2ec_high_off,thea,200496737,50,1.4247
2ec_high_off,thea,200496737,51,2.8181
2ec_high_off,thea,200496737,52,2.6157
2ec_high_off,thea,200496737,53,4.109
2ec_high_off,thea,200496737,54,3.3576
2ec_high_off,thea,200496737,55,2.6123
2ec_high_off,thea,200496737,56,2.4503
2ec_high_off,thea,200496737,57,3.7687
2ec_high_off,thea,200496737,58,3.0993
2ec_high_off,thea,200496737,59,2.7478
2ec_high_off,thea,200496737,60,2.7603
sample,thea,633816299,1,2.3656
sample,thea,633816299,2,1.0245
sample,thea,633816299,3,0.6611
sample,thea,633816299,4,0.4037
sample,thea,633816299,5,0.4151
sample,thea,633816299,6,1.9676
sample,thea,633816299,7,2.278
sample,thea,633816299,8,1.873
sample,thea,633816299,9,0.8759
sample,thea,633816299,10,0.7658
sample,thea,633816299,11,0.6422
sample,thea,633816299,12,0.4085
sample,thea,633816299,13,0.397
sample,thea,633816299,14,0.4652
sample,thea,633816299,15,1.0068
sample,thea,633816299,16,0.7405
sample,thea,633816299,17,0.3724
sample,thea,633816299,18,0.3832
sample,thea,633816299,19,0.3717
sample,thea,633816299,20,0.3606
sample,thea,633816299,21,0.374
sample,thea,633816299,22,0.4399
sample,thea,633816299,23,1.7328
sample,thea,633816299,24,0.397
sample,thea,633816299,25,0.3563
sample,thea,633816299,26,0.3694
sample,thea,633816299,27,0.4508
sample,thea,633816299,28,0.4657
sample,thea,633816299,29,0.4519
sample,thea,633816299,30,0.3624
sample,thea,633816299,31,0.4553
sample,thea,633816299,32,0.4141
sample,thea,633816299,33,0.489
sample,thea,633816299,34,0.3674
sample,thea,633816299,35,0.3711
sample,thea,633816299,36,0.3499
sample,thea,633816299,37,0.3891
sample,thea,633816299,38,0.4775
sample,thea,633816299,39,2.7806
sample,thea,633816299,40,0.513
sample,thea,633816299,41,0.4315
sample,thea,633816299,42,0.4281
sample,thea,633816299,43,0.3656
sample,thea,633816299,44,0.3945
sample,thea,633816299,45,0.5648
sample,thea,633816299,46,0.3757
sample,thea,633816299,47,0.3695
sample,thea,633816299,48,1.0377
sample,thea,633816299,49,0.8313
sample,thea,633816299,50,0.7194
sample,thea,633816299,51,1.1964
sample,thea,633816299,52,0.7171
sample,thea,633816299,53,0.4351
sample,thea,633816299,54,0.365
sample,thea,633816299,55,0.3764
sample,thea,633816299,56,0.365
sample,thea,633816299,57,0.3528
sample,thea,633816299,58,0.3617
sample,thea,633816299,59,0.3627
sample,thea,633816299,60,3.2644
2ec_low_on,thea,633816299,1,5.4656
2ec_low_on,thea,633816299,2,2.3212
2ec_low_on,thea,633816299,3,1.7873
2ec_low_on,thea,633816299,4,1.569
2ec_low_on,thea,633816299,5,3.4093
2ec_low_on,thea,633816299,6,1.6415
2ec_low_on,thea,633816299,7,1.5918
2ec_low_on,thea,633816299,8,1.5578
2ec_low_on,thea,633816299,9,1.6781
2ec_low_on,thea,633816299,10,1.7142
2ec_low_off,thea,633816299,1,13.1061
2ec_low_off,thea,633816299,2,3.2843
2ec_low_off,thea,633816299,3,2.0433
2ec_low_off,thea,633816299,4,1.7785
2ec_low_off,thea,633816299,5,1.3806
2ec_low_off,thea,633816299,6,1.4668
2ec_low_off,thea,633816299,7,1.5033
2ec_low_off,thea,633816299,8,4.1436
2ec_low_off,thea,633816299,9,2.6315
2ec_low_off,thea,633816299,10,2.8471
2ec_low_off,thea,633816299,11,2.7475
2ec_high_on,thea,633816299,1,12.2235
2ec_high_on,thea,633816299,2,5.3975
2ec_high_on,thea,633816299,3,7.5864
2ec_high_on,thea,633816299,4,4.9516
2ec_high_on,thea,633816299,5,5.7112
2ec_high_on,thea,633816299,6,32.54
2ec_high_on,thea,633816299,7,2.3196
2ec_high_on,thea,633816299,8,9.5034
2ec_high_on,thea,633816299,9,4.5
2ec_high_on,thea,633816299,10,5.4503
2ec_high_off,thea,633816299,1,10.6273
2ec_high_off,thea,633816299,2,5.6856
2ec_high_off,thea,633816299,3,4.8453
2ec_high_off,thea,633816299,4,4.2016
2ec_high_off,thea,633816299,5,8.1657
2ec_high_off,thea,633816299,6,5.1139
2ec_high_off,thea,633816299,7,5.389
2ec_high_off,thea,633816299,8,5.1989
2ec_high_off,thea,633816299,9,5.5459
2ec_high_off,thea,633816299,10,5.2555
2ec_high_off,thea,633816299,11,3.4303
2ec_high_off,thea,633816299,12,3.9472
2ec_high_off,thea,633816299,13,4.1391
2ec_high_off,thea,633816299,14,6.8395
2ec_high_off,thea,633816299,15,3.404
2ec_high_off,thea,633816299,16,3.3375
2ec_high_off,thea,633816299,17,3.4328
2ec_high_off,thea,633816299,18,4.2762
2ec_high_off,thea,633816299,19,4.319
2ec_high_off,thea,633816299,20,3.9203
2ec_high_off,thea,633816299,21,2.3104
2ec_high_off,thea,633816299,22,2.0687
2ec_high_off,thea,633816299,23,3.3559
2ec_high_off,thea,633816299,24,1.5967
2ec_high_off,thea,633816299,25,1.6691
2ec_high_off,thea,633816299,26,2.4679
2ec_high_off,thea,633816299,27,3.3422
2ec_high_off,thea,633816299,28,3.0342
2ec_high_off,thea,633816299,29,4.0776
2ec_high_off,thea,633816299,30,5.7604
2ec_high_off,thea,633816299,31,2.4592
2ec_high_off,thea,633816299,32,3.985
2ec_high_off,thea,633816299,33,2.7112
2ec_high_off,thea,633816299,34,3.3081
2ec_high_off,thea,633816299,35,1.6686
2ec_high_off,thea,633816299,36,3.0256
2ec_high_off,thea,633816299,37,4.6985
2ec_high_off,thea,633816299,38,3.2444
2ec_high_off,thea,633816299,39,3.2402
2ec_high_off,thea,633816299,40,3.0198
2ec_high_off,thea,633816299,41,3.8302
2ec_high_off,thea,633816299,42,2.3609
2ec_high_off,thea,633816299,43,2.1032
2ec_high_off,thea,633816299,44,1.6004
2ec_high_off,thea,633816299,45,2.9673
2ec_high_off,thea,633816299,46,3.1045
2ec_high_off,thea,633816299,47,2.99
2ec_high_off,thea,633816299,48,2.9901
2ec_high_off,thea,633816299,49,1.6667
2ec_high_off,thea,633816299,50,1.5067
2ec_high_off,thea,633816299,51,1.6009
2ec_high_off,thea,633816299,52,1.5569
2ec_high_off,thea,633816299,53,3.4884
2ec_high_off,thea,633816299,54,1.5257
2ec_high_off,thea,633816299,55,1.4906
2ec_high_off,thea,633816299,56,1.4659
2ec_high_off,thea,633816299,57,1.4945
2ec_high_off,thea,633816299,58,1.7417
2ec_high_off,thea,633816299,59,1.615
2ec_high_off,thea,633816299,60,1.4428
sample,thea,1410143363,1,1.2658
sample,thea,1410143363,2,0.4067
sample,thea,1410143363,3,0.3393
sample,thea,1410143363,4,0.3454
sample,thea,1410143363,5,0.3307
sample,thea,1410143363,6,0.7921
sample,thea,1410143363,7,0.7094
sample,thea,1410143363,8,1.3866
sample,thea,1410143363,9,0.3871
sample,thea,1410143363,10,0.3662
sample,thea,1410143363,11,0.3641
sample,thea,1410143363,12,0.4335
sample,thea,1410143363,13,0.4128
sample,thea,1410143363,14,0.3358
sample,thea,1410143363,15,0.4201
sample,thea,1410143363,16,0.329
sample,thea,1410143363,17,1.4519
sample,thea,1410143363,18,1.3485
sample,thea,1410143363,19,0.715
sample,thea,1410143363,20,0.3694
sample,thea,1410143363,21,0.3569
sample,thea,1410143363,22,0.4059
sample,thea,1410143363,23,0.3332
sample,thea,1410143363,24,0.3329
sample,thea,1410143363,25,0.4575
sample,thea,1410143363,26,0.4587
sample,thea,1410143363,27,0.3748
sample,thea,1410143363,28,0.3378
sample,thea,1410143363,29,0.3808
sample,thea,1410143363,30,0.3306
sample,thea,1410143363,31,0.348
sample,thea,1410143363,32,0.3224
sample,thea,1410143363,33,0.4698
sample,thea,1410143363,34,0.366
sample,thea,1410143363,35,0.4431
sample,thea,1410143363,36,2.127
sample,thea,1410143363,37,0.3603
sample,thea,1410143363,38,0.5447
sample,thea,1410143363,39,0.3645
sample,thea,1410143363,40,0.3443
sample,thea,1410143363,41,0.3243
sample,thea,1410143363,42,0.3265
sample,thea,1410143363,43,0.3219
sample,thea,1410143363,44,0.3303
sample,thea,1410143363,45,0.3294
sample,thea,1410143363,46,0.3753
sample,thea,1410143363,47,0.6475
sample,thea,1410143363,48,0.3658
sample,thea,1410143363,49,0.3318
sample,thea,1410143363,50,0.338
sample,thea,1410143363,51,0.3354
sample,thea,1410143363,52,0.324
sample,thea,1410143363,53,0.3176
sample,thea,1410143363,54,0.3194
sample,thea,1410143363,55,0.3241
sample,thea,1410143363,56,0.3162
sample,thea,1410143363,57,0.4047
sample,thea,1410143363,58,0.3809
sample,thea,1410143363,59,0.3582
sample,thea,1410143363,60,0.3367
2ec_low_on,thea,1410143363,1,9.5519
2ec_low_on,thea,1410143363,2,3.7662
2ec_low_on,thea,1410143363,3,3.8387
2ec_low_on,thea,1410143363,4,5.3118
2ec_low_on,thea,1410143363,5,3.2603
2ec_low_on,thea,1410143363,6,3.2354
2ec_low_on,thea,1410143363,7,7.3304
2ec_low_on,thea,1410143363,8,5.2658
2ec_low_on,thea,1410143363,9,3.8196
2ec_low_on,thea,1410143363,10,6.3139
2ec_low_off,thea,1410143363,1,4.4094
2ec_low_off,thea,1410143363,2,4.354
2ec_low_off,thea,1410143363,3,5.839
2ec_low_off,thea,1410143363,4,3.4541
2ec_low_off,thea,1410143363,5,3.4857
2ec_low_off,thea,1410143363,6,1.6834
2ec_low_off,thea,1410143363,7,1.6394
2ec_low_off,thea,1410143363,8,21.368
2ec_low_off,thea,1410143363,9,5.6463
2ec_high_on,thea,1410143363,1,12.7696
2ec_high_on,thea,1410143363,2,2.5408
2ec_high_on,thea,1410143363,3,6.558
2ec_high_on,thea,1410143363,4,2.5434
2ec_high_on,thea,1410143363,5,1.8242
2ec_high_on,thea,1410143363,6,1.9245
2ec_high_on,thea,1410143363,7,6.2384
2ec_high_on,thea,1410143363,8,1.9039
2ec_high_on,thea,1410143363,9,1.7987
2ec_high_on,thea,1410143363,10,1.8107
2ec_high_off,thea,1410143363,1,6.3497
2ec_high_off,thea,1410143363,2,2.5016
2ec_high_off,thea,1410143363,3,2.13
2ec_high_off,thea,1410143363,4,1.9656
2ec_high_off,thea,1410143363,5,3.3924
2ec_high_off,thea,1410143363,6,1.9099
2ec_high_off,thea,1410143363,7,1.9138
2ec_high_off,thea,1410143363,8,2.9159
2ec_high_off,thea,1410143363,9,2.3709
2ec_high_off,thea,1410143363,10,1.5475
2ec_high_off,thea,1410143363,11,1.8165
2ec_high_off,thea,1410143363,12,1.5896
2ec_high_off,thea,1410143363,13,8.1784
2ec_high_off,thea,1410143363,14,3.1662
2ec_high_off,thea,1410143363,15,4.805
2ec_high_off,thea,1410143363,16,3.8979
2ec_high_off,thea,1410143363,17,3.1065
2ec_high_off,thea,1410143363,18,3.9382
2ec_high_off,thea,1410143363,19,3.1509
2ec_high_off,thea,1410143363,20,2.9451
2ec_high_off,thea,1410143363,21,4.7198
2ec_high_off,thea,1410143363,22,2.9527
2ec_high_off,thea,1410143363,23,2.8862
2ec_high_off,thea,1410143363,24,3.6998
2ec_high_off,thea,1410143363,25,2.8611
2ec_high_off,thea,1410143363,26,4.5145
2ec_high_off,thea,1410143363,27,4.7337
2ec_high_off,thea,1410143363,28,2.8935
2ec_high_off,thea,1410143363,29,3.2514
2ec_high_off,thea,1410143363,30,2.834
2ec_high_off,thea,1410143363,31,3.7616
2ec_high_off,thea,1410143363,32,1.775
2ec_high_off,thea,1410143363,33,1.4866
2ec_high_off,thea,1410143363,34,1.4987
2ec_high_off,thea,1410143363,35,1.4846
2ec_high_off,thea,1410143363,36,3.2893
2ec_high_off,thea,1410143363,37,7.1889
2ec_high_off,thea,1410143363,38,1.6087
2ec_high_off,thea,1410143363,39,1.6043
2ec_high_off,thea,1410143363,40,1.4714
2ec_high_off,thea,1410143363,41,1.5186
2ec_high_off,thea,1410143363,42,1.7878
2ec_high_off,thea,1410143363,43,1.6179
2ec_high_off,thea,1410143363,44,1.4633
2ec_high_off,thea,1410143363,45,1.5188
2ec_high_off,thea,1410143363,46,3.9472
2ec_high_off,thea,1410143363,47,1.8325
2ec_high_off,thea,1410143363,48,1.8199
2ec_high_off,thea,1410143363,49,1.5931
2ec_high_off,thea,1410143363,50,1.7852
2ec_high_off,thea,1410143363,51,1.8341
2ec_high_off,thea,1410143363,52,1.6418
2ec_high_off,thea,1410143363,53,1.6096
2ec_high_off,thea,1410143363,54,1.4745
2ec_high_off,thea,1410143363,55,5.8236
2ec_high_off,thea,1410143363,56,1.5201
2ec_high_off,thea,1410143363,57,1.5038
2ec_high_off,thea,1410143363,58,1.4861
2ec_high_off,thea,1410143363,59,5.9774
2ec_high_off,thea,1410143363,60,1.5484
sample,thea,1282538739,1,3.5013
sample,thea,1282538739,2,1.4084
sample,thea,1282538739,3,0.4186
sample,thea,1282538739,4,0.4782
sample,thea,1282538739,5,0.9309
sample,thea,1282538739,6,0.7238
sample,thea,1282538739,7,0.3926
sample,thea,1282538739,8,0.7086
sample,thea,1282538739,9,0.3785
sample,thea,1282538739,10,0.4128
sample,thea,1282538739,11,0.3613
sample,thea,1282538739,12,0.3377
sample,thea,1282538739,13,0.3344
sample,thea,1282538739,14,0.3337
sample,thea,1282538739,15,0.9043
sample,thea,1282538739,16,0.3489
sample,thea,1282538739,17,0.4912
sample,thea,1282538739,18,0.3611
sample,thea,1282538739,19,0.3407
sample,thea,1282538739,20,1.0583
sample,thea,1282538739,21,0.3785
sample,thea,1282538739,22,0.4151
sample,thea,1282538739,23,0.622
sample,thea,1282538739,24,1.1033
sample,thea,1282538739,25,0.5151
sample,thea,1282538739,26,0.4457
sample,thea,1282538739,27,0.4012
sample,thea,1282538739,28,0.3597
sample,thea,1282538739,29,0.5224
sample,thea,1282538739,30,0.4009
sample,thea,1282538739,31,0.3507
sample,thea,1282538739,32,0.3545
sample,thea,1282538739,33,0.3573
sample,thea,1282538739,34,0.3325
sample,thea,1282538739,35,0.3324
sample,thea,1282538739,36,0.4482
sample,thea,1282538739,37,0.3483
sample,thea,1282538739,38,0.4109
sample,thea,1282538739,39,0.4114
sample,thea,1282538739,40,0.3514
sample,thea,1282538739,41,0.6229
sample,thea,1282538739,42,0.7744
sample,thea,1282538739,43,0.4384
sample,thea,1282538739,44,0.8408
sample,thea,1282538739,45,1.4333
sample,thea,1282538739,46,0.4125
sample,thea,1282538739,47,0.3515
sample,thea,1282538739,48,0.3502
sample,thea,1282538739,49,0.3991
sample,thea,1282538739,50,0.3794
sample,thea,1282538739,51,0.3481
sample,thea,1282538739,52,0.3538
sample,thea,1282538739,53,0.3396
sample,thea,1282538739,54,0.7772
sample,thea,1282538739,55,1.3772
sample,thea,1282538739,56,0.7567
sample,thea,1282538739,57,0.7241
sample,thea,1282538739,58,0.6707
sample,thea,1282538739,59,0.6586
sample,thea,1282538739,60,0.7068
2ec_low_on,thea,1282538739,1,4.0866
2ec_low_on,thea,1282538739,2,2.3564
2ec_low_on,thea,1282538739,3,2.0125
2ec_low_on,thea,1282538739,4,1.7876
2ec_low_on,thea,1282538739,5,1.8057
2ec_low_on,thea,1282538739,6,3.6696
2ec_low_on,thea,1282538739,7,1.8464
2ec_low_on,thea,1282538739,8,1.7459
2ec_low_on,thea,1282538739,9,1.8003
2ec_low_on,thea,1282538739,10,1.8794
2ec_low_off,thea,1282538739,1,3.7399
2ec_low_off,thea,1282538739,2,1.6391
2ec_low_off,thea,1282538739,3,1.6708
2ec_low_off,thea,1282538739,4,2.8889
2ec_low_off,thea,1282538739,5,1.5779
2ec_low_off,thea,1282538739,6,1.5528
2ec_low_off,thea,1282538739,7,1.4892
2ec_low_off,thea,1282538739,8,1.4198
2ec_low_off,thea,1282538739,9,1.2199
2ec_low_off,thea,1282538739,10,3.079
2ec_low_off,thea,1282538739,11,1.379
2ec_high_on,thea,1282538739,1,6.3246
2ec_high_on,thea,1282538739,2,2.281
2ec_high_on,thea,1282538739,3,1.7793
2ec_high_on,thea,1282538739,4,1.7219
2ec_high_on,thea,1282538739,5,3.5932
2ec_high_on,thea,1282538739,6,2.1054
2ec_high_on,thea,1282538739,7,1.7457
2ec_high_on,thea,1282538739,8,1.7286
2ec_high_on,thea,1282538739,9,1.7481
2ec_high_on,thea,1282538739,10,3.0333
2ec_high_off,thea,1282538739,1,5.8966
2ec_high_off,thea,1282538739,2,1.9626
2ec_high_off,thea,1282538739,3,1.6678
2ec_high_off,thea,1282538739,4,1.5788
2ec_high_off,thea,1282538739,5,1.5799
2ec_high_off,thea,1282538739,6,2.1113
2ec_high_off,thea,1282538739,7,1.7459
2ec_high_off,thea,1282538739,8,1.6555
2ec_high_off,thea,1282538739,9,1.2032
2ec_high_off,thea,1282538739,10,1.1697
2ec_high_off,thea,1282538739,11,1.1611
2ec_high_off,thea,1282538739,12,1.8362
2ec_high_off,thea,1282538739,13,1.6598
2ec_high_off,thea,1282538739,14,1.7579
2ec_high_off,thea,1282538739,15,1.2118
2ec_high_off,thea,1282538739,16,1.1406
2ec_high_off,thea,1282538739,17,1.1757
2ec_high_off,thea,1282538739,18,3.4516
2ec_high_off,thea,1282538739,19,2.5922
2ec_high_off,thea,1282538739,20,1.9298
2ec_high_off,thea,1282538739,21,1.2812
2ec_high_off,thea,1282538739,22,1.209
2ec_high_off,thea,1282538739,23,3.5161
2ec_high_off,thea,1282538739,24,1.1848
2ec_high_off,thea,1282538739,25,1.3629
2ec_high_off,thea,1282538739,26,1.2309
2ec_high_off,thea,1282538739,27,1.1417
2ec_high_off,thea,1282538739,28,1.1461
2ec_high_off,thea,1282538739,29,1.323
2ec_high_off,thea,1282538739,30,1.3009
2ec_high_off,thea,1282538739,31,1.1451
2ec_high_off,thea,1282538739,32,1.1699
2ec_high_off,thea,1282538739,33,1.1517
2ec_high_off,thea,1282538739,34,1.1196
2ec_high_off,thea,1282538739,35,1.1902
2ec_high_off,thea,1282538739,36,1.1626
2ec_high_off,thea,1282538739,37,2.2417
2ec_high_off,thea,1282538739,38,1.2107
2ec_high_off,thea,1282538739,39,1.1398
2ec_high_off,thea,1282538739,40,1.1242
2ec_high_off,thea,1282538739,41,1.1164
2ec_high_off,thea,1282538739,42,1.1295
2ec_high_off,thea,1282538739,43,2.6929
2ec_high_off,thea,1282538739,44,1.3242
2ec_high_off,thea,1282538739,45,1.2004
2ec_high_off,thea,1282538739,46,1.1612
2ec_high_off,thea,1282538739,47,1.1683
2ec_high_off,thea,1282538739,48,3.6007
2ec_high_off,thea,1282538739,49,2.5927
2ec_high_off,thea,1282538739,50,1.3188
2ec_high_off,thea,1282538739,51,1.2003
2ec_high_off,thea,1282538739,52,1.1617
2ec_high_off,thea,1282538739,53,1.6808
2ec_high_off,thea,1282538739,54,1.1896
2ec_high_off,thea,1282538739,55,1.1208
2ec_high_off,thea,1282538739,56,1.1148
2ec_high_off,thea,1282538739,57,1.1993
2ec_high_off,thea,1282538739,58,1.1393
2ec_high_off,thea,1282538739,59,1.1338
2ec_high_off,thea,1282538739,60,1.1738
sample,thea,1029384756,1,1.1626
sample,thea,1029384756,2,0.3919
sample,thea,1029384756,3,0.4991
sample,thea,1029384756,4,0.4868
sample,thea,1029384756,5,0.4163
sample,thea,1029384756,6,0.4248
sample,thea,1029384756,7,0.2915
sample,thea,1029384756,8,0.3861
sample,thea,1029384756,9,0.3525
sample,thea,1029384756,10,0.3223
sample,thea,1029384756,11,0.2859
sample,thea,1029384756,12,0.3587
sample,thea,1029384756,13,0.2942
sample,thea,1029384756,14,0.2964
sample,thea,1029384756,15,0.2936
sample,thea,1029384756,16,0.5117
sample,thea,1029384756,17,0.9257
sample,thea,1029384756,18,0.3529
sample,thea,1029384756,19,0.3356
sample,thea,1029384756,20,0.3259
sample,thea,1029384756,21,0.315
sample,thea,1029384756,22,0.311
sample,thea,1029384756,23,0.3576
sample,thea,1029384756,24,0.3383
sample,thea,1029384756,25,0.5227
sample,thea,1029384756,26,0.7487
sample,thea,1029384756,27,0.7196
sample,thea,1029384756,28,0.631
sample,thea,1029384756,29,0.6529
sample,thea,1029384756,30,0.3998
sample,thea,1029384756,31,0.3745
sample,thea,1029384756,32,0.3609
sample,thea,1029384756,33,0.4214
sample,thea,1029384756,34,0.341
sample,thea,1029384756,35,0.352
sample,thea,1029384756,36,0.3179
sample,thea,1029384756,37,0.3946
sample,thea,1029384756,38,0.4235
sample,thea,1029384756,39,0.3852
sample,thea,1029384756,40,0.3563
sample,thea,1029384756,41,0.367
sample,thea,1029384756,42,0.3229
sample,thea,1029384756,43,0.5173
sample,thea,1029384756,44,0.7646
sample,thea,1029384756,45,0.3722
sample,thea,1029384756,46,0.3517
sample,thea,1029384756,47,0.332
sample,thea,1029384756,48,0.3168
sample,thea,1029384756,49,4.2288
sample,thea,1029384756,50,0.3991
sample,thea,1029384756,51,0.7071
sample,thea,1029384756,52,0.3551
sample,thea,1029384756,53,0.3439
sample,thea,1029384756,54,0.3963
sample,thea,1029384756,55,0.4116
sample,thea,1029384756,56,0.8676
sample,thea,1029384756,57,0.7401
sample,thea,1029384756,58,0.6899
sample,thea,1029384756,59,0.7207
sample,thea,1029384756,60,0.7066
2ec_low_on,thea,1029384756,1,7.0818
2ec_low_on,thea,1029384756,2,2.0413
2ec_low_on,thea,1029384756,3,1.8835
2ec_low_on,thea,1029384756,4,1.7291
2ec_low_on,thea,1029384756,5,2.4366
2ec_low_on,thea,1029384756,6,2.3091
2ec_low_on,thea,1029384756,7,1.5764
2ec_low_on,thea,1029384756,8,1.5349
2ec_low_on,thea,1029384756,9,1.5273
2ec_low_on,thea,1029384756,10,1.5775
2ec_low_off,thea,1029384756,1,6.6548
2ec_low_off,thea,1029384756,2,3.9142
2ec_low_off,thea,1029384756,3,1.6866
2ec_low_off,thea,1029384756,4,1.5448
2ec_low_off,thea,1029384756,5,1.4498
2ec_low_off,thea,1029384756,6,2.8415
2ec_low_off,thea,1029384756,7,3.5245
2ec_low_off,thea,1029384756,8,1.3287
2ec_low_off,thea,1029384756,9,1.3028
2ec_low_off,thea,1029384756,10,1.2704
2ec_low_off,thea,1029384756,11,1.2373
2ec_high_on,thea,1029384756,1,5.3917
2ec_high_on,thea,1029384756,2,2.1299
2ec_high_on,thea,1029384756,3,1.7991
2ec_high_on,thea,1029384756,4,1.8172
2ec_high_on,thea,1029384756,5,4.1687
2ec_high_on,thea,1029384756,6,1.7573
2ec_high_on,thea,1029384756,7,1.8466
2ec_high_on,thea,1029384756,8,1.7395
2ec_high_off,thea,1029384756,1,8.6039
2ec_high_off,thea,1029384756,2,4.2105
2ec_high_off,thea,1029384756,3,4.0581
2ec_high_off,thea,1029384756,4,2.379
2ec_high_off,thea,1029384756,5,1.8488
2ec_high_off,thea,1029384756,6,1.7726
2ec_high_off,thea,1029384756,7,2.7876
2ec_high_off,thea,1029384756,8,3.6024
2ec_high_off,thea,1029384756,9,1.5235
2ec_high_off,thea,1029384756,10,1.4672
2ec_high_off,thea,1029384756,11,1.4594
2ec_high_off,thea,1029384756,12,3.8218
2ec_high_off,thea,1029384756,13,3.032
2ec_high_off,thea,1029384756,14,2.0773
2ec_high_off,thea,1029384756,15,1.5994
2ec_high_off,thea,1029384756,16,1.5876
2ec_high_off,thea,1029384756,17,1.4838
2ec_high_off,thea,1029384756,18,1.3721
2ec_high_off,thea,1029384756,19,1.4168
2ec_high_off,thea,1029384756,20,1.3973
2ec_high_off,thea,1029384756,21,2.9471
2ec_high_off,thea,1029384756,22,1.4521
2ec_high_off,thea,1029384756,23,1.3802
2ec_high_off,thea,1029384756,24,1.3962
2ec_high_off,thea,1029384756,25,1.4102
2ec_high_off,thea,1029384756,26,1.6996
2ec_high_off,thea,1029384756,27,1.5394
2ec_high_off,thea,1029384756,28,1.4152
2ec_high_off,thea,1029384756,29,1.4166
2ec_high_off,thea,1029384756,30,1.3444
2ec_high_off,thea,1029384756,31,1.3984
2ec_high_off,thea,1029384756,32,4.4356
2ec_high_off,thea,1029384756,33,1.5479
2ec_high_off,thea,1029384756,34,1.3927
2ec_high_off,thea,1029384756,35,4.1678
2ec_high_off,thea,1029384756,36,2.4228
2ec_high_off,thea,1029384756,37,4.5448
2ec_high_off,thea,1029384756,38,1.5462
2ec_high_off,thea,1029384756,39,2.8882
2ec_high_off,thea,1029384756,40,2.8763
2ec_high_off,thea,1029384756,41,1.4803
2ec_high_off,thea,1029384756,42,1.4676
2ec_high_off,thea,1029384756,43,3.2655
2ec_high_off,thea,1029384756,44,3.6424
2ec_high_off,thea,1029384756,45,5.6375
2ec_high_off,thea,1029384756,46,2.2375
2ec_high_off,thea,1029384756,47,1.4698
2ec_high_off,thea,1029384756,48,1.3905
2ec_high_off,thea,1029384756,49,1.4884
2ec_high_off,thea,1029384756,50,3.1836
2ec_high_off,thea,1029384756,51,1.4677
2ec_high_off,thea,1029384756,52,1.3812
2ec_high_off,thea,1029384756,53,1.3782
2ec_high_off,thea,1029384756,54,1.3535
2ec_high_off,thea,1029384756,55,1.8883
2ec_high_off,thea,1029384756,56,2.942
2ec_high_off,thea,1029384756,57,2.7181
2ec_high_off,thea,1029384756,58,3.0158
2ec_high_off,thea,1029384756,59,2.6506
2ec_high_off,thea,1029384756,60,1.4082
sample,thea,564738291,1,1.063
sample,thea,564738291,2,0.8178
sample,thea,564738291,3,0.7465
sample,thea,564738291,4,0.61
sample,thea,564738291,5,0.3925
sample,thea,564738291,6,0.402
sample,thea,564738291,7,0.3607
sample,thea,564738291,8,0.3682
sample,thea,564738291,9,0.3415
sample,thea,564738291,10,0.9458
sample,thea,564738291,11,0.4238
sample,thea,564738291,12,0.3914
sample,thea,564738291,13,0.3619
sample,thea,564738291,14,0.3549
sample,thea,564738291,15,0.3348
sample,thea,564738291,16,0.3417
sample,thea,564738291,17,0.3291
sample,thea,564738291,18,0.3302
sample,thea,564738291,19,0.3077
sample,thea,564738291,20,0.3143
sample,thea,564738291,21,0.3482
sample,thea,564738291,22,1.1192
sample,thea,564738291,23,0.76
sample,thea,564738291,24,0.3638
sample,thea,564738291,25,0.3466
sample,thea,564738291,26,0.3248
sample,thea,564738291,27,0.3279
sample,thea,564738291,28,0.3224
sample,thea,564738291,29,0.3649
sample,thea,564738291,30,0.3164
sample,thea,564738291,31,0.3112
sample,thea,564738291,32,0.3274
sample,thea,564738291,33,0.3132
sample,thea,564738291,34,1.7094
sample,thea,564738291,35,0.3734
sample,thea,564738291,36,0.3433
sample,thea,564738291,37,0.3867
sample,thea,564738291,38,0.3522
sample,thea,564738291,39,0.338
sample,thea,564738291,40,0.3278
sample,thea,564738291,41,0.3542
sample,thea,564738291,42,0.4058
sample,thea,564738291,43,0.3874
sample,thea,564738291,44,0.7286
sample,thea,564738291,45,0.4082
sample,thea,564738291,46,0.3563
sample,thea,564738291,47,0.7613
sample,thea,564738291,48,0.6029
sample,thea,564738291,49,0.3642
sample,thea,564738291,50,0.3313
sample,thea,564738291,51,0.3729
sample,thea,564738291,52,0.3266
sample,thea,564738291,53,0.4909
sample,thea,564738291,54,0.7419
sample,thea,564738291,55,0.364
sample,thea,564738291,56,0.3998
sample,thea,564738291,57,0.3452
sample,thea,564738291,58,0.41
sample,thea,564738291,59,0.318
sample,thea,564738291,60,0.3485
2ec_low_on,thea,564738291,1,5.6745
2ec_low_on,thea,564738291,2,1.9452
2ec_low_on,thea,564738291,3,1.8448
2ec_low_on,thea,564738291,4,1.6222
2ec_low_on,thea,564738291,5,1.5517
2ec_low_on,thea,564738291,6,1.8813
2ec_low_on,thea,564738291,7,1.6623
2ec_low_on,thea,564738291,8,1.7715
2ec_low_on,thea,564738291,9,1.5037
2ec_low_on,thea,564738291,10,1.4101
2ec_low_off,thea,564738291,1,3.7393
2ec_low_off,thea,564738291,2,3.0463
2ec_low_off,thea,564738291,3,1.6997
2ec_low_off,thea,564738291,4,1.5714
2ec_low_off,thea,564738291,5,1.9971
2ec_low_off,thea,564738291,6,2.7838
2ec_low_off,thea,564738291,7,1.4887
2ec_low_off,thea,564738291,8,1.361
2ec_low_off,thea,564738291,9,1.3907
2ec_high_on,thea,564738291,1,3.5032
2ec_high_on,thea,564738291,2,2.5285
2ec_high_on,thea,564738291,3,1.7585
2ec_high_on,thea,564738291,4,1.5627
2ec_high_on,thea,564738291,5,1.5364
2ec_high_on,thea,564738291,6,1.5266
2ec_high_on,thea,564738291,7,1.6063
2ec_high_on,thea,564738291,8,2.2485
2ec_high_on,thea,564738291,9,1.8894
2ec_high_on,thea,564738291,10,1.5642
2ec_high_off,thea,564738291,1,2.6759
2ec_high_off,thea,564738291,2,1.4982
2ec_high_off,thea,564738291,3,1.4318
2ec_high_off,thea,564738291,4,1.4234
2ec_high_off,thea,564738291,5,1.329
2ec_high_off,thea,564738291,6,1.3357
2ec_high_off,thea,564738291,7,1.214
2ec_high_off,thea,564738291,8,1.196
2ec_high_off,thea,564738291,9,0.9437
2ec_high_off,thea,564738291,10,0.929
2ec_high_off,thea,564738291,11,1.0958
2ec_high_off,thea,564738291,12,0.9828
2ec_high_off,thea,564738291,13,0.9637
2ec_high_off,thea,564738291,14,0.9397
2ec_high_off,thea,564738291,15,0.907
2ec_high_off,thea,564738291,16,0.9112
2ec_high_off,thea,564738291,17,0.9142
2ec_high_off,thea,564738291,18,0.9461
2ec_high_off,thea,564738291,19,0.9129
2ec_high_off,thea,564738291,20,0.9144
2ec_high_off,thea,564738291,21,1.3711
2ec_high_off,thea,564738291,22,1.1425
2ec_high_off,thea,564738291,23,1.4911
2ec_high_off,thea,564738291,24,0.9288
2ec_high_off,thea,564738291,25,0.9093
2ec_high_off,thea,564738291,26,0.9455
2ec_high_off,thea,564738291,27,0.9208
2ec_high_off,thea,564738291,28,0.9146
2ec_high_off,thea,564738291,29,0.9407
2ec_high_off,thea,564738291,30,1.6488
2ec_high_off,thea,564738291,31,1.0062
2ec_high_off,thea,564738291,32,0.9193
2ec_high_off,thea,564738291,33,0.9055
2ec_high_off,thea,564738291,34,0.8896
2ec_high_off,thea,564738291,35,0.9006
2ec_high_off,thea,564738291,36,0.887
2ec_high_off,thea,564738291,37,0.9456
2ec_high_off,thea,564738291,38,1.5386
2ec_high_off,thea,564738291,39,0.9703
2ec_high_off,thea,564738291,40,0.9631
2ec_high_off,thea,564738291,41,0.9118
2ec_high_off,thea,564738291,42,0.9036
2ec_high_off,thea,564738291,43,0.9019
2ec_high_off,thea,564738291,44,0.904
2ec_high_off,thea,564738291,45,0.8988
2ec_high_off,thea,564738291,46,0.8804
2ec_high_off,thea,564738291,47,1.369
2ec_high_off,thea,564738291,48,0.9237
2ec_high_off,thea,564738291,49,0.9314
2ec_high_off,thea,564738291,50,0.8852
2ec_high_off,thea,564738291,51,0.8807
2ec_high_off,thea,564738291,52,0.8746
2ec_high_off,thea,564738291,53,0.8814
2ec_high_off,thea,564738291,54,0.8778
2ec_high_off,thea,564738291,55,0.8746
2ec_high_off,thea,564738291,56,1.8647
2ec_high_off,thea,564738291,57,1.0199
2ec_high_off,thea,564738291,58,0.9136
2ec_high_off,thea,564738291,59,0.8861
2ec_high_off,thea,564738291,60,0.8835
sample,thea,918273645,1,0.857
sample,thea,918273645,2,0.362
sample,thea,918273645,3,0.4767
sample,thea,918273645,4,0.3364
sample,thea,918273645,5,0.2378
sample,thea,918273645,6,0.2498
sample,thea,918273645,7,0.2282
sample,thea,918273645,8,0.2272
sample,thea,918273645,9,0.2252
sample,thea,918273645,10,0.2073
sample,thea,918273645,11,0.2144
sample,thea,918273645,12,0.2073
sample,thea,918273645,13,0.2097
sample,thea,918273645,14,0.2053
sample,thea,918273645,15,0.2782
sample,thea,918273645,16,0.2388
sample,thea,918273645,17,0.2446
sample,thea,918273645,18,0.2292
sample,thea,918273645,19,0.2419
sample,thea,918273645,20,0.2336
sample,thea,918273645,21,0.5229
sample,thea,918273645,22,0.2633
sample,thea,918273645,23,0.2785
sample,thea,918273645,24,0.2875
sample,thea,918273645,25,0.2436
sample,thea,918273645,26,0.2327
sample,thea,918273645,27,0.2366
sample,thea,918273645,28,0.2306
sample,thea,918273645,29,0.2341
sample,thea,918273645,30,0.2407
sample,thea,918273645,31,0.2359
sample,thea,918273645,32,0.2356
sample,thea,918273645,33,0.2381
sample,thea,918273645,34,0.2321
sample,thea,918273645,35,0.2464
sample,thea,918273645,36,0.233
sample,thea,918273645,37,0.2599
sample,thea,918273645,38,0.2688
sample,thea,918273645,39,0.6636
sample,thea,918273645,40,0.2705
sample,thea,918273645,41,0.2955
sample,thea,918273645,42,0.251
sample,thea,918273645,43,0.263
sample,thea,918273645,44,0.2424
sample,thea,918273645,45,0.2447
sample,thea,918273645,46,0.2638
sample,thea,918273645,47,0.2482
sample,thea,918273645,48,0.2397
sample,thea,918273645,49,0.2445
sample,thea,918273645,50,0.2421
sample,thea,918273645,51,0.2432
sample,thea,918273645,52,0.2414
sample,thea,918273645,53,0.253
sample,thea,918273645,54,0.2477
sample,thea,918273645,55,0.3072
sample,thea,918273645,56,0.3543
sample,thea,918273645,57,0.2932
sample,thea,918273645,58,0.31
sample,thea,918273645,59,0.2783
sample,thea,918273645,60,0.2423
2ec_low_on,thea,918273645,1,3.6753
2ec_low_on,thea,918273645,2,1.4738
2ec_low_on,thea,918273645,3,1.5013
2ec_low_on,thea,918273645,4,1.2002
2ec_low_on,thea,918273645,5,2.8689
2ec_low_on,thea,918273645,6,1.304
2ec_low_on,thea,918273645,7,1.2464
2ec_low_on,thea,918273645,8,1.2979
2ec_low_on,thea,918273645,9,1.1815
2ec_low_on,thea,918273645,10,1.1223
2ec_low_off,thea,918273645,1,2.7231
2ec_low_off,thea,918273645,2,1.165
2ec_low_off,thea,918273645,3,1.2639
2ec_low_off,thea,918273645,4,1.2312
2ec_low_off,thea,918273645,5,0.9026
2ec_low_off,thea,918273645,6,0.9207
2ec_low_off,thea,918273645,7,0.895
2ec_low_off,thea,918273645,8,0.9146
2ec_low_off,thea,918273645,9,0.8812
2ec_low_off,thea,918273645,10,0.8762
2ec_low_off,thea,918273645,11,0.8934
2ec_high_on,thea,918273645,1,3.6562
2ec_high_on,thea,918273645,2,1.5926
2ec_high_on,thea,918273645,3,1.2963
2ec_high_on,thea,918273645,4,1.2732
2ec_high_on,thea,918273645,5,1.2628
2ec_high_on,thea,918273645,6,1.2748
2ec_high_on,thea,918273645,7,1.4196
2ec_high_on,thea,918273645,8,1.268
2ec_high_off,thea,918273645,1,2.348
2ec_high_off,thea,918273645,2,1.2849
2ec_high_off,thea,918273645,3,1.7747
2ec_high_off,thea,918273645,4,1.2626
2ec_high_off,thea,918273645,5,1.1885
2ec_high_off,thea,918273645,6,1.152
2ec_high_off,thea,918273645,7,1.1525
2ec_high_off,thea,918273645,8,1.1533
2ec_high_off,thea,918273645,9,0.9392
2ec_high_off,thea,918273645,10,0.9187
2ec_high_off,thea,918273645,11,1.0409
2ec_high_off,thea,918273645,12,0.9332
2ec_high_off,thea,918273645,13,0.9404
2ec_high_off,thea,918273645,14,0.9759
2ec_high_off,thea,918273645,15,0.9568
2ec_high_off,thea,918273645,16,0.9209
2ec_high_off,thea,918273645,17,0.9245
2ec_high_off,thea,918273645,18,0.9192
2ec_high_off,thea,918273645,19,0.9338
2ec_high_off,thea,918273645,20,0.9292
2ec_high_off,thea,918273645,21,0.9401
2ec_high_off,thea,918273645,22,0.9572
2ec_high_off,thea,918273645,23,1.8322
2ec_high_off,thea,918273645,24,0.9922
2ec_high_off,thea,918273645,25,0.9522
2ec_high_off,thea,918273645,26,0.9242
2ec_high_off,thea,918273645,27,0.9417
2ec_high_off,thea,918273645,28,0.9152
2ec_high_off,thea,918273645,29,0.9468
2ec_high_off,thea,918273645,30,0.9182
2ec_high_off,thea,918273645,31,2.108
2ec_high_off,thea,918273645,32,1.0265
2ec_high_off,thea,918273645,33,1.0215
2ec_high_off,thea,918273645,34,0.9352
2ec_high_off,thea,918273645,35,0.9321
2ec_high_off,thea,918273645,36,0.9181
2ec_high_off,thea,918273645,37,0.9324
2ec_high_off,thea,918273645,38,0.9415
2ec_high_off,thea,918273645,39,0.9604
2ec_high_off,thea,918273645,40,1.2385
2ec_high_off,thea,918273645,41,1.5384
2ec_high_off,thea,918273645,42,0.964
2ec_high_off,thea,918273645,43,0.9823
2ec_high_off,thea,918273645,44,1.0041
2ec_high_off,thea,918273645,45,0.9773
2ec_high_off,thea,918273645,46,1.7641
2ec_high_off,thea,918273645,47,1.0589
2ec_high_off,thea,918273645,48,0.9683
2ec_high_off,thea,918273645,49,1.0421
2ec_high_off,thea,918273645,50,0.9358
2ec_high_off,thea,918273645,51,0.9377
2ec_high_off,thea,918273645,52,0.9113
2ec_high_off,thea,918273645,53,1.018
2ec_high_off,thea,918273645,54,0.9231
2ec_high_off,thea,918273645,55,0.9221
2ec_high_off,thea,918273645,56,0.9505
2ec_high_off,thea,918273645,57,1.0686
2ec_high_off,thea,918273645,58,1.0389
2ec_high_off,thea,918273645,59,1.0922
2ec_high_off,thea,918273645,60,0.9453
sample,thea,675849302,1,1.0454
sample,thea,675849302,2,0.3378
sample,thea,675849302,3,0.2719
sample,thea,675849302,4,0.254
sample,thea,675849302,5,0.4809
sample,thea,675849302,6,0.2996
sample,thea,675849302,7,0.2803
sample,thea,675849302,8,0.5005
sample,thea,675849302,9,0.2965
sample,thea,675849302,10,0.2703
sample,thea,675849302,11,0.2674
sample,thea,675849302,12,0.2517
sample,thea,675849302,13,0.2522
sample,thea,675849302,14,0.2672
sample,thea,675849302,15,0.2597
sample,thea,675849302,16,0.2448
sample,thea,675849302,17,0.2517
sample,thea,675849302,18,0.2574
sample,thea,675849302,19,0.2574
sample,thea,675849302,20,0.2456
sample,thea,675849302,21,0.4195
sample,thea,675849302,22,0.5791
sample,thea,675849302,23,0.341
sample,thea,675849302,24,0.2971
sample,thea,675849302,25,0.2686
sample,thea,675849302,26,0.2585
sample,thea,675849302,27,0.2579
sample,thea,675849302,28,0.2466
sample,thea,675849302,29,0.2587
sample,thea,675849302,30,0.2451
sample,thea,675849302,31,0.2493
sample,thea,675849302,32,0.2446
sample,thea,675849302,33,0.2514
sample,thea,675849302,34,0.2854
sample,thea,675849302,35,0.2601
sample,thea,675849302,36,0.6133
sample,thea,675849302,37,0.768
sample,thea,675849302,38,0.3576
sample,thea,675849302,39,0.3019
sample,thea,675849302,40,0.2684
sample,thea,675849302,41,0.2767
sample,thea,675849302,42,0.2665
sample,thea,675849302,43,0.2765
sample,thea,675849302,44,0.2605
sample,thea,675849302,45,0.2679
sample,thea,675849302,46,0.2504
sample,thea,675849302,47,0.266
sample,thea,675849302,48,0.2689
sample,thea,675849302,49,0.2657
sample,thea,675849302,50,0.5998
sample,thea,675849302,51,0.8567
sample,thea,675849302,52,0.352
sample,thea,675849302,53,0.3064
sample,thea,675849302,54,0.2967
sample,thea,675849302,55,0.2935
sample,thea,675849302,56,0.2763
sample,thea,675849302,57,0.3152
sample,thea,675849302,58,0.321
sample,thea,675849302,59,0.3796
sample,thea,675849302,60,0.2845
2ec_low_on,thea,675849302,1,3.4875
2ec_low_on,thea,675849302,2,1.6807
2ec_low_on,thea,675849302,3,1.404
2ec_low_on,thea,675849302,4,3.0567
2ec_low_on,thea,675849302,5,2.0792
2ec_low_on,thea,675849302,6,1.3776
2ec_low_on,thea,675849302,7,1.403
2ec_low_on,thea,675849302,8,1.3381
2ec_low_on,thea,675849302,9,1.3585
2ec_low_on,thea,675849302,10,2.1835
2ec_low_off,thea,675849302,1,3.8292
2ec_low_off,thea,675849302,2,2.2568
2ec_low_off,thea,675849302,3,2.2653
2ec_low_off,thea,675849302,4,1.6285
2ec_low_off,thea,675849302,5,1.3812
2ec_low_off,thea,675849302,6,1.5058
2ec_low_off,thea,675849302,7,1.3368
2ec_low_off,thea,675849302,8,6.298
2ec_low_off,thea,675849302,9,1.3669
2ec_high_on,thea,675849302,1,5.7084
2ec_high_on,thea,675849302,2,2.162
2ec_high_on,thea,675849302,3,1.7549
2ec_high_on,thea,675849302,4,1.7457
2ec_high_on,thea,675849302,5,2.4563
2ec_high_on,thea,675849302,6,2.3522
2ec_high_on,thea,675849302,7,1.7307
2ec_high_on,thea,675849302,8,4.9726
2ec_high_on,thea,675849302,9,6.073
2ec_high_off,thea,675849302,1,7.407
2ec_high_off,thea,675849302,2,6.9799
2ec_high_off,thea,675849302,3,6.2415
2ec_high_off,thea,675849302,4,1.9987
2ec_high_off,thea,675849302,5,2.0408
2ec_high_off,thea,675849302,6,4.2764
2ec_high_off,thea,675849302,7,1.8231
2ec_high_off,thea,675849302,8,1.8148
2ec_high_off,thea,675849302,9,1.5033
2ec_high_off,thea,675849302,10,1.4814
2ec_high_off,thea,675849302,11,3.0683
2ec_high_off,thea,675849302,12,1.5735
2ec_high_off,thea,675849302,13,1.4739
2ec_high_off,thea,675849302,14,1.4531
2ec_high_off,thea,675849302,15,1.4362
2ec_high_off,thea,675849302,16,3.1147
2ec_high_off,thea,675849302,17,1.4898
2ec_high_off,thea,675849302,18,1.468
2ec_high_off,thea,675849302,19,1.559
2ec_high_off,thea,675849302,20,1.4783
2ec_high_off,thea,675849302,21,3.2347
2ec_high_off,thea,675849302,22,1.5928
2ec_high_off,thea,675849302,23,1.6422
2ec_high_off,thea,675849302,24,1.4461
2ec_high_off,thea,675849302,25,3.3785
2ec_high_off,thea,675849302,26,1.9039
2ec_high_off,thea,675849302,27,1.5186
2ec_high_off,thea,675849302,28,1.8588
2ec_high_off,thea,675849302,29,1.5325
2ec_high_off,thea,675849302,30,3.2094
2ec_high_off,thea,675849302,31,1.7166
2ec_high_off,thea,675849302,32,1.5272
2ec_high_off,thea,675849302,33,1.5858
2ec_high_off,thea,675849302,34,3.6721
2ec_high_off,thea,675849302,35,3.194
2ec_high_off,thea,675849302,36,3.229
2ec_high_off,thea,675849302,37,2.9014
2ec_high_off,thea,675849302,38,2.3534
2ec_high_off,thea,675849302,39,3.2076
2ec_high_off,thea,675849302,40,3.9347
2ec_high_off,thea,675849302,41,6.8659
2ec_high_off,thea,675849302,42,2.8659
2ec_high_off,thea,675849302,43,3.0115
2ec_high_off,thea,675849302,44,3.1524
2ec_high_off,thea,675849302,45,2.627
2ec_high_off,thea,675849302,46,1.6171
2ec_high_off,thea,675849302,47,3.5501
2ec_high_off,thea,675849302,48,2.302
2ec_high_off,thea,675849302,49,1.8112
2ec_high_off,thea,675849302,50,1.455
2ec_high_off,thea,675849302,51,1.4289
2ec_high_off,thea,675849302,52,1.6279
2ec_high_off,thea,675849302,53,1.7736
2ec_high_off,thea,675849302,54,1.4705
2ec_high_off,thea,675849302,55,1.4365
2ec_high_off,thea,675849302,56,1.4403
2ec_high_off,thea,675849302,57,1.5348
2ec_high_off,thea,675849302,58,2.1641
2ec_high_off,thea,675849302,59,1.6326
2ec_high_off,thea,675849302,60,1.5173
sample,thea,123456789,1,1.0377
sample,thea,123456789,2,0.348
sample,thea,123456789,3,0.3066
sample,thea,123456789,4,0.2985
sample,thea,123456789,5,0.2992
sample,thea,123456789,6,0.2946
sample,thea,123456789,7,0.68
sample,thea,123456789,8,0.3515
sample,thea,123456789,9,0.3054
sample,thea,123456789,10,0.3209
sample,thea,123456789,11,0.3137
sample,thea,123456789,12,0.2966
sample,thea,123456789,13,0.2939
sample,thea,123456789,14,0.2924
sample,thea,123456789,15,0.3349
sample,thea,123456789,16,0.2881
sample,thea,123456789,17,0.2833
sample,thea,123456789,18,0.2834
sample,thea,123456789,19,0.2835
sample,thea,123456789,20,0.339
sample,thea,123456789,21,0.3179
sample,thea,123456789,22,0.3735
sample,thea,123456789,23,0.3137
sample,thea,123456789,24,0.3007
sample,thea,123456789,25,0.2933
sample,thea,123456789,26,0.2884
sample,thea,123456789,27,0.2879
sample,thea,123456789,28,0.2852
sample,thea,123456789,29,0.3275
sample,thea,123456789,30,0.3003
sample,thea,123456789,31,0.2893
sample,thea,123456789,32,0.2906
sample,thea,123456789,33,0.2854
sample,thea,123456789,34,0.282
sample,thea,123456789,35,0.2823
sample,thea,123456789,36,0.3623
sample,thea,123456789,37,0.3181
sample,thea,123456789,38,0.2972
sample,thea,123456789,39,0.292
sample,thea,123456789,40,0.2974
sample,thea,123456789,41,0.2986
sample,thea,123456789,42,0.287
sample,thea,123456789,43,0.2858
sample,thea,123456789,44,0.2832
sample,thea,123456789,45,0.289
sample,thea,123456789,46,0.2771
sample,thea,123456789,47,0.2745
sample,thea,123456789,48,0.2741
sample,thea,123456789,49,0.2795
sample,thea,123456789,50,0.2691
sample,thea,123456789,51,0.6226
sample,thea,123456789,52,0.3195
sample,thea,123456789,53,0.2903
sample,thea,123456789,54,0.2858
sample,thea,123456789,55,0.2911
sample,thea,123456789,56,0.2761
sample,thea,123456789,57,0.2741
sample,thea,123456789,58,0.2759
sample,thea,123456789,59,0.2758
sample,thea,123456789,60,0.2834
2ec_low_on,thea,123456789,1,3.2427
2ec_low_on,thea,123456789,2,1.4291
2ec_low_on,thea,123456789,3,1.2928
2ec_low_on,thea,123456789,4,1.5482
2ec_low_on,thea,123456789,5,1.1531
2ec_low_on,thea,123456789,6,1.1255
2ec_low_on,thea,123456789,7,1.1331
2ec_low_on,thea,123456789,8,1.0981
2ec_low_on,thea,123456789,9,1.1832
2ec_low_on,thea,123456789,10,1.6397
2ec_low_off,thea,123456789,1,4.9055
2ec_low_off,thea,123456789,2,1.4742
2ec_low_off,thea,123456789,3,1.3166
2ec_low_off,thea,123456789,4,2.1592
2ec_low_off,thea,123456789,5,1.1978
2ec_low_off,thea,123456789,6,1.2074
2ec_low_off,thea,123456789,7,1.1424
2ec_low_off,thea,123456789,8,1.1458
2ec_low_off,thea,123456789,9,1.1227
2ec_high_on,thea,123456789,1,3.1266
2ec_high_on,thea,123456789,2,1.6411
2ec_high_on,thea,123456789,3,1.4119
2ec_high_on,thea,123456789,4,1.5819
2ec_high_on,thea,123456789,5,1.6437
2ec_high_on,thea,123456789,6,1.346
2ec_high_on,thea,123456789,7,1.3236
2ec_high_on,thea,123456789,8,1.3071
2ec_high_on,thea,123456789,9,2.6379
2ec_high_on,thea,123456789,10,1.3964
2ec_high_off,thea,123456789,1,2.8148
2ec_high_off,thea,123456789,2,2.2673
2ec_high_off,thea,123456789,3,1.8761
2ec_high_off,thea,123456789,4,1.5293
2ec_high_off,thea,123456789,5,1.4212
2ec_high_off,thea,123456789,6,1.3698
2ec_high_off,thea,123456789,7,1.4487
2ec_high_off,thea,123456789,8,1.3555
2ec_high_off,thea,123456789,9,1.1768
2ec_high_off,thea,123456789,10,1.205
2ec_high_off,thea,123456789,11,1.1517
2ec_high_off,thea,123456789,12,1.1091
2ec_high_off,thea,123456789,13,2.1937
2ec_high_off,thea,123456789,14,1.6029
2ec_high_off,thea,123456789,15,1.2748
2ec_high_off,thea,123456789,16,1.1238
2ec_high_off,thea,123456789,17,1.1568
2ec_high_off,thea,123456789,18,1.1756
2ec_high_off,thea,123456789,19,1.2312
2ec_high_off,thea,123456789,20,1.1146
2ec_high_off,thea,123456789,21,1.1278
2ec_high_off,thea,123456789,22,1.1005
2ec_high_off,thea,123456789,23,1.6575
2ec_high_off,thea,123456789,24,1.1392
2ec_high_off,thea,123456789,25,1.4347
2ec_high_off,thea,123456789,26,1.1437
2ec_high_off,thea,123456789,27,1.1453
2ec_high_off,thea,123456789,28,1.1543
2ec_high_off,thea,123456789,29,1.1313
2ec_high_off,thea,123456789,30,1.0883
2ec_high_off,thea,123456789,31,1.1429
2ec_high_off,thea,123456789,32,1.7284
2ec_high_off,thea,123456789,33,1.249
2ec_high_off,thea,123456789,34,1.185
2ec_high_off,thea,123456789,35,1.1613
2ec_high_off,thea,123456789,36,1.1011
2ec_high_off,thea,123456789,37,1.1197
2ec_high_off,thea,123456789,38,1.1233
2ec_high_off,thea,123456789,39,1.1126
2ec_high_off,thea,123456789,40,1.2429
2ec_high_off,thea,123456789,41,1.6379
2ec_high_off,thea,123456789,42,1.2004
2ec_high_off,thea,123456789,43,1.1735
2ec_high_off,thea,123456789,44,1.109
2ec_high_off,thea,123456789,45,1.1336
2ec_high_off,thea,123456789,46,1.1902
2ec_high_off,thea,123456789,47,1.1363
2ec_high_off,thea,123456789,48,1.1347
2ec_high_off,thea,123456789,49,1.1441
2ec_high_off,thea,123456789,50,1.1026
2ec_high_off,thea,123456789,51,1.1362
2ec_high_off,thea,123456789,52,1.1024
2ec_high_off,thea,123456789,53,1.1383
2ec_high_off,thea,123456789,54,1.0891
2ec_high_off,thea,123456789,55,1.0962
2ec_high_off,thea,123456789,56,1.0541
2ec_high_off,thea,123456789,57,1.0826
2ec_high_off,thea,123456789,58,1.0708
2ec_high_off,thea,123456789,59,1.0869
2ec_high_off,thea,123456789,60,1.0645
sample,thea,987654321,1,2.1706
sample,thea,987654321,2,0.3139
sample,thea,987654321,3,0.318
sample,thea,987654321,4,0.2494
sample,thea,987654321,5,0.4454
sample,thea,987654321,6,0.3979
sample,thea,987654321,7,0.2487
sample,thea,987654321,8,0.2695
sample,thea,987654321,9,0.249
sample,thea,987654321,10,0.2529
sample,thea,987654321,11,0.2451
sample,thea,987654321,12,0.2398
sample,thea,987654321,13,0.2455
sample,thea,987654321,14,0.2581
sample,thea,987654321,15,0.2794
sample,thea,987654321,16,0.2479
sample,thea,987654321,17,0.4269
sample,thea,987654321,18,0.2427
sample,thea,987654321,19,0.2703
sample,thea,987654321,20,0.251
sample,thea,987654321,21,0.2428
sample,thea,987654321,22,0.2803
sample,thea,987654321,23,0.2408
sample,thea,987654321,24,0.2426
sample,thea,987654321,25,0.2604
sample,thea,987654321,26,0.2478
sample,thea,987654321,27,0.2683
sample,thea,987654321,28,0.2604
sample,thea,987654321,29,0.2876
sample,thea,987654321,30,0.2618
sample,thea,987654321,31,1.4954
sample,thea,987654321,32,0.6188
sample,thea,987654321,33,0.2831
sample,thea,987654321,34,0.3072
sample,thea,987654321,35,0.2875
sample,thea,987654321,36,0.2642
sample,thea,987654321,37,0.2508
sample,thea,987654321,38,0.2489
sample,thea,987654321,39,0.2609
sample,thea,987654321,40,0.2454
sample,thea,987654321,41,0.2558
sample,thea,987654321,42,0.5625
sample,thea,987654321,43,2.1632
sample,thea,987654321,44,0.8734
sample,thea,987654321,45,0.2911
sample,thea,987654321,46,0.2743
sample,thea,987654321,47,0.2549
sample,thea,987654321,48,0.2582
sample,thea,987654321,49,0.245
sample,thea,987654321,50,0.2387
sample,thea,987654321,51,0.2424
sample,thea,987654321,52,0.2436
sample,thea,987654321,53,0.2485
sample,thea,987654321,54,0.24
sample,thea,987654321,55,0.2415
sample,thea,987654321,56,0.2416
sample,thea,987654321,57,0.8022
sample,thea,987654321,58,0.6603
sample,thea,987654321,59,0.2717
sample,thea,987654321,60,0.2505
2ec_low_on,thea,987654321,1,2.7631
2ec_low_on,thea,987654321,2,1.35
2ec_low_on,thea,987654321,3,1.689
2ec_low_on,thea,987654321,4,1.0759
2ec_low_on,thea,987654321,5,1.1167
2ec_low_on,thea,987654321,6,1.0458
2ec_low_on,thea,987654321,7,1.0401
2ec_low_on,thea,987654321,8,1.0358
2ec_low_on,thea,987654321,9,1.0336
2ec_low_on,thea,987654321,10,1.0665
2ec_low_off,thea,987654321,1,2.8698
2ec_low_off,thea,987654321,2,1.2935
2ec_low_off,thea,987654321,3,1.2884
2ec_low_off,thea,987654321,4,1.2737
2ec_low_off,thea,987654321,5,1.0943
2ec_low_off,thea,987654321,6,1.3719
2ec_low_off,thea,987654321,7,1.1025
2ec_low_off,thea,987654321,8,0.9418
2ec_low_off,thea,987654321,9,0.976
2ec_low_off,thea,987654321,10,0.9355
2ec_high_on,thea,987654321,1,2.7626
2ec_high_on,thea,987654321,2,1.48
2ec_high_on,thea,987654321,3,1.1929
2ec_high_on,thea,987654321,4,1.1487
2ec_high_on,thea,987654321,5,1.5584
2ec_high_on,thea,987654321,6,1.2336
2ec_high_on,thea,987654321,7,1.1853
2ec_high_on,thea,987654321,8,0.9719
2ec_high_off,thea,987654321,1,2.5874
2ec_high_off,thea,987654321,2,1.2626
2ec_high_off,thea,987654321,3,1.3905
2ec_high_off,thea,987654321,4,1.1241
2ec_high_off,thea,987654321,5,1.0857
2ec_high_off,thea,987654321,6,1.0982
2ec_high_off,thea,987654321,7,1.0971
2ec_high_off,thea,987654321,8,1.246
2ec_high_off,thea,987654321,9,1.0719
2ec_high_off,thea,987654321,10,0.8893
2ec_high_off,thea,987654321,11,0.8966
2ec_high_off,thea,987654321,12,0.8842
2ec_high_off,thea,987654321,13,1.0143
2ec_high_off,thea,987654321,14,0.871
2ec_high_off,thea,987654321,15,0.8926
2ec_high_off,thea,987654321,16,0.9745
2ec_high_off,thea,987654321,17,0.9264
2ec_high_off,thea,987654321,18,0.8796
2ec_high_off,thea,987654321,19,0.918
2ec_high_off,thea,987654321,20,0.9006
2ec_high_off,thea,987654321,21,0.8876
2ec_high_off,thea,987654321,22,0.8818
2ec_high_off,thea,987654321,23,0.9249
2ec_high_off,thea,987654321,24,0.885
2ec_high_off,thea,987654321,25,0.904
2ec_high_off,thea,987654321,26,0.8741
2ec_high_off,thea,987654321,27,1.7088
2ec_high_off,thea,987654321,28,1.5804
2ec_high_off,thea,987654321,29,1.1863
2ec_high_off,thea,987654321,30,0.9546
2ec_high_off,thea,987654321,31,1.6293
2ec_high_off,thea,987654321,32,0.9236
2ec_high_off,thea,987654321,33,0.942
2ec_high_off,thea,987654321,34,0.8703
2ec_high_off,thea,987654321,35,0.8696
2ec_high_off,thea,987654321,36,0.862
2ec_high_off,thea,987654321,37,0.9708
2ec_high_off,thea,987654321,38,0.9062
2ec_high_off,thea,987654321,39,0.8699
2ec_high_off,thea,987654321,40,0.8562
2ec_high_off,thea,987654321,41,0.8792
2ec_high_off,thea,987654321,42,0.846
2ec_high_off,thea,987654321,43,0.9236
2ec_high_off,thea,987654321,44,0.8612
2ec_high_off,thea,987654321,45,0.8677
2ec_high_off,thea,987654321,46,0.8601
2ec_high_off,thea,987654321,47,0.9502
2ec_high_off,thea,987654321,48,0.9015
2ec_high_off,thea,987654321,49,0.9047
2ec_high_off,thea,987654321,50,0.8947
2ec_high_off,thea,987654321,51,0.9257
2ec_high_off,thea,987654321,52,0.9
2ec_high_off,thea,987654321,53,0.9288
2ec_high_off,thea,987654321,54,0.9225
2ec_high_off,thea,987654321,55,0.9105
2ec_high_off,thea,987654321,56,0.9651
2ec_high_off,thea,987654321,57,0.963
2ec_high_off,thea,987654321,58,0.8948
2ec_high_off,thea,987654321,59,0.9546
2ec_high_off,thea,987654321,60,0.9766
sample,thea,246813579,1,0.8247
sample,thea,246813579,2,0.2754
sample,thea,246813579,3,0.2314
sample,thea,246813579,4,0.2408
sample,thea,246813579,5,0.2693
sample,thea,246813579,6,0.2411
sample,thea,246813579,7,0.2293
sample,thea,246813579,8,0.2694
sample,thea,246813579,9,0.2381
sample,thea,246813579,10,0.2505
sample,thea,246813579,11,0.2343
sample,thea,246813579,12,0.2313
sample,thea,246813579,13,0.2281
sample,thea,246813579,14,0.2283
sample,thea,246813579,15,0.5152
sample,thea,246813579,16,0.2856
sample,thea,246813579,17,0.2417
sample,thea,246813579,18,0.2357
sample,thea,246813579,19,0.2308
sample,thea,246813579,20,0.232
sample,thea,246813579,21,0.2504
sample,thea,246813579,22,0.3663
sample,thea,246813579,23,0.2614
sample,thea,246813579,24,0.241
sample,thea,246813579,25,0.2566
sample,thea,246813579,26,0.2446
sample,thea,246813579,27,0.2358
sample,thea,246813579,28,0.24
sample,thea,246813579,29,0.271
sample,thea,246813579,30,0.2484
sample,thea,246813579,31,0.2349
sample,thea,246813579,32,0.5747
sample,thea,246813579,33,0.4902
sample,thea,246813579,34,0.2904
sample,thea,246813579,35,0.2585
sample,thea,246813579,36,0.2535
sample,thea,246813579,37,0.2578
sample,thea,246813579,38,0.3778
sample,thea,246813579,39,0.2468
sample,thea,246813579,40,0.2562
sample,thea,246813579,41,0.2399
sample,thea,246813579,42,0.2413
sample,thea,246813579,43,0.2373
sample,thea,246813579,44,0.2605
sample,thea,246813579,45,0.2412
sample,thea,246813579,46,0.2441
sample,thea,246813579,47,0.2391
sample,thea,246813579,48,0.5273
sample,thea,246813579,49,0.3087
sample,thea,246813579,50,0.2761
sample,thea,246813579,51,0.2656
sample,thea,246813579,52,0.251
sample,thea,246813579,53,0.2588
sample,thea,246813579,54,0.2563
sample,thea,246813579,55,0.247
sample,thea,246813579,56,0.2511
sample,thea,246813579,57,0.2392
sample,thea,246813579,58,0.2408
sample,thea,246813579,59,0.2373
sample,thea,246813579,60,0.2352
2ec_low_on,thea,246813579,1,2.9424
2ec_low_on,thea,246813579,2,1.3418
2ec_low_on,thea,246813579,3,1.5266
2ec_low_on,thea,246813579,4,1.3647
2ec_low_on,thea,246813579,5,1.68
2ec_low_on,thea,246813579,6,1.3387
2ec_low_on,thea,246813579,7,1.2914
2ec_low_on,thea,246813579,8,3.3852
2ec_low_on,thea,246813579,9,1.5417
2ec_low_on,thea,246813579,10,1.2787
2ec_low_off,thea,246813579,1,2.7829
2ec_low_off,thea,246813579,2,1.3401
2ec_low_off,thea,246813579,3,1.6794
2ec_low_off,thea,246813579,4,2.001
2ec_low_off,thea,246813579,5,1.2002
2ec_low_off,thea,246813579,6,1.406
2ec_low_off,thea,246813579,7,1.3101
2ec_low_off,thea,246813579,8,1.2288
2ec_low_off,thea,246813579,9,1.2071
2ec_low_off,thea,246813579,10,1.65
2ec_low_off,thea,246813579,11,2.2643
2ec_high_on,thea,246813579,1,3.7869
2ec_high_on,thea,246813579,2,2.1017
2ec_high_on,thea,246813579,3,1.5837
2ec_high_on,thea,246813579,4,1.5613
2ec_high_on,thea,246813579,5,2.9156
2ec_high_on,thea,246813579,6,1.7393
2ec_high_on,thea,246813579,7,1.6004
2ec_high_on,thea,246813579,8,1.6402
2ec_high_on,thea,246813579,9,1.6448
2ec_high_on,thea,246813579,10,1.8173
2ec_high_off,thea,246813579,1,3.0802
2ec_high_off,thea,246813579,2,1.8101
2ec_high_off,thea,246813579,3,1.5453
2ec_high_off,thea,246813579,4,1.5429
2ec_high_off,thea,246813579,5,1.534
2ec_high_off,thea,246813579,6,1.5076
2ec_high_off,thea,246813579,7,1.7419
2ec_high_off,thea,246813579,8,1.5568
2ec_high_off,thea,246813579,9,2.8652
2ec_high_off,thea,246813579,10,2.5291
2ec_high_off,thea,246813579,11,1.6827
2ec_high_off,thea,246813579,12,1.396
2ec_high_off,thea,246813579,13,2.2007
2ec_high_off,thea,246813579,14,1.7023
2ec_high_off,thea,246813579,15,1.4841
2ec_high_off,thea,246813579,16,1.3222
2ec_high_off,thea,246813579,17,1.3182
2ec_high_off,thea,246813579,18,1.2663
2ec_high_off,thea,246813579,19,2.7317
2ec_high_off,thea,246813579,20,1.4135
2ec_high_off,thea,246813579,21,1.5258
2ec_high_off,thea,246813579,22,1.2855
2ec_high_off,thea,246813579,23,1.2838
2ec_high_off,thea,246813579,24,1.3392
2ec_high_off,thea,246813579,25,1.812
2ec_high_off,thea,246813579,26,1.2524
2ec_high_off,thea,246813579,27,1.2773
2ec_high_off,thea,246813579,28,1.4289
2ec_high_off,thea,246813579,29,1.2742
2ec_high_off,thea,246813579,30,1.238
2ec_high_off,thea,246813579,31,1.5425
2ec_high_off,thea,246813579,32,1.3157
2ec_high_off,thea,246813579,33,1.3398
2ec_high_off,thea,246813579,34,1.229
2ec_high_off,thea,246813579,35,1.262
2ec_high_off,thea,246813579,36,1.2498
2ec_high_off,thea,246813579,37,1.2418
2ec_high_off,thea,246813579,38,1.2583
2ec_high_off,thea,246813579,39,1.3411
2ec_high_off,thea,246813579,40,1.2767
2ec_high_off,thea,246813579,41,1.6226
2ec_high_off,thea,246813579,42,1.2622
2ec_high_off,thea,246813579,43,1.3908
2ec_high_off,thea,246813579,44,1.1896
2ec_high_off,thea,246813579,45,1.6955
2ec_high_off,thea,246813579,46,1.2321
2ec_high_off,thea,246813579,47,1.3068
2ec_high_off,thea,246813579,48,1.224
2ec_high_off,thea,246813579,49,1.2179
2ec_high_off,thea,246813579,50,1.1947
2ec_high_off,thea,246813579,51,1.5893
2ec_high_off,thea,246813579,52,1.3201
2ec_high_off,thea,246813579,53,1.2046
2ec_high_off,thea,246813579,54,1.2665
2ec_high_off,thea,246813579,55,1.2109
2ec_high_off,thea,246813579,56,1.1775
2ec_high_off,thea,246813579,57,1.198
2ec_high_off,thea,246813579,58,1.252
2ec_high_off,thea,246813579,59,1.2781
2ec_high_off,thea,246813579,60,1.2049
sample,thea,135792468,1,1.6285
sample,thea,135792468,2,0.4212
sample,thea,135792468,3,0.2751
sample,thea,135792468,4,0.249
sample,thea,135792468,5,0.2541
sample,thea,135792468,6,0.2451
sample,thea,135792468,7,0.2529
sample,thea,135792468,8,0.2873
sample,thea,135792468,9,0.2498
sample,thea,135792468,10,0.358
sample,thea,135792468,11,0.3445
sample,thea,135792468,12,0.3252
sample,thea,135792468,13,0.3074
sample,thea,135792468,14,0.2885
sample,thea,135792468,15,0.3089
sample,thea,135792468,16,0.3304
sample,thea,135792468,17,0.2676
sample,thea,135792468,18,0.2597
sample,thea,135792468,19,0.2925
sample,thea,135792468,20,0.2673
sample,thea,135792468,21,0.2618
sample,thea,135792468,22,0.2802
sample,thea,135792468,23,0.274
sample,thea,135792468,24,0.2422
sample,thea,135792468,25,0.2412
sample,thea,135792468,26,0.2418
sample,thea,135792468,27,0.2384
sample,thea,135792468,28,0.2376
sample,thea,135792468,29,0.2721
sample,thea,135792468,30,0.24
sample,thea,135792468,31,0.2702
sample,thea,135792468,32,0.2501
sample,thea,135792468,33,0.5596
sample,thea,135792468,34,0.2765
sample,thea,135792468,35,0.258
sample,thea,135792468,36,0.2557
sample,thea,135792468,37,0.25
sample,thea,135792468,38,0.2511
sample,thea,135792468,39,0.2448
sample,thea,135792468,40,0.2597
sample,thea,135792468,41,0.2474
sample,thea,135792468,42,0.2403
sample,thea,135792468,43,0.2416
sample,thea,135792468,44,0.2444
sample,thea,135792468,45,0.2451
sample,thea,135792468,46,0.2427
sample,thea,135792468,47,0.2407
sample,thea,135792468,48,0.2395
sample,thea,135792468,49,0.2417
sample,thea,135792468,50,0.2427
sample,thea,135792468,51,0.4196
sample,thea,135792468,52,0.2467
sample,thea,135792468,53,0.2418
sample,thea,135792468,54,0.2323
sample,thea,135792468,55,0.2426
sample,thea,135792468,56,0.234
sample,thea,135792468,57,0.2874
sample,thea,135792468,58,0.2685
sample,thea,135792468,59,0.2362
sample,thea,135792468,60,0.2326
2ec_low_on,thea,135792468,1,2.6215
2ec_low_on,thea,135792468,2,1.2702
2ec_low_on,thea,135792468,3,1.0017
2ec_low_on,thea,135792468,4,0.9808
2ec_low_on,thea,135792468,5,0.9872
2ec_low_on,thea,135792468,6,0.9887
2ec_low_on,thea,135792468,7,0.9829
2ec_low_on,thea,135792468,8,0.9741
2ec_low_on,thea,135792468,9,0.9729
2ec_low_on,thea,135792468,10,1.5912
2ec_low_off,thea,135792468,1,2.3572
2ec_low_off,thea,135792468,2,1.3091
2ec_low_off,thea,135792468,3,1.1891
2ec_low_off,thea,135792468,4,1.1834
2ec_low_off,thea,135792468,5,1.1328
2ec_low_off,thea,135792468,6,1.0868
2ec_low_off,thea,135792468,7,1.0756
2ec_low_off,thea,135792468,8,1.2582
2ec_low_off,thea,135792468,9,0.9893
2ec_low_off,thea,135792468,10,0.9867
2ec_low_off,thea,135792468,11,1.0205
2ec_high_on,thea,135792468,1,6.3586
2ec_high_on,thea,135792468,2,1.791
2ec_high_on,thea,135792468,3,1.2622
2ec_high_on,thea,135792468,4,1.201
2ec_high_on,thea,135792468,5,1.1982
2ec_high_on,thea,135792468,6,1.2038
2ec_high_on,thea,135792468,7,1.4994
2ec_high_on,thea,135792468,8,1.27
2ec_high_on,thea,135792468,9,1.22
2ec_high_on,thea,135792468,10,2.5081
2ec_high_off,thea,135792468,1,2.574
2ec_high_off,thea,135792468,2,1.5889
2ec_high_off,thea,135792468,3,1.4653
2ec_high_off,thea,135792468,4,1.2854
2ec_high_off,thea,135792468,5,1.2654
2ec_high_off,thea,135792468,6,1.2844
2ec_high_off,thea,135792468,7,1.2752
2ec_high_off,thea,135792468,8,1.2558
2ec_high_off,thea,135792468,9,1.028
2ec_high_off,thea,135792468,10,1.0001
2ec_high_off,thea,135792468,11,1.1316
2ec_high_off,thea,135792468,12,1.0105
2ec_high_off,thea,135792468,13,1.0229
2ec_high_off,thea,135792468,14,1.006
2ec_high_off,thea,135792468,15,1.1082
2ec_high_off,thea,135792468,16,1.0299
2ec_high_off,thea,135792468,17,1.0179
2ec_high_off,thea,135792468,18,0.9967
2ec_high_off,thea,135792468,19,3.5989
2ec_high_off,thea,135792468,20,2.9521
2ec_high_off,thea,135792468,21,1.8408
2ec_high_off,thea,135792468,22,1.0388
2ec_high_off,thea,135792468,23,1.0282
2ec_high_off,thea,135792468,24,1.1859
2ec_high_off,thea,135792468,25,1.5362
2ec_high_off,thea,135792468,26,1.0296
2ec_high_off,thea,135792468,27,1.0243
2ec_high_off,thea,135792468,28,0.9949
2ec_high_off,thea,135792468,29,1.0817
2ec_high_off,thea,135792468,30,1.0167
2ec_high_off,thea,135792468,31,1.035
2ec_high_off,thea,135792468,32,1.0072
2ec_high_off,thea,135792468,33,1.0723
2ec_high_off,thea,135792468,34,1.1094
2ec_high_off,thea,135792468,35,1.0603
2ec_high_off,thea,135792468,36,1.0102
2ec_high_off,thea,135792468,37,1.0139
2ec_high_off,thea,135792468,38,1.0306
2ec_high_off,thea,135792468,39,1.0147
2ec_high_off,thea,135792468,40,0.9914
2ec_high_off,thea,135792468,41,0.9963
2ec_high_off,thea,135792468,42,0.9911
2ec_high_off,thea,135792468,43,1.0743
2ec_high_off,thea,135792468,44,1.1153
2ec_high_off,thea,135792468,45,1.0654
2ec_high_off,thea,135792468,46,1.1231
2ec_high_off,thea,135792468,47,1.1513
2ec_high_off,thea,135792468,48,1.004
2ec_high_off,thea,135792468,49,1.0209
2ec_high_off,thea,135792468,50,1.0044
2ec_high_off,thea,135792468,51,1.102
2ec_high_off,thea,135792468,52,1.0394
2ec_high_off,thea,135792468,53,1.0447
2ec_high_off,thea,135792468,54,1.4082
2ec_high_off,thea,135792468,55,1.1149
2ec_high_off,thea,135792468,56,1.0576
2ec_high_off,thea,135792468,57,1.0575
2ec_high_off,thea,135792468,58,1.4975
2ec_high_off,thea,135792468,59,1.1122
2ec_high_off,thea,135792468,60,1.0629
sample,thea,1123581321,1,0.8557
sample,thea,1123581321,2,0.3727
sample,thea,1123581321,3,0.618
sample,thea,1123581321,4,0.4144
sample,thea,1123581321,5,0.3589
sample,thea,1123581321,6,0.2451
sample,thea,1123581321,7,0.2387
sample,thea,1123581321,8,0.2437
sample,thea,1123581321,9,0.2382
sample,thea,1123581321,10,0.2672
sample,thea,1123581321,11,0.2451
sample,thea,1123581321,12,0.2394
sample,thea,1123581321,13,0.2397
sample,thea,1123581321,14,0.2376
sample,thea,1123581321,15,0.2805
sample,thea,1123581321,16,0.2397
sample,thea,1123581321,17,0.2399
sample,thea,1123581321,18,0.2727
sample,thea,1123581321,19,0.4153
sample,thea,1123581321,20,0.2933
sample,thea,1123581321,21,0.2619
sample,thea,1123581321,22,0.2899
sample,thea,1123581321,23,0.2447
sample,thea,1123581321,24,0.2435
sample,thea,1123581321,25,0.245
sample,thea,1123581321,26,0.2468
sample,thea,1123581321,27,0.2484
sample,thea,1123581321,28,0.2641
sample,thea,1123581321,29,0.2796
sample,thea,1123581321,30,0.257
sample,thea,1123581321,31,0.2399
sample,thea,1123581321,32,0.2423
sample,thea,1123581321,33,0.2418
sample,thea,1123581321,34,0.2463
sample,thea,1123581321,35,0.2468
sample,thea,1123581321,36,0.2418
sample,thea,1123581321,37,0.5947
sample,thea,1123581321,38,0.2671
sample,thea,1123581321,39,0.2543
sample,thea,1123581321,40,0.2512
sample,thea,1123581321,41,0.2539
sample,thea,1123581321,42,0.2407
sample,thea,1123581321,43,0.2487
sample,thea,1123581321,44,0.2576
sample,thea,1123581321,45,0.2744
sample,thea,1123581321,46,0.2424
sample,thea,1123581321,47,0.2397
sample,thea,1123581321,48,0.2464
sample,thea,1123581321,49,0.2439
sample,thea,1123581321,50,0.2411
sample,thea,1123581321,51,0.2404
sample,thea,1123581321,52,0.2413
sample,thea,1123581321,53,0.3272
sample,thea,1123581321,54,0.2634
sample,thea,1123581321,55,0.2548
sample,thea,1123581321,56,0.2489
sample,thea,1123581321,57,0.2414
sample,thea,1123581321,58,0.2981
sample,thea,1123581321,59,0.2464
sample,thea,1123581321,60,0.2913
2ec_low_on,thea,1123581321,1,2.8102
2ec_low_on,thea,1123581321,2,1.2708
2ec_low_on,thea,1123581321,3,1.1171
2ec_low_on,thea,1123581321,4,1.1119
2ec_low_on,thea,1123581321,5,1.1155
2ec_low_on,thea,1123581321,6,1.0197
2ec_low_on,thea,1123581321,7,1.0205
2ec_low_on,thea,1123581321,8,0.9849
2ec_low_on,thea,1123581321,9,1.0109
2ec_low_on,thea,1123581321,10,1.0435
2ec_low_off,thea,1123581321,1,2.0828
2ec_low_off,thea,1123581321,2,1.1104
2ec_low_off,thea,1123581321,3,1.4641
2ec_low_off,thea,1123581321,4,1.1784
2ec_low_off,thea,1123581321,5,1.1698
2ec_low_off,thea,1123581321,6,0.9805
2ec_low_off,thea,1123581321,7,0.9663
2ec_low_off,thea,1123581321,8,1.2149
2ec_low_off,thea,1123581321,9,1.0873
2ec_low_off,thea,1123581321,10,1.0198
2ec_low_off,thea,1123581321,11,0.971
2ec_high_on,thea,1123581321,1,2.7742
2ec_high_on,thea,1123581321,2,1.5122
2ec_high_on,thea,1123581321,3,1.2124
2ec_high_on,thea,1123581321,4,1.182
2ec_high_on,thea,1123581321,5,1.1688
2ec_high_on,thea,1123581321,6,1.1652
2ec_high_on,thea,1123581321,7,1.1566
2ec_high_on,thea,1123581321,8,0.9722
2ec_high_on,thea,1123581321,9,0.9554
2ec_high_off,thea,1123581321,1,2.5252
2ec_high_off,thea,1123581321,2,2.4716
2ec_high_off,thea,1123581321,3,1.3253
2ec_high_off,thea,1123581321,4,1.3368
2ec_high_off,thea,1123581321,5,1.4234
2ec_high_off,thea,1123581321,6,1.3483
2ec_high_off,thea,1123581321,7,1.3005
2ec_high_off,thea,1123581321,8,1.4269
2ec_high_off,thea,1123581321,9,1.1299
2ec_high_off,thea,1123581321,10,1.0621
2ec_high_off,thea,1123581321,11,1.0744
2ec_high_off,thea,1123581321,12,1.0298
2ec_high_off,thea,1123581321,13,1.1094
2ec_high_off,thea,1123581321,14,1.1078
2ec_high_off,thea,1123581321,15,1.0684
2ec_high_off,thea,1123581321,16,1.0403
2ec_high_off,thea,1123581321,17,1.5391
2ec_high_off,thea,1123581321,18,1.0905
2ec_high_off,thea,1123581321,19,1.0793
2ec_high_off,thea,1123581321,20,1.0615
2ec_high_off,thea,1123581321,21,1.1493
2ec_high_off,thea,1123581321,22,1.0314
2ec_high_off,thea,1123581321,23,1.0366
2ec_high_off,thea,1123581321,24,1.02
2ec_high_off,thea,1123581321,25,1.5467
2ec_high_off,thea,1123581321,26,1.595
2ec_high_off,thea,1123581321,27,1.8932
2ec_high_off,thea,1123581321,28,1.0862
2ec_high_off,thea,1123581321,29,1.468
2ec_high_off,thea,1123581321,30,1.1015
2ec_high_off,thea,1123581321,31,1.101
2ec_high_off,thea,1123581321,32,1.729
2ec_high_off,thea,1123581321,33,1.257
2ec_high_off,thea,1123581321,34,1.0739
2ec_high_off,thea,1123581321,35,1.069
2ec_high_off,thea,1123581321,36,1.1085
2ec_high_off,thea,1123581321,37,1.0669
2ec_high_off,thea,1123581321,38,1.0854
2ec_high_off,thea,1123581321,39,1.0905
2ec_high_off,thea,1123581321,40,1.0574
2ec_high_off,thea,1123581321,41,1.0812
2ec_high_off,thea,1123581321,42,1.0457
2ec_high_off,thea,1123581321,43,1.1319
2ec_high_off,thea,1123581321,44,1.0603
2ec_high_off,thea,1123581321,45,1.0815
2ec_high_off,thea,1123581321,46,1.0484
2ec_high_off,thea,1123581321,47,1.0654
2ec_high_off,thea,1123581321,48,1.1544
2ec_high_off,thea,1123581321,49,1.0983
2ec_high_off,thea,1123581321,50,1.0737
2ec_high_off,thea,1123581321,51,1.0933
2ec_high_off,thea,1123581321,52,1.8573
2ec_high_off,thea,1123581321,53,1.6893
2ec_high_off,thea,1123581321,54,2.2512
2ec_high_off,thea,1123581321,55,1.2022
2ec_high_off,thea,1123581321,56,2.0918
2ec_high_off,thea,1123581321,57,2.346
2ec_high_off,thea,1123581321,58,1.1684
2ec_high_off,thea,1123581321,59,1.305
2ec_high_off,thea,1123581321,60,1.1726
sample,thea,314159265,1,1.1074
sample,thea,314159265,2,0.3955
sample,thea,314159265,3,0.3232
sample,thea,314159265,4,0.3134
sample,thea,314159265,5,0.3222
sample,thea,314159265,6,0.3378
sample,thea,314159265,7,0.3371
sample,thea,314159265,8,0.3924
sample,thea,314159265,9,0.7061
sample,thea,314159265,10,0.7164
sample,thea,314159265,11,0.7918
sample,thea,314159265,12,0.4491
sample,thea,314159265,13,0.3899
sample,thea,314159265,14,0.3265
sample,thea,314159265,15,1.5962
sample,thea,314159265,16,0.5027
sample,thea,314159265,17,0.7672
sample,thea,314159265,18,0.6978
sample,thea,314159265,19,0.6698
sample,thea,314159265,20,0.6557
sample,thea,314159265,21,0.3526
sample,thea,314159265,22,0.4398
sample,thea,314159265,23,0.5824
sample,thea,314159265,24,0.6705
sample,thea,314159265,25,0.3965
sample,thea,314159265,26,0.841
sample,thea,314159265,27,0.3779
sample,thea,314159265,28,0.3523
sample,thea,314159265,29,0.6604
sample,thea,314159265,30,0.7872
sample,thea,314159265,31,0.7384
sample,thea,314159265,32,0.707
sample,thea,314159265,33,0.8887
sample,thea,314159265,34,0.7071
sample,thea,314159265,35,0.679
sample,thea,314159265,36,0.6378
sample,thea,314159265,37,0.6109
sample,thea,314159265,38,0.7805
sample,thea,314159265,39,0.7309
sample,thea,314159265,40,0.6492
sample,thea,314159265,41,0.6544
sample,thea,314159265,42,0.638
sample,thea,314159265,43,0.8385
sample,thea,314159265,44,0.7273
sample,thea,314159265,45,0.734
sample,thea,314159265,46,0.7287
sample,thea,314159265,47,0.7501
sample,thea,314159265,48,0.6281
sample,thea,314159265,49,0.7091
sample,thea,314159265,50,0.409
sample,thea,314159265,51,0.3833
sample,thea,314159265,52,0.3226
sample,thea,314159265,53,0.3422
sample,thea,314159265,54,0.3141
sample,thea,314159265,55,0.3225
sample,thea,314159265,56,0.3234
sample,thea,314159265,57,0.333
sample,thea,314159265,58,0.3891
sample,thea,314159265,59,0.3316
sample,thea,314159265,60,0.3048
2ec_low_on,thea,314159265,1,8.2329
2ec_low_on,thea,314159265,2,2.1086
2ec_low_on,thea,314159265,3,1.909
2ec_low_on,thea,314159265,4,1.6548
2ec_low_on,thea,314159265,5,2.8872
2ec_low_on,thea,314159265,6,1.6983
2ec_low_on,thea,314159265,7,1.6561
2ec_low_on,thea,314159265,8,1.7845
2ec_low_on,thea,314159265,9,2.4117
2ec_low_on,thea,314159265,10,3.2372
2ec_low_off,thea,314159265,1,3.1904
2ec_low_off,thea,314159265,2,1.5779
2ec_low_off,thea,314159265,3,1.4558
2ec_low_off,thea,314159265,4,1.5938
2ec_low_off,thea,314159265,5,1.3086
2ec_low_off,thea,314159265,6,1.3356
2ec_low_off,thea,314159265,7,1.3045
2ec_low_off,thea,314159265,8,1.3357
2ec_low_off,thea,314159265,9,1.2816
2ec_high_on,thea,314159265,1,4.6196
2ec_high_on,thea,314159265,2,2.8461
2ec_high_on,thea,314159265,3,1.6242
2ec_high_on,thea,314159265,4,1.3955
2ec_high_on,thea,314159265,5,1.3421
2ec_high_on,thea,314159265,6,2.0786
2ec_high_on,thea,314159265,7,1.4895
2ec_high_on,thea,314159265,8,1.1957
2ec_high_on,thea,314159265,9,1.1675
2ec_high_off,thea,314159265,1,2.7943
2ec_high_off,thea,314159265,2,1.561
2ec_high_off,thea,314159265,3,1.5274
2ec_high_off,thea,314159265,4,2.87
2ec_high_off,thea,314159265,5,1.8444
2ec_high_off,thea,314159265,6,1.5035
2ec_high_off,thea,314159265,7,1.4186
2ec_high_off,thea,314159265,8,1.3698
2ec_high_off,thea,314159265,9,1.1367
2ec_high_off,thea,314159265,10,1.1102
2ec_high_off,thea,314159265,11,1.1738
2ec_high_off,thea,314159265,12,1.3443
2ec_high_off,thea,314159265,13,1.2107
2ec_high_off,thea,314159265,14,1.1453
2ec_high_off,thea,314159265,15,1.2115
2ec_high_off,thea,314159265,16,1.1285
2ec_high_off,thea,314159265,17,1.206
2ec_high_off,thea,314159265,18,1.1367
2ec_high_off,thea,314159265,19,2.9426
2ec_high_off,thea,314159265,20,1.355
2ec_high_off,thea,314159265,21,1.2689
2ec_high_off,thea,314159265,22,1.1384
2ec_high_off,thea,314159265,23,1.1643
2ec_high_off,thea,314159265,24,1.1369
2ec_high_off,thea,314159265,25,1.22
2ec_high_off,thea,314159265,26,2.7291
2ec_high_off,thea,314159265,27,1.2428
2ec_high_off,thea,314159265,28,1.2092
2ec_high_off,thea,314159265,29,2.6332
2ec_high_off,thea,314159265,30,2.2344
2ec_high_off,thea,314159265,31,1.3772
2ec_high_off,thea,314159265,32,1.3133
2ec_high_off,thea,314159265,33,1.2395
2ec_high_off,thea,314159265,34,1.5985
2ec_high_off,thea,314159265,35,1.2306
2ec_high_off,thea,314159265,36,1.6615
2ec_high_off,thea,314159265,37,1.234
2ec_high_off,thea,314159265,38,1.2219
2ec_high_off,thea,314159265,39,1.2817
2ec_high_off,thea,314159265,40,1.2414
2ec_high_off,thea,314159265,41,1.3556
2ec_high_off,thea,314159265,42,1.1885
2ec_high_off,thea,314159265,43,1.7373
2ec_high_off,thea,314159265,44,1.2286
2ec_high_off,thea,314159265,45,1.2811
2ec_high_off,thea,314159265,46,1.2132
2ec_high_off,thea,314159265,47,1.3003
2ec_high_off,thea,314159265,48,1.5057
2ec_high_off,thea,314159265,49,2.5011
2ec_high_off,thea,314159265,50,2.0005
2ec_high_off,thea,314159265,51,1.3827
2ec_high_off,thea,314159265,52,1.2416
2ec_high_off,thea,314159265,53,3.6007
2ec_high_off,thea,314159265,54,1.7652
2ec_high_off,thea,314159265,55,1.3441
2ec_high_off,thea,314159265,56,1.2325
2ec_high_off,thea,314159265,57,2.1232
2ec_high_off,thea,314159265,58,1.2304
2ec_high_off,thea,314159265,59,2.3247
2ec_high_off,thea,314159265,60,1.6083
sample,thea,271828182,1,1.1137
sample,thea,271828182,2,0.8041
sample,thea,271828182,3,0.3594
sample,thea,271828182,4,0.3236
sample,thea,271828182,5,0.318
sample,thea,271828182,6,0.2971
sample,thea,271828182,7,0.3221
sample,thea,271828182,8,0.3171
sample,thea,271828182,9,0.9337
sample,thea,271828182,10,0.8623
sample,thea,271828182,11,0.7457
sample,thea,271828182,12,0.6596
sample,thea,271828182,13,0.6604
sample,thea,271828182,14,0.6043
sample,thea,271828182,15,0.8397
sample,thea,271828182,16,0.6882
sample,thea,271828182,17,0.7576
sample,thea,271828182,18,0.3653
sample,thea,271828182,19,0.6579
sample,thea,271828182,20,0.3483
sample,thea,271828182,21,0.325
sample,thea,271828182,22,0.345
sample,thea,271828182,23,0.361
sample,thea,271828182,24,0.3302
sample,thea,271828182,25,0.4643
sample,thea,271828182,26,0.7197
sample,thea,271828182,27,0.4374
sample,thea,271828182,28,0.3143
sample,thea,271828182,29,0.3214
sample,thea,271828182,30,0.3021
sample,thea,271828182,31,0.3628
sample,thea,271828182,32,0.304
sample,thea,271828182,33,0.3359
sample,thea,271828182,34,0.2893
sample,thea,271828182,35,0.3287
sample,thea,271828182,36,0.3071
sample,thea,271828182,37,0.337
sample,thea,271828182,38,0.3364
sample,thea,271828182,39,0.3159
sample,thea,271828182,40,0.3344
sample,thea,271828182,41,0.3186
sample,thea,271828182,42,1.3979
sample,thea,271828182,43,1.3409
sample,thea,271828182,44,0.4317
sample,thea,271828182,45,0.403
sample,thea,271828182,46,0.374
sample,thea,271828182,47,0.3296
sample,thea,271828182,48,0.3663
sample,thea,271828182,49,0.3817
sample,thea,271828182,50,0.3377
sample,thea,271828182,51,0.3835
sample,thea,271828182,52,0.3137
sample,thea,271828182,53,0.964
sample,thea,271828182,54,0.4041
sample,thea,271828182,55,0.4889
sample,thea,271828182,56,0.3162
sample,thea,271828182,57,0.3996
sample,thea,271828182,58,0.3237
sample,thea,271828182,59,0.3832
sample,thea,271828182,60,0.7412
2ec_low_on,thea,271828182,1,4.0555
2ec_low_on,thea,271828182,2,1.8714
2ec_low_on,thea,271828182,3,2.9988
2ec_low_on,thea,271828182,4,1.7113
2ec_low_on,thea,271828182,5,1.525
2ec_low_on,thea,271828182,6,2.6278
2ec_low_on,thea,271828182,7,3.8316
2ec_low_on,thea,271828182,8,2.6757
2ec_low_on,thea,271828182,9,1.7899
2ec_low_on,thea,271828182,10,1.5164
2ec_low_off,thea,271828182,1,4.1677
2ec_low_off,thea,271828182,2,6.7111
2ec_low_off,thea,271828182,3,1.995
2ec_low_off,thea,271828182,4,2.0921
2ec_low_off,thea,271828182,5,2.9082
2ec_low_off,thea,271828182,6,1.769
2ec_low_off,thea,271828182,7,1.67
2ec_low_off,thea,271828182,8,1.5575
2ec_low_off,thea,271828182,9,2.8605
2ec_high_on,thea,271828182,1,3.858
2ec_high_on,thea,271828182,2,2.098
2ec_high_on,thea,271828182,3,1.7029
2ec_high_on,thea,271828182,4,2.255
2ec_high_on,thea,271828182,5,1.7597
2ec_high_on,thea,271828182,6,1.7027
2ec_high_on,thea,271828182,7,1.692
2ec_high_on,thea,271828182,8,1.764
2ec_high_on,thea,271828182,9,1.7974
2ec_high_on,thea,271828182,10,2.6249
2ec_high_off,thea,271828182,1,5.6454
2ec_high_off,thea,271828182,2,1.8313
2ec_high_off,thea,271828182,3,1.5501
2ec_high_off,thea,271828182,4,3.9057
2ec_high_off,thea,271828182,5,3.5772
2ec_high_off,thea,271828182,6,1.8991
2ec_high_off,thea,271828182,7,3.172
2ec_high_off,thea,271828182,8,3.6285
2ec_high_off,thea,271828182,9,2.3403
2ec_high_off,thea,271828182,10,1.2897
2ec_high_off,thea,271828182,11,1.1292
2ec_high_off,thea,271828182,12,1.2762
2ec_high_off,thea,271828182,13,1.1941
2ec_high_off,thea,271828182,14,1.2376
2ec_high_off,thea,271828182,15,5.8176
2ec_high_off,thea,271828182,16,1.186
2ec_high_off,thea,271828182,17,1.0819
2ec_high_off,thea,271828182,18,1.0339
2ec_high_off,thea,271828182,19,1.0606
2ec_high_off,thea,271828182,20,1.0518
2ec_high_off,thea,271828182,21,1.0519
2ec_high_off,thea,271828182,22,1.0365
2ec_high_off,thea,271828182,23,1.0534
2ec_high_off,thea,271828182,24,1.0995
2ec_high_off,thea,271828182,25,1.11
2ec_high_off,thea,271828182,26,1.0699
2ec_high_off,thea,271828182,27,1.089
2ec_high_off,thea,271828182,28,1.0276
2ec_high_off,thea,271828182,29,1.0854
2ec_high_off,thea,271828182,30,1.0507
2ec_high_off,thea,271828182,31,1.0986
2ec_high_off,thea,271828182,32,1.6148
2ec_high_off,thea,271828182,33,1.1862
2ec_high_off,thea,271828182,34,1.082
2ec_high_off,thea,271828182,35,1.0684
2ec_high_off,thea,271828182,36,1.0849
2ec_high_off,thea,271828182,37,1.1021
2ec_high_off,thea,271828182,38,1.1168
2ec_high_off,thea,271828182,39,1.0476
2ec_high_off,thea,271828182,40,1.0308
2ec_high_off,thea,271828182,41,1.0553
2ec_high_off,thea,271828182,42,1.0267
2ec_high_off,thea,271828182,43,1.0979
2ec_high_off,thea,271828182,44,1.0497
2ec_high_off,thea,271828182,45,1.1004
2ec_high_off,thea,271828182,46,1.0739
2ec_high_off,thea,271828182,47,1.1469
2ec_high_off,thea,271828182,48,1.1754
2ec_high_off,thea,271828182,49,1.1858
2ec_high_off,thea,271828182,50,1.1531
2ec_high_off,thea,271828182,51,1.0621
2ec_high_off,thea,271828182,52,1.0521
2ec_high_off,thea,271828182,53,1.1265
2ec_high_off,thea,271828182,54,1.095
2ec_high_off,thea,271828182,55,1.171
2ec_high_off,thea,271828182,56,1.2276
2ec_high_off,thea,271828182,57,1.1772
2ec_high_off,thea,271828182,58,1.2167
2ec_high_off,thea,271828182,59,1.6705
2ec_high_off,thea,271828182,60,1.1284
sample,thea,161803398,1,0.8229
sample,thea,161803398,2,0.2806
sample,thea,161803398,3,0.2341
sample,thea,161803398,4,0.2275
sample,thea,161803398,5,0.2427
sample,thea,161803398,6,0.2232
sample,thea,161803398,7,0.228
sample,thea,161803398,8,0.2339
sample,thea,161803398,9,0.3604
sample,thea,161803398,10,0.254
sample,thea,161803398,11,0.3012
sample,thea,161803398,12,0.2769
sample,thea,161803398,13,0.2422
sample,thea,161803398,14,0.2318
sample,thea,161803398,15,0.2388
sample,thea,161803398,16,0.2341
sample,thea,161803398,17,0.2458
sample,thea,161803398,18,0.2357
sample,thea,161803398,19,0.2331
sample,thea,161803398,20,0.2259
sample,thea,161803398,21,0.2312
sample,thea,161803398,22,0.2445
sample,thea,161803398,23,0.2498
sample,thea,161803398,24,0.2293
sample,thea,161803398,25,0.2367
sample,thea,161803398,26,0.23
sample,thea,161803398,27,0.2326
sample,thea,161803398,28,0.286
sample,thea,161803398,29,0.2724
sample,thea,161803398,30,0.2588
sample,thea,161803398,31,0.2596
sample,thea,161803398,32,0.2699
sample,thea,161803398,33,0.2444
sample,thea,161803398,34,0.2477
sample,thea,161803398,35,0.2337
sample,thea,161803398,36,0.2237
sample,thea,161803398,37,0.2262
sample,thea,161803398,38,0.2231
sample,thea,161803398,39,0.2258
sample,thea,161803398,40,0.2172
sample,thea,161803398,41,0.2279
sample,thea,161803398,42,0.2132
sample,thea,161803398,43,0.2213
sample,thea,161803398,44,0.2187
sample,thea,161803398,45,0.3527
sample,thea,161803398,46,0.241
sample,thea,161803398,47,0.2599
sample,thea,161803398,48,0.2539
sample,thea,161803398,49,0.2444
sample,thea,161803398,50,0.2403
sample,thea,161803398,51,0.2436
sample,thea,161803398,52,0.2431
sample,thea,161803398,53,0.2539
sample,thea,161803398,54,0.2496
sample,thea,161803398,55,0.249
sample,thea,161803398,56,0.2542
sample,thea,161803398,57,0.2543
sample,thea,161803398,58,0.2454
sample,thea,161803398,59,0.2419
sample,thea,161803398,60,0.2301
2ec_low_on,thea,161803398,1,3.0809
2ec_low_on,thea,161803398,2,1.424
2ec_low_on,thea,161803398,3,1.2845
2ec_low_on,thea,161803398,4,1.259
2ec_low_on,thea,161803398,5,1.1463
2ec_low_on,thea,161803398,6,1.1396
2ec_low_on,thea,161803398,7,1.1362
2ec_low_on,thea,161803398,8,1.1308
2ec_low_on,thea,161803398,9,1.1212
2ec_low_on,thea,161803398,10,1.3306
2ec_low_off,thea,161803398,1,5.9205
2ec_low_off,thea,161803398,2,1.734
2ec_low_off,thea,161803398,3,1.6217
2ec_low_off,thea,161803398,4,1.1138
2ec_low_off,thea,161803398,5,1.0636
2ec_low_off,thea,161803398,6,1.6348
2ec_low_off,thea,161803398,7,1.4045
2ec_high_on,thea,161803398,1,5.7694
2ec_high_on,thea,161803398,2,1.8959
2ec_high_on,thea,161803398,3,1.5363
2ec_high_on,thea,161803398,4,1.5326
2ec_high_on,thea,161803398,5,1.4574
2ec_high_on,thea,161803398,6,2.0529
2ec_high_on,thea,161803398,7,1.4895
2ec_high_on,thea,161803398,8,1.4569
2ec_high_on,thea,161803398,9,1.4344
2ec_high_on,thea,161803398,10,1.4468
2ec_high_off,thea,161803398,1,3.298
2ec_high_off,thea,161803398,2,1.7179
2ec_high_off,thea,161803398,3,1.5194
2ec_high_off,thea,161803398,4,1.5246
2ec_high_off,thea,161803398,5,1.5194
2ec_high_off,thea,161803398,6,1.8512
2ec_high_off,thea,161803398,7,3.134
2ec_high_off,thea,161803398,8,1.6451
2ec_high_off,thea,161803398,9,1.5255
2ec_high_off,thea,161803398,10,1.3423
2ec_high_off,thea,161803398,11,1.3168
2ec_high_off,thea,161803398,12,1.2432
2ec_high_off,thea,161803398,13,1.2136
2ec_high_off,thea,161803398,14,1.3016
2ec_high_off,thea,161803398,15,1.2479
2ec_high_off,thea,161803398,16,1.1816
2ec_high_off,thea,161803398,17,1.2444
2ec_high_off,thea,161803398,18,2.9064
2ec_high_off,thea,161803398,19,1.8742
2ec_high_off,thea,161803398,20,1.2631
2ec_high_off,thea,161803398,21,1.239
2ec_high_off,thea,161803398,22,1.1936
2ec_high_off,thea,161803398,23,1.3338
2ec_high_off,thea,161803398,24,1.4165
2ec_high_off,thea,161803398,25,1.1977
2ec_high_off,thea,161803398,26,1.577
2ec_high_off,thea,161803398,27,1.2409
2ec_high_off,thea,161803398,28,1.2906
2ec_high_off,thea,161803398,29,1.2844
2ec_high_off,thea,161803398,30,1.2341
2ec_high_off,thea,161803398,31,1.2132
2ec_high_off,thea,161803398,32,1.2191
2ec_high_off,thea,161803398,33,1.2965
2ec_high_off,thea,161803398,34,1.2329
2ec_high_off,thea,161803398,35,1.2003
2ec_high_off,thea,161803398,36,1.1873
2ec_high_off,thea,161803398,37,1.2557
2ec_high_off,thea,161803398,38,1.4741
2ec_high_off,thea,161803398,39,1.3941
2ec_high_off,thea,161803398,40,1.4678
2ec_high_off,thea,161803398,41,1.2612
2ec_high_off,thea,161803398,42,1.1682
2ec_high_off,thea,161803398,43,1.1992
2ec_high_off,thea,161803398,44,1.1885
2ec_high_off,thea,161803398,45,1.2303
2ec_high_off,thea,161803398,46,1.3672
2ec_high_off,thea,161803398,47,1.2206
2ec_high_off,thea,161803398,48,1.1729
2ec_high_off,thea,161803398,49,1.1904
2ec_high_off,thea,161803398,50,1.166
2ec_high_off,thea,161803398,51,1.1822
2ec_high_off,thea,161803398,52,1.2212
2ec_high_off,thea,161803398,53,1.4493
2ec_high_off,thea,161803398,54,1.2986
2ec_high_off,thea,161803398,55,1.9878
2ec_high_off,thea,161803398,56,1.288
2ec_high_off,thea,161803398,57,1.2034
2ec_high_off,thea,161803398,58,1.6738
2ec_high_off,thea,161803398,59,2.396
2ec_high_off,thea,161803398,60,1.2559
sample,thea,141421356,1,1.0413
sample,thea,141421356,2,0.5888
sample,thea,141421356,3,0.4984
sample,thea,141421356,4,1.2405
sample,thea,141421356,5,0.3809
sample,thea,141421356,6,0.3125
sample,thea,141421356,7,0.2915
sample,thea,141421356,8,0.2865
sample,thea,141421356,9,0.2899
sample,thea,141421356,10,0.339
sample,thea,141421356,11,0.2954
sample,thea,141421356,12,0.2917
sample,thea,141421356,13,0.2886
sample,thea,141421356,14,0.4042
sample,thea,141421356,15,0.4128
sample,thea,141421356,16,0.3062
sample,thea,141421356,17,0.3309
sample,thea,141421356,18,0.3049
sample,thea,141421356,19,0.3069
sample,thea,141421356,20,0.3446
sample,thea,141421356,21,0.3092
sample,thea,141421356,22,0.3632
sample,thea,141421356,23,0.3254
sample,thea,141421356,24,0.3009
sample,thea,141421356,25,0.2976
sample,thea,141421356,26,0.2995
sample,thea,141421356,27,0.2953
sample,thea,141421356,28,0.2956
sample,thea,141421356,29,0.3392
sample,thea,141421356,30,0.3305
sample,thea,141421356,31,0.3681
sample,thea,141421356,32,0.301
sample,thea,141421356,33,0.3206
sample,thea,141421356,34,0.3316
sample,thea,141421356,35,0.3092
sample,thea,141421356,36,0.3264
sample,thea,141421356,37,0.3172
sample,thea,141421356,38,0.2988
sample,thea,141421356,39,0.3212
sample,thea,141421356,40,0.306
sample,thea,141421356,41,0.2976
sample,thea,141421356,42,0.3115
sample,thea,141421356,43,0.2984
sample,thea,141421356,44,0.2935
sample,thea,141421356,45,0.307
sample,thea,141421356,46,0.2864
sample,thea,141421356,47,0.4075
sample,thea,141421356,48,0.4258
sample,thea,141421356,49,0.31
sample,thea,141421356,50,0.3022
sample,thea,141421356,51,0.332
sample,thea,141421356,52,0.4017
sample,thea,141421356,53,0.2913
sample,thea,141421356,54,0.3204
sample,thea,141421356,55,0.5143
sample,thea,141421356,56,0.3336
sample,thea,141421356,57,0.3204
sample,thea,141421356,58,0.3914
sample,thea,141421356,59,0.2977
sample,thea,141421356,60,0.4101
2ec_low_on,thea,141421356,1,4.1988
2ec_low_on,thea,141421356,2,2.0032
2ec_low_on,thea,141421356,3,1.4752
2ec_low_on,thea,141421356,4,1.2189
2ec_low_on,thea,141421356,5,1.4064
2ec_low_on,thea,141421356,6,1.3502
2ec_low_on,thea,141421356,7,1.2144
2ec_low_on,thea,141421356,8,1.3998
2ec_low_on,thea,141421356,9,1.3362
2ec_low_on,thea,141421356,10,1.3444
2ec_low_on,thea,141421356,11,1.2527
2ec_low_on,thea,141421356,12,1.2161
2ec_low_on,thea,141421356,13,1.2168
2ec_low_on,thea,141421356,14,1.2379
2ec_low_off,thea,141421356,1,3.0751
2ec_low_off,thea,141421356,2,1.3336
2ec_low_off,thea,141421356,3,2.3984
2ec_low_off,thea,141421356,4,2.8889
2ec_low_off,thea,141421356,5,2.0787
2ec_low_off,thea,141421356,6,1.915
2ec_low_off,thea,141421356,7,1.1383
2ec_low_off,thea,141421356,8,1.2438
2ec_low_off,thea,141421356,9,1.1159
2ec_low_off,thea,141421356,10,1.0252
2ec_high_on,thea,141421356,1,2.7634
2ec_high_on,thea,141421356,2,1.4847
2ec_high_on,thea,141421356,3,1.2293
2ec_high_on,thea,141421356,4,1.2317
2ec_high_on,thea,141421356,5,1.3126
2ec_high_on,thea,141421356,6,1.2108
2ec_high_on,thea,141421356,7,1.1813
2ec_high_on,thea,141421356,8,1.2211
2ec_high_off,thea,141421356,1,2.3203
2ec_high_off,thea,141421356,2,1.3027
2ec_high_off,thea,141421356,3,1.1592
2ec_high_off,thea,141421356,4,1.1789
2ec_high_off,thea,141421356,5,1.0599
2ec_high_off,thea,141421356,6,0.9528
2ec_high_off,thea,141421356,7,0.9476
2ec_high_off,thea,141421356,8,0.9475
2ec_high_off,thea,141421356,9,0.8687
2ec_high_off,thea,141421356,10,0.811
2ec_high_off,thea,141421356,11,0.8126
2ec_high_off,thea,141421356,12,0.8405
2ec_high_off,thea,141421356,13,1.2326
2ec_high_off,thea,141421356,14,0.8138
2ec_high_off,thea,141421356,15,0.8089
2ec_high_off,thea,141421356,16,0.795
2ec_high_off,thea,141421356,17,0.813
2ec_high_off,thea,141421356,18,0.8718
2ec_high_off,thea,141421356,19,0.8618
2ec_high_off,thea,141421356,20,0.8874
2ec_high_off,thea,141421356,21,0.8442
2ec_high_off,thea,141421356,22,0.8155
2ec_high_off,thea,141421356,23,0.8567
2ec_high_off,thea,141421356,24,0.8192
2ec_high_off,thea,141421356,25,0.8062
2ec_high_off,thea,141421356,26,0.788
2ec_high_off,thea,141421356,27,0.8421
2ec_high_off,thea,141421356,28,0.8721
2ec_high_off,thea,141421356,29,0.9385
2ec_high_off,thea,141421356,30,0.8987
2ec_high_off,thea,141421356,31,0.8756
2ec_high_off,thea,141421356,32,0.8652
2ec_high_off,thea,141421356,33,0.8602
2ec_high_off,thea,141421356,34,0.8634
2ec_high_off,thea,141421356,35,0.8713
2ec_high_off,thea,141421356,36,0.8662
2ec_high_off,thea,141421356,37,2.531
2ec_high_off,thea,141421356,38,1.7287
2ec_high_off,thea,141421356,39,0.9633
2ec_high_off,thea,141421356,40,0.8934
2ec_high_off,thea,141421356,41,0.8672
2ec_high_off,thea,141421356,42,0.8655
2ec_high_off,thea,141421356,43,0.8706
2ec_high_off,thea,141421356,44,0.8658
2ec_high_off,thea,141421356,45,0.8735
2ec_high_off,thea,141421356,46,0.8603
2ec_high_off,thea,141421356,47,0.8542
2ec_high_off,thea,141421356,48,0.8755
2ec_high_off,thea,141421356,49,0.8767
2ec_high_off,thea,141421356,50,0.8568
2ec_high_off,thea,141421356,51,0.8547
2ec_high_off,thea,141421356,52,0.8949
2ec_high_off,thea,141421356,53,0.8697
2ec_high_off,thea,141421356,54,0.8708
2ec_high_off,thea,141421356,55,0.8611
2ec_high_off,thea,141421356,56,0.8604
2ec_high_off,thea,141421356,57,1.0344
2ec_high_off,thea,141421356,58,0.9707
2ec_high_off,thea,141421356,59,0.913
2ec_high_off,thea,141421356,60,0.8727
sample,thea,173205080,1,0.8539
sample,thea,173205080,2,0.2876
sample,thea,173205080,3,0.2567
sample,thea,173205080,4,0.2765
sample,thea,173205080,5,0.2847
sample,thea,173205080,6,0.2596
sample,thea,173205080,7,0.2407
sample,thea,173205080,8,0.2523
sample,thea,173205080,9,0.4057
sample,thea,173205080,10,0.279
sample,thea,173205080,11,0.2672
sample,thea,173205080,12,0.2541
sample,thea,173205080,13,0.2504
sample,thea,173205080,14,0.2423
sample,thea,173205080,15,0.2864
sample,thea,173205080,16,0.2562
sample,thea,173205080,17,0.2714
sample,thea,173205080,18,0.2461
sample,thea,173205080,19,0.2477
sample,thea,173205080,20,0.2474
sample,thea,173205080,21,0.2453
sample,thea,173205080,22,0.2882
sample,thea,173205080,23,0.2474
sample,thea,173205080,24,0.2464
sample,thea,173205080,25,0.2423
sample,thea,173205080,26,0.2419
sample,thea,173205080,27,0.2388
sample,thea,173205080,28,0.2474
sample,thea,173205080,29,0.2945
sample,thea,173205080,30,0.2537
sample,thea,173205080,31,0.2425
sample,thea,173205080,32,0.256
sample,thea,173205080,33,0.2391
sample,thea,173205080,34,0.2495
sample,thea,173205080,35,0.2454
sample,thea,173205080,36,0.2355
sample,thea,173205080,37,0.2423
sample,thea,173205080,38,0.2527
sample,thea,173205080,39,0.3237
sample,thea,173205080,40,0.2639
sample,thea,173205080,41,0.3238
sample,thea,173205080,42,0.2647
sample,thea,173205080,43,0.2551
sample,thea,173205080,44,0.6136
sample,thea,173205080,45,0.4139
sample,thea,173205080,46,0.2897
sample,thea,173205080,47,0.3173
sample,thea,173205080,48,0.2683
sample,thea,173205080,49,0.2512
sample,thea,173205080,50,0.2478
sample,thea,173205080,51,0.2463
sample,thea,173205080,52,0.2393
sample,thea,173205080,53,0.2428
sample,thea,173205080,54,0.2427
sample,thea,173205080,55,0.2589
sample,thea,173205080,56,0.2425
sample,thea,173205080,57,0.2436
sample,thea,173205080,58,0.297
sample,thea,173205080,59,0.2702
sample,thea,173205080,60,0.252
2ec_low_on,thea,173205080,1,2.7078
2ec_low_on,thea,173205080,2,1.1677
2ec_low_on,thea,173205080,3,1.156
2ec_low_on,thea,173205080,4,1.1771
2ec_low_on,thea,173205080,5,1.0779
2ec_low_on,thea,173205080,6,1.0968
2ec_low_on,thea,173205080,7,1.0343
2ec_low_on,thea,173205080,8,1.0442
2ec_low_on,thea,173205080,9,1.0586
2ec_low_on,thea,173205080,10,1.1454
2ec_low_on,thea,173205080,11,1.1658
2ec_low_on,thea,173205080,12,1.0444
2ec_low_on,thea,173205080,13,1.0387
2ec_low_on,thea,173205080,14,1.0368
2ec_low_off,thea,173205080,1,4.6762
2ec_low_off,thea,173205080,2,2.4827
2ec_low_off,thea,173205080,3,2.4108
2ec_low_off,thea,173205080,4,1.2923
2ec_low_off,thea,173205080,5,1.1231
2ec_low_off,thea,173205080,6,1.1021
2ec_low_off,thea,173205080,7,1.2336
2ec_low_off,thea,173205080,8,1.1294
2ec_low_off,thea,173205080,9,1.0787
2ec_high_on,thea,173205080,1,5.7784
2ec_high_on,thea,173205080,2,1.9925
2ec_high_on,thea,173205080,3,2.1462
2ec_high_on,thea,173205080,4,1.785
2ec_high_on,thea,173205080,5,1.6397
2ec_high_on,thea,173205080,6,1.6054
2ec_high_on,thea,173205080,7,1.614
2ec_high_on,thea,173205080,8,5.419
2ec_high_on,thea,173205080,9,3.9008
2ec_high_on,thea,173205080,10,4.2941
2ec_high_off,thea,173205080,1,13.4892
2ec_high_off,thea,173205080,2,7.3002
2ec_high_off,thea,173205080,3,4.4378
2ec_high_off,thea,173205080,4,4.3874
2ec_high_off,thea,173205080,5,4.5049
2ec_high_off,thea,173205080,6,5.109
2ec_high_off,thea,173205080,7,3.8417
2ec_high_off,thea,173205080,8,5.3946
2ec_high_off,thea,173205080,9,3.3736
2ec_high_off,thea,173205080,10,2.9357
2ec_high_off,thea,173205080,11,3.2895
2ec_high_off,thea,173205080,12,6.183
2ec_high_off,thea,173205080,13,5.1809
2ec_high_off,thea,173205080,14,2.3777
2ec_high_off,thea,173205080,15,3.9329
2ec_high_off,thea,173205080,16,3.2592
2ec_high_off,thea,173205080,17,3.4124
2ec_high_off,thea,173205080,18,3.4207
2ec_high_off,thea,173205080,19,3.6775
2ec_high_off,thea,173205080,20,3.2385
2ec_high_off,thea,173205080,21,4.0947
2ec_high_off,thea,173205080,22,3.7039
2ec_high_off,thea,173205080,23,4.0822
2ec_high_off,thea,173205080,24,3.5672
2ec_high_off,thea,173205080,25,2.1558
2ec_high_off,thea,173205080,26,3.2015
2ec_high_off,thea,173205080,27,1.6833
2ec_high_off,thea,173205080,28,2.6831
2ec_high_off,thea,173205080,29,5.4047
2ec_high_off,thea,173205080,30,3.3261
2ec_high_off,thea,173205080,31,5.3726
2ec_high_off,thea,173205080,32,3.6517
2ec_high_off,thea,173205080,33,14.1782
2ec_high_off,thea,173205080,34,4.6499
2ec_high_off,thea,173205080,35,3.8679
2ec_high_off,thea,173205080,36,3.7326
2ec_high_off,thea,173205080,37,3.6995
2ec_high_off,thea,173205080,38,3.7557
2ec_high_off,thea,173205080,39,3.1911
2ec_high_off,thea,173205080,40,5.4125
2ec_high_off,thea,173205080,41,4.4329
2ec_high_off,thea,173205080,42,2.1083
2ec_high_off,thea,173205080,43,4.273
2ec_high_off,thea,173205080,44,3.352
2ec_high_off,thea,173205080,45,3.6637
2ec_high_off,thea,173205080,46,4.0257
2ec_high_off,thea,173205080,47,3.8365
2ec_high_off,thea,173205080,48,3.3222
2ec_high_off,thea,173205080,49,3.4643
2ec_high_off,thea,173205080,50,2.3815
2ec_high_off,thea,173205080,51,2.3847
2ec_high_off,thea,173205080,52,4.2376
2ec_high_off,thea,173205080,53,3.9227
2ec_high_off,thea,173205080,54,3.2763
2ec_high_off,thea,173205080,55,1.7349
2ec_high_off,thea,173205080,56,1.7356
2ec_high_off,thea,173205080,57,2.6069
2ec_high_off,thea,173205080,58,3.4404
2ec_high_off,thea,173205080,59,3.2054
2ec_high_off,thea,173205080,60,2.272
sample,thea,223606797,1,2.3492
sample,thea,223606797,2,0.6448
sample,thea,223606797,3,0.4153
sample,thea,223606797,4,0.3666
sample,thea,223606797,5,0.3719
sample,thea,223606797,6,0.3703
sample,thea,223606797,7,1.3431
sample,thea,223606797,8,0.4225
sample,thea,223606797,9,0.4057
sample,thea,223606797,10,0.3754
sample,thea,223606797,11,0.445
sample,thea,223606797,12,0.5917
sample,thea,223606797,13,0.9856
sample,thea,223606797,14,1.0167
sample,thea,223606797,15,0.8066
sample,thea,223606797,16,0.8999
sample,thea,223606797,17,0.8816
sample,thea,223606797,18,0.4338
sample,thea,223606797,19,0.3743
sample,thea,223606797,20,0.3635
sample,thea,223606797,21,0.431
sample,thea,223606797,22,0.6858
sample,thea,223606797,23,0.4524
sample,thea,223606797,24,0.3717
sample,thea,223606797,25,1.0201
sample,thea,223606797,26,0.8571
sample,thea,223606797,27,0.4536
sample,thea,223606797,28,0.3826
sample,thea,223606797,29,0.3965
sample,thea,223606797,30,0.3638
sample,thea,223606797,31,0.6184
sample,thea,223606797,32,0.3636
sample,thea,223606797,33,0.4687
sample,thea,223606797,34,0.7493
sample,thea,223606797,35,0.7942
sample,thea,223606797,36,0.4082
sample,thea,223606797,37,0.3847
sample,thea,223606797,38,0.3502
sample,thea,223606797,39,0.442
sample,thea,223606797,40,0.3562
sample,thea,223606797,41,0.3569
sample,thea,223606797,42,0.3602
sample,thea,223606797,43,0.5286
sample,thea,223606797,44,0.3635
sample,thea,223606797,45,0.5002
sample,thea,223606797,46,0.4328
sample,thea,223606797,47,0.3904
sample,thea,223606797,48,0.3461
sample,thea,223606797,49,0.3769
sample,thea,223606797,50,0.4008
sample,thea,223606797,51,0.3802
sample,thea,223606797,52,0.3398
sample,thea,223606797,53,0.3828
sample,thea,223606797,54,0.3704
sample,thea,223606797,55,0.3694
sample,thea,223606797,56,0.4511
sample,thea,223606797,57,0.5094
sample,thea,223606797,58,0.4052
sample,thea,223606797,59,0.3568
sample,thea,223606797,60,0.346
2ec_low_on,thea,223606797,1,5.6752
2ec_low_on,thea,223606797,2,1.822
2ec_low_on,thea,223606797,3,1.7749
2ec_low_on,thea,223606797,4,1.9157
2ec_low_on,thea,223606797,5,1.6735
2ec_low_on,thea,223606797,6,1.611
2ec_low_on,thea,223606797,7,1.5398
2ec_low_on,thea,223606797,8,1.6056
2ec_low_on,thea,223606797,9,1.568
2ec_low_on,thea,223606797,10,1.6023
2ec_low_on,thea,223606797,11,2.9295
2ec_low_on,thea,223606797,12,2.2845
2ec_low_on,thea,223606797,13,1.6624
2ec_low_on,thea,223606797,14,1.5776
2ec_low_off,thea,223606797,1,4.9479
2ec_low_off,thea,223606797,2,1.5456
2ec_low_off,thea,223606797,3,1.7453
2ec_low_off,thea,223606797,4,1.5959
2ec_low_off,thea,223606797,5,1.6459
2ec_low_off,thea,223606797,6,1.38
2ec_low_off,thea,223606797,7,2.2761
2ec_low_off,thea,223606797,8,1.4119
2ec_low_off,thea,223606797,9,1.3492
2ec_low_off,thea,223606797,10,1.3438
2ec_low_off,thea,223606797,11,1.2132
2ec_high_on,thea,223606797,1,4.4021
2ec_high_on,thea,223606797,2,2.1105
2ec_high_on,thea,223606797,3,3.8695
2ec_high_on,thea,223606797,4,2.2822
2ec_high_on,thea,223606797,5,1.5092
2ec_high_on,thea,223606797,6,1.5044
2ec_high_on,thea,223606797,7,2.1067
2ec_high_on,thea,223606797,8,2.0714
2ec_high_on,thea,223606797,9,1.5265
2ec_high_off,thea,223606797,1,2.8893
2ec_high_off,thea,223606797,2,2.0826
2ec_high_off,thea,223606797,3,2.1893
2ec_high_off,thea,223606797,4,1.3756
2ec_high_off,thea,223606797,5,1.4128
2ec_high_off,thea,223606797,6,1.3652
2ec_high_off,thea,223606797,7,1.5498
2ec_high_off,thea,223606797,8,1.5872
2ec_high_off,thea,223606797,9,2.1494
2ec_high_off,thea,223606797,10,1.0775
2ec_high_off,thea,223606797,11,0.9884
2ec_high_off,thea,223606797,12,1.0093
2ec_high_off,thea,223606797,13,1.0284
2ec_high_off,thea,223606797,14,1.0064
2ec_high_off,thea,223606797,15,0.9867
2ec_high_off,thea,223606797,16,0.9877
2ec_high_off,thea,223606797,17,1.0462
2ec_high_off,thea,223606797,18,1.0638
2ec_high_off,thea,223606797,19,1.0312
2ec_high_off,thea,223606797,20,0.9889
2ec_high_off,thea,223606797,21,1.038
2ec_high_off,thea,223606797,22,1.0172
2ec_high_off,thea,223606797,23,1.0592
2ec_high_off,thea,223606797,24,1.0578
2ec_high_off,thea,223606797,25,1.0383
2ec_high_off,thea,223606797,26,1.182
2ec_high_off,thea,223606797,27,1.0439
2ec_high_off,thea,223606797,28,0.9926
2ec_high_off,thea,223606797,29,0.9845
2ec_high_off,thea,223606797,30,0.9682
2ec_high_off,thea,223606797,31,1.0005
2ec_high_off,thea,223606797,32,1.0647
2ec_high_off,thea,223606797,33,1.434
2ec_high_off,thea,223606797,34,1.0836
2ec_high_off,thea,223606797,35,1.0333
2ec_high_off,thea,223606797,36,1.0104
2ec_high_off,thea,223606797,37,1.0313
2ec_high_off,thea,223606797,38,0.994
2ec_high_off,thea,223606797,39,1.062
2ec_high_off,thea,223606797,40,1.0531
2ec_high_off,thea,223606797,41,1.0139
2ec_high_off,thea,223606797,42,1.4364
2ec_high_off,thea,223606797,43,1.0941
2ec_high_off,thea,223606797,44,1.0711
2ec_high_off,thea,223606797,45,0.9809
2ec_high_off,thea,223606797,46,1.0973
2ec_high_off,thea,223606797,47,1.0179
2ec_high_off,thea,223606797,48,1.0006
2ec_high_off,thea,223606797,49,0.988
2ec_high_off,thea,223606797,50,1.3076
2ec_high_off,thea,223606797,51,1.1357
2ec_high_off,thea,223606797,52,0.9783
2ec_high_off,thea,223606797,53,0.9831
2ec_high_off,thea,223606797,54,0.9639
2ec_high_off,thea,223606797,55,1.0037
2ec_high_off,thea,223606797,56,0.9758
2ec_high_off,thea,223606797,57,1.006
2ec_high_off,thea,223606797,58,2.4207
2ec_high_off,thea,223606797,59,1.2189
2ec_high_off,thea,223606797,60,1.0998
sample,thea,707106781,1,1.5532
sample,thea,707106781,2,0.3593
sample,thea,707106781,3,0.2925
sample,thea,707106781,4,0.3052
sample,thea,707106781,5,0.3656
sample,thea,707106781,6,0.699
sample,thea,707106781,7,0.3687
sample,thea,707106781,8,0.3087
sample,thea,707106781,9,0.3032
sample,thea,707106781,10,0.291
sample,thea,707106781,11,0.2869
sample,thea,707106781,12,0.3323
sample,thea,707106781,13,0.351
sample,thea,707106781,14,0.2873
sample,thea,707106781,15,0.2991
sample,thea,707106781,16,0.2724
sample,thea,707106781,17,0.3035
sample,thea,707106781,18,0.2851
sample,thea,707106781,19,0.3445
sample,thea,707106781,20,0.3351
sample,thea,707106781,21,0.3113
sample,thea,707106781,22,0.3264
sample,thea,707106781,23,0.311
sample,thea,707106781,24,0.2956
sample,thea,707106781,25,0.2918
sample,thea,707106781,26,0.3137
sample,thea,707106781,27,0.3062
sample,thea,707106781,28,0.2909
sample,thea,707106781,29,0.2909
sample,thea,707106781,30,0.2914
sample,thea,707106781,31,0.3026
sample,thea,707106781,32,0.2897
sample,thea,707106781,33,0.2897
sample,thea,707106781,34,1.1799
sample,thea,707106781,35,0.739
sample,thea,707106781,36,0.3497
sample,thea,707106781,37,0.3232
sample,thea,707106781,38,0.2923
sample,thea,707106781,39,0.3174
sample,thea,707106781,40,0.2879
sample,thea,707106781,41,0.2942
sample,thea,707106781,42,0.552
sample,thea,707106781,43,0.3682
sample,thea,707106781,44,0.3122
sample,thea,707106781,45,0.3101
sample,thea,707106781,46,0.3327
sample,thea,707106781,47,0.3126
sample,thea,707106781,48,0.3047
sample,thea,707106781,49,0.6512
sample,thea,707106781,50,0.6551
sample,thea,707106781,51,0.6841
sample,thea,707106781,52,0.4776
sample,thea,707106781,53,0.6783
sample,thea,707106781,54,0.3582
sample,thea,707106781,55,0.3339
sample,thea,707106781,56,0.3055
sample,thea,707106781,57,0.3296
sample,thea,707106781,58,0.3356
sample,thea,707106781,59,0.3151
sample,thea,707106781,60,0.5883
2ec_low_on,thea,707106781,1,3.9546
2ec_low_on,thea,707106781,2,1.6485
2ec_low_on,thea,707106781,3,1.9369
2ec_low_on,thea,707106781,4,2.7332
2ec_low_on,thea,707106781,5,1.497
2ec_low_on,thea,707106781,6,1.4897
2ec_low_on,thea,707106781,7,3.1572
2ec_low_on,thea,707106781,8,2.1584
2ec_low_on,thea,707106781,9,1.612
2ec_low_on,thea,707106781,10,2.6464
2ec_low_off,thea,707106781,1,3.1257
2ec_low_off,thea,707106781,2,1.6749
2ec_low_off,thea,707106781,3,1.2801
2ec_low_off,thea,707106781,4,1.6321
2ec_low_off,thea,707106781,5,1.2094
2ec_low_off,thea,707106781,6,1.1445
2ec_low_off,thea,707106781,7,1.1279
2ec_low_off,thea,707106781,8,1.1369
2ec_low_off,thea,707106781,9,1.115
2ec_low_off,thea,707106781,10,1.08
2ec_low_off,thea,707106781,11,1.0677
2ec_high_on,thea,707106781,1,3.2487
2ec_high_on,thea,707106781,2,2.0377
2ec_high_on,thea,707106781,3,2.8511
2ec_high_on,thea,707106781,4,1.5279
2ec_high_on,thea,707106781,5,1.4038
2ec_high_on,thea,707106781,6,1.3564
2ec_high_on,thea,707106781,7,1.3533
2ec_high_on,thea,707106781,8,1.5051
2ec_high_off,thea,707106781,1,3.3977
2ec_high_off,thea,707106781,2,1.4973
2ec_high_off,thea,707106781,3,1.3167
2ec_high_off,thea,707106781,4,1.2908
2ec_high_off,thea,707106781,5,1.1512
2ec_high_off,thea,707106781,6,1.0517
2ec_high_off,thea,707106781,7,1.058
2ec_high_off,thea,707106781,8,1.0545
2ec_high_off,thea,707106781,9,1.0654
2ec_high_off,thea,707106781,10,0.9156
2ec_high_off,thea,707106781,11,0.894
2ec_high_off,thea,707106781,12,0.8949
2ec_high_off,thea,707106781,13,0.9377
2ec_high_off,thea,707106781,14,0.9038
2ec_high_off,thea,707106781,15,0.8731
2ec_high_off,thea,707106781,16,0.9138
2ec_high_off,thea,707106781,17,1.6738
2ec_high_off,thea,707106781,18,1.0388
2ec_high_off,thea,707106781,19,0.9884
2ec_high_off,thea,707106781,20,0.9406
2ec_high_off,thea,707106781,21,0.9298
2ec_high_off,thea,707106781,22,0.9233
2ec_high_off,thea,707106781,23,1.0045
2ec_high_off,thea,707106781,24,1.7536
2ec_high_off,thea,707106781,25,2.8875
2ec_high_off,thea,707106781,26,1.0427
2ec_high_off,thea,707106781,27,0.9504
2ec_high_off,thea,707106781,28,0.9287
2ec_high_off,thea,707106781,29,1.8886
2ec_high_off,thea,707106781,30,1.3584
2ec_high_off,thea,707106781,31,2.5565
2ec_high_off,thea,707106781,32,2.1219
2ec_high_off,thea,707106781,33,1.0514
2ec_high_off,thea,707106781,34,0.9604
2ec_high_off,thea,707106781,35,0.953
2ec_high_off,thea,707106781,36,0.986
2ec_high_off,thea,707106781,37,0.9459
2ec_high_off,thea,707106781,38,1.0746
2ec_high_off,thea,707106781,39,0.9863
2ec_high_off,thea,707106781,40,0.9849
2ec_high_off,thea,707106781,41,0.9637
2ec_high_off,thea,707106781,42,0.9624
2ec_high_off,thea,707106781,43,1.0107
2ec_high_off,thea,707106781,44,0.9712
2ec_high_off,thea,707106781,45,0.9548
2ec_high_off,thea,707106781,46,0.9877
2ec_high_off,thea,707106781,47,0.9661
2ec_high_off,thea,707106781,48,1.9204
2ec_high_off,thea,707106781,49,1.341
2ec_high_off,thea,707106781,50,1.3507
2ec_high_off,thea,707106781,51,1.0659
2ec_high_off,thea,707106781,52,1.4578
2ec_high_off,thea,707106781,53,1.4978
2ec_high_off,thea,707106781,54,1.0212
2ec_high_off,thea,707106781,55,0.9891
2ec_high_off,thea,707106781,56,0.9742
2ec_high_off,thea,707106781,57,1.0152
2ec_high_off,thea,707106781,58,1.0335
2ec_high_off,thea,707106781,59,1.1401
2ec_high_off,thea,707106781,60,1.576
sample,thea,866025403,1,2.0763
sample,thea,866025403,2,0.7524
sample,thea,866025403,3,0.3517
sample,thea,866025403,4,0.2968
sample,thea,866025403,5,0.4225
sample,thea,866025403,6,0.338
sample,thea,866025403,7,0.4393
sample,thea,866025403,8,2.2392
sample,thea,866025403,9,2.2066
sample,thea,866025403,10,0.6761
sample,thea,866025403,11,0.6146
sample,thea,866025403,12,0.5883
sample,thea,866025403,13,1.1745
sample,thea,866025403,14,0.8006
sample,thea,866025403,15,1.0718
sample,thea,866025403,16,1.0618
sample,thea,866025403,17,0.3289
sample,thea,866025403,18,0.3038
sample,thea,866025403,19,0.2942
sample,thea,866025403,20,0.2955
sample,thea,866025403,21,0.2998
sample,thea,866025403,22,0.736
sample,thea,866025403,23,0.7597
sample,thea,866025403,24,0.3174
sample,thea,866025403,25,0.3205
sample,thea,866025403,26,0.3428
sample,thea,866025403,27,0.2978
sample,thea,866025403,28,0.2888
sample,thea,866025403,29,0.3044
sample,thea,866025403,30,0.296
sample,thea,866025403,31,0.2928
sample,thea,866025403,32,0.9758
sample,thea,866025403,33,0.3431
sample,thea,866025403,34,0.6435
sample,thea,866025403,35,0.43
sample,thea,866025403,36,0.322
sample,thea,866025403,37,0.3118
sample,thea,866025403,38,0.2939
sample,thea,866025403,39,0.3623
sample,thea,866025403,40,0.3226
sample,thea,866025403,41,0.3038
sample,thea,866025403,42,0.2891
sample,thea,866025403,43,0.3062
sample,thea,866025403,44,0.318
sample,thea,866025403,45,0.6017
sample,thea,866025403,46,0.4818
sample,thea,866025403,47,0.379
sample,thea,866025403,48,0.3238
sample,thea,866025403,49,0.3737
sample,thea,866025403,50,0.7136
sample,thea,866025403,51,0.4199
sample,thea,866025403,52,0.3858
sample,thea,866025403,53,0.3274
sample,thea,866025403,54,0.298
sample,thea,866025403,55,0.2955
sample,thea,866025403,56,0.5429
sample,thea,866025403,57,0.5406
sample,thea,866025403,58,0.6791
sample,thea,866025403,59,0.9285
sample,thea,866025403,60,0.3502
2ec_low_on,thea,866025403,1,3.8281
2ec_low_on,thea,866025403,2,1.8726
2ec_low_on,thea,866025403,3,2.4687
2ec_low_on,thea,866025403,4,1.5584
2ec_low_on,thea,866025403,5,1.5171
2ec_low_on,thea,866025403,6,1.4996
2ec_low_on,thea,866025403,7,1.4404
2ec_low_on,thea,866025403,8,1.4679
2ec_low_on,thea,866025403,9,1.978
2ec_low_on,thea,866025403,10,1.4669
2ec_low_off,thea,866025403,1,3.3237
2ec_low_off,thea,866025403,2,5.2705
2ec_low_off,thea,866025403,3,3.1872
2ec_low_off,thea,866025403,4,1.7771
2ec_low_off,thea,866025403,5,5.025
2ec_low_off,thea,866025403,6,2.0616
2ec_low_off,thea,866025403,7,1.4486
2ec_low_off,thea,866025403,8,1.4775
2ec_low_off,thea,866025403,9,4.4466
2ec_high_on,thea,866025403,1,7.3932
2ec_high_on,thea,866025403,2,7.8402
2ec_high_on,thea,866025403,3,3.673
2ec_high_on,thea,866025403,4,5.6023
2ec_high_on,thea,866025403,5,4.9164
2ec_high_on,thea,866025403,6,3.4146
2ec_high_on,thea,866025403,7,3.1511
2ec_high_on,thea,866025403,8,1.6764
2ec_high_off,thea,866025403,1,8.9351
2ec_high_off,thea,866025403,2,4.4314
2ec_high_off,thea,866025403,3,5.6438
2ec_high_off,thea,866025403,4,10.4836
2ec_high_off,thea,866025403,5,5.2223
2ec_high_off,thea,866025403,6,5.7278
2ec_high_off,thea,866025403,7,13.6735
2ec_high_off,thea,866025403,8,11.196
2ec_high_off,thea,866025403,9,1.6179
2ec_high_off,thea,866025403,10,2.2318
2ec_high_off,thea,866025403,11,5.3363
2ec_high_off,thea,866025403,12,1.4655
2ec_high_off,thea,866025403,13,1.8399
2ec_high_off,thea,866025403,14,2.327
2ec_high_off,thea,866025403,15,1.5407
2ec_high_off,thea,866025403,16,2.5107
2ec_high_off,thea,866025403,17,1.8758
2ec_high_off,thea,866025403,18,2.7048
2ec_high_off,thea,866025403,19,1.6567
2ec_high_off,thea,866025403,20,1.4487
2ec_high_off,thea,866025403,21,1.4351
2ec_high_off,thea,866025403,22,3.338
2ec_high_off,thea,866025403,23,1.5964
2ec_high_off,thea,866025403,24,1.4384
2ec_high_off,thea,866025403,25,1.4093
2ec_high_off,thea,866025403,26,1.3498
2ec_high_off,thea,866025403,27,1.5151
2ec_high_off,thea,866025403,28,1.7918
2ec_high_off,thea,866025403,29,1.4578
2ec_high_off,thea,866025403,30,1.3631
2ec_high_off,thea,866025403,31,1.3764
2ec_high_off,thea,866025403,32,1.3308
2ec_high_off,thea,866025403,33,1.4319
2ec_high_off,thea,866025403,34,1.892
2ec_high_off,thea,866025403,35,1.4306
2ec_high_off,thea,866025403,36,1.346
2ec_high_off,thea,866025403,37,1.4047
2ec_high_off,thea,866025403,38,1.3902
2ec_high_off,thea,866025403,39,1.3266
2ec_high_off,thea,866025403,40,1.811
2ec_high_off,thea,866025403,41,1.3851
2ec_high_off,thea,866025403,42,1.3294
2ec_high_off,thea,866025403,43,1.3861
2ec_high_off,thea,866025403,44,1.3086
2ec_high_off,thea,866025403,45,1.3333
2ec_high_off,thea,866025403,46,1.3223
2ec_high_off,thea,866025403,47,2.1197
2ec_high_off,thea,866025403,48,1.8642
2ec_high_off,thea,866025403,49,1.3968
2ec_high_off,thea,866025403,50,1.3179
2ec_high_off,thea,866025403,51,1.316
2ec_high_off,thea,866025403,52,1.3043
2ec_high_off,thea,866025403,53,2.1366
2ec_high_off,thea,866025403,54,1.349
2ec_high_off,thea,866025403,55,1.3119
2ec_high_off,thea,866025403,56,1.2701
2ec_high_off,thea,866025403,57,1.2799
2ec_high_off,thea,866025403,58,1.3044
2ec_high_off,thea,866025403,59,1.59
2ec_high_off,thea,866025403,60,1.4652
sample,thea,577215664,1,0.9049
sample,thea,577215664,2,0.3955
sample,thea,577215664,3,0.2786
sample,thea,577215664,4,0.3927
sample,thea,577215664,5,0.2579
sample,thea,577215664,6,0.2507
sample,thea,577215664,7,0.2553
sample,thea,577215664,8,0.2561
sample,thea,577215664,9,0.2636
sample,thea,577215664,10,0.2568
sample,thea,577215664,11,0.2475
sample,thea,577215664,12,0.2485
sample,thea,577215664,13,0.2476
sample,thea,577215664,14,0.2478
sample,thea,577215664,15,0.2791
sample,thea,577215664,16,0.2501
sample,thea,577215664,17,0.246
sample,thea,577215664,18,0.2557
sample,thea,577215664,19,0.2483
sample,thea,577215664,20,0.2521
sample,thea,577215664,21,0.2632
sample,thea,577215664,22,0.2946
sample,thea,577215664,23,0.2506
sample,thea,577215664,24,0.2474
sample,thea,577215664,25,0.2527
sample,thea,577215664,26,0.2485
sample,thea,577215664,27,0.2489
sample,thea,577215664,28,0.2458
sample,thea,577215664,29,0.2813
sample,thea,577215664,30,0.2499
sample,thea,577215664,31,0.2541
sample,thea,577215664,32,0.2472
sample,thea,577215664,33,0.2545
sample,thea,577215664,34,0.2451
sample,thea,577215664,35,0.2405
sample,thea,577215664,36,0.2395
sample,thea,577215664,37,0.2506
sample,thea,577215664,38,0.2423
sample,thea,577215664,39,0.2937
sample,thea,577215664,40,0.2864
sample,thea,577215664,41,0.3037
sample,thea,577215664,42,0.2641
sample,thea,577215664,43,0.252
sample,thea,577215664,44,0.2545
sample,thea,577215664,45,0.2475
sample,thea,577215664,46,0.2469
sample,thea,577215664,47,0.2431
sample,thea,577215664,48,0.2462
sample,thea,577215664,49,0.2416
sample,thea,577215664,50,0.2441
sample,thea,577215664,51,0.2429
sample,thea,577215664,52,0.2436
sample,thea,577215664,53,0.2532
sample,thea,577215664,54,0.254
sample,thea,577215664,55,0.2453
sample,thea,577215664,56,0.2604
sample,thea,577215664,57,0.5807
sample,thea,577215664,58,0.2658
sample,thea,577215664,59,0.2469
sample,thea,577215664,60,0.2428
2ec_low_on,thea,577215664,1,3.8755
2ec_low_on,thea,577215664,2,1.3126
2ec_low_on,thea,577215664,3,1.3291
2ec_low_on,thea,577215664,4,1.2403
2ec_low_on,thea,577215664,5,1.447
2ec_low_on,thea,577215664,6,1.2472
2ec_low_on,thea,577215664,7,1.1788
2ec_low_on,thea,577215664,8,1.9553
2ec_low_on,thea,577215664,9,1.1907
2ec_low_on,thea,577215664,10,1.1822
2ec_low_on,thea,577215664,11,1.1646
2ec_low_on,thea,577215664,12,1.1419
2ec_low_on,thea,577215664,13,1.102
2ec_low_on,thea,577215664,14,1.1018
2ec_low_off,thea,577215664,1,3.0249
2ec_low_off,thea,577215664,2,1.4346
2ec_low_off,thea,577215664,3,1.793
2ec_low_off,thea,577215664,4,2.8348
2ec_low_off,thea,577215664,5,3.6069
2ec_low_off,thea,577215664,6,1.3525
2ec_low_off,thea,577215664,7,1.4804
2ec_low_off,thea,577215664,8,1.4436
2ec_low_off,thea,577215664,9,1.628
2ec_low_off,thea,577215664,10,1.3282
2ec_high_on,thea,577215664,1,3.2742
2ec_high_on,thea,577215664,2,1.7067
2ec_high_on,thea,577215664,3,1.3841
2ec_high_on,thea,577215664,4,1.3442
2ec_high_on,thea,577215664,5,1.3276
2ec_high_on,thea,577215664,6,1.3407
2ec_high_on,thea,577215664,7,1.4806
2ec_high_on,thea,577215664,8,1.3244
2ec_high_off,thea,577215664,1,2.3706
2ec_high_off,thea,577215664,2,1.3691
2ec_high_off,thea,577215664,3,1.3226
2ec_high_off,thea,577215664,4,1.2005
2ec_high_off,thea,577215664,5,1.1781
2ec_high_off,thea,577215664,6,1.1604
2ec_high_off,thea,577215664,7,1.1869
2ec_high_off,thea,577215664,8,1.1703
2ec_high_off,thea,577215664,9,0.9834
2ec_high_off,thea,577215664,10,0.9291
2ec_high_off,thea,577215664,11,1.7692
2ec_high_off,thea,577215664,12,0.9876
2ec_high_off,thea,577215664,13,2.1634
2ec_high_off,thea,577215664,14,2.0889
2ec_high_off,thea,577215664,15,0.9983
2ec_high_off,thea,577215664,16,0.9446
2ec_high_off,thea,577215664,17,1.0389
2ec_high_off,thea,577215664,18,1.3895
2ec_high_off,thea,577215664,19,1.0469
2ec_high_off,thea,577215664,20,0.9549
2ec_high_off,thea,577215664,21,0.965
2ec_high_off,thea,577215664,22,0.9543
2ec_high_off,thea,577215664,23,0.9625
2ec_high_off,thea,577215664,24,0.9486
2ec_high_off,thea,577215664,25,0.96
2ec_high_off,thea,577215664,26,0.9411
2ec_high_off,thea,577215664,27,0.9881
2ec_high_off,thea,577215664,28,1.0783
2ec_high_off,thea,577215664,29,0.981
2ec_high_off,thea,577215664,30,0.9679
2ec_high_off,thea,577215664,31,0.9868
2ec_high_off,thea,577215664,32,0.9603
2ec_high_off,thea,577215664,33,1.0119
2ec_high_off,thea,577215664,34,0.9644
2ec_high_off,thea,577215664,35,0.9626
2ec_high_off,thea,577215664,36,0.945
2ec_high_off,thea,577215664,37,1.0228
2ec_high_off,thea,577215664,38,0.9965
2ec_high_off,thea,577215664,39,1.0531
2ec_high_off,thea,577215664,40,1.0036
2ec_high_off,thea,577215664,41,0.9613
2ec_high_off,thea,577215664,42,0.9613
2ec_high_off,thea,577215664,43,1.0032
2ec_high_off,thea,577215664,44,0.9416
2ec_high_off,thea,577215664,45,1.1987
2ec_high_off,thea,577215664,46,0.9932
2ec_high_off,thea,577215664,47,1.0269
2ec_high_off,thea,577215664,48,1.0529
2ec_high_off,thea,577215664,49,1.036
2ec_high_off,thea,577215664,50,0.9773
2ec_high_off,thea,577215664,51,0.9946
2ec_high_off,thea,577215664,52,1.001
2ec_high_off,thea,577215664,53,1.4403
2ec_high_off,thea,577215664,54,1.1158
2ec_high_off,thea,577215664,55,1.0112
2ec_high_off,thea,577215664,56,0.9894
2ec_high_off,thea,577215664,57,0.9935
2ec_high_off,thea,577215664,58,1.0254
2ec_high_off,thea,577215664,59,1.0106
2ec_high_off,thea,577215664,60,1.0522
sample,thea,299792458,1,0.9015
sample,thea,299792458,2,0.2923
sample,thea,299792458,3,0.2669
sample,thea,299792458,4,0.3102
sample,thea,299792458,5,0.5473
sample,thea,299792458,6,0.3005
sample,thea,299792458,7,0.325
sample,thea,299792458,8,0.2997
sample,thea,299792458,9,0.2612
sample,thea,299792458,10,0.2535
sample,thea,299792458,11,0.2527
sample,thea,299792458,12,0.249
sample,thea,299792458,13,0.2569
sample,thea,299792458,14,0.2482
sample,thea,299792458,15,0.3273
sample,thea,299792458,16,0.2613
sample,thea,299792458,17,0.2622
sample,thea,299792458,18,0.267
sample,thea,299792458,19,0.4698
sample,thea,299792458,20,0.5712
sample,thea,299792458,21,0.3134
sample,thea,299792458,22,0.9694
sample,thea,299792458,23,0.3205
sample,thea,299792458,24,0.2736
sample,thea,299792458,25,0.2626
sample,thea,299792458,26,0.2558
sample,thea,299792458,27,0.2568
sample,thea,299792458,28,0.2661
sample,thea,299792458,29,0.2931
sample,thea,299792458,30,0.2993
sample,thea,299792458,31,0.2757
sample,thea,299792458,32,0.2667
sample,thea,299792458,33,0.253
sample,thea,299792458,34,0.3258
sample,thea,299792458,35,0.2844
sample,thea,299792458,36,0.5652
sample,thea,299792458,37,0.4987
sample,thea,299792458,38,0.7209
sample,thea,299792458,39,0.3227
sample,thea,299792458,40,0.2952
sample,thea,299792458,41,0.2586
sample,thea,299792458,42,0.2728
sample,thea,299792458,43,0.2558
sample,thea,299792458,44,0.2688
sample,thea,299792458,45,0.255
sample,thea,299792458,46,0.262
sample,thea,299792458,47,0.2554
sample,thea,299792458,48,0.2725
sample,thea,299792458,49,0.5711
sample,thea,299792458,50,0.5159
sample,thea,299792458,51,0.297
sample,thea,299792458,52,0.3075
sample,thea,299792458,53,0.3168
sample,thea,299792458,54,0.3333
sample,thea,299792458,55,0.3525
sample,thea,299792458,56,0.3211
sample,thea,299792458,57,0.275
sample,thea,299792458,58,0.2808
sample,thea,299792458,59,0.2998
sample,thea,299792458,60,0.3273
2ec_low_on,thea,299792458,1,5.7319
2ec_low_on,thea,299792458,2,1.5635
2ec_low_on,thea,299792458,3,1.33
2ec_low_on,thea,299792458,4,1.2994
2ec_low_on,thea,299792458,5,1.2694
2ec_low_on,thea,299792458,6,1.1303
2ec_low_on,thea,299792458,7,1.2966
2ec_low_on,thea,299792458,8,2.2837
2ec_low_on,thea,299792458,9,1.4233
2ec_low_on,thea,299792458,10,1.2055
2ec_low_on,thea,299792458,11,1.6859
2ec_low_on,thea,299792458,12,1.2043
2ec_low_on,thea,299792458,13,2.7587
2ec_low_on,thea,299792458,14,1.2332
2ec_low_off,thea,299792458,1,2.5944
2ec_low_off,thea,299792458,2,1.5422
2ec_low_off,thea,299792458,3,1.6525
2ec_low_off,thea,299792458,4,1.2985
2ec_low_off,thea,299792458,5,1.2396
2ec_low_off,thea,299792458,6,1.2289
2ec_low_off,thea,299792458,7,1.2226
2ec_low_off,thea,299792458,8,1.2102
2ec_low_off,thea,299792458,9,1.0796
2ec_low_off,thea,299792458,10,2.2457
2ec_low_off,thea,299792458,11,1.1866
2ec_high_on,thea,299792458,1,2.9062
2ec_high_on,thea,299792458,2,1.5621
2ec_high_on,thea,299792458,3,1.3153
2ec_high_on,thea,299792458,4,2.0168
2ec_high_on,thea,299792458,5,1.3904
2ec_high_on,thea,299792458,6,1.3069
2ec_high_on,thea,299792458,7,1.301
2ec_high_on,thea,299792458,8,1.3141
2ec_high_on,thea,299792458,9,1.2972
2ec_high_on,thea,299792458,10,1.2961
2ec_high_off,thea,299792458,1,2.4501
2ec_high_off,thea,299792458,2,1.3588
2ec_high_off,thea,299792458,3,1.2199
2ec_high_off,thea,299792458,4,1.2234
2ec_high_off,thea,299792458,5,1.2535
2ec_high_off,thea,299792458,6,1.1965
2ec_high_off,thea,299792458,7,1.7827
2ec_high_off,thea,299792458,8,1.1912
2ec_high_off,thea,299792458,9,8.5891
2ec_high_off,thea,299792458,10,3.3796
2ec_high_off,thea,299792458,11,2.3843
2ec_high_off,thea,299792458,12,1.0876
2ec_high_off,thea,299792458,13,1.0629
2ec_high_off,thea,299792458,14,1.5368
2ec_high_off,thea,299792458,15,1.166
2ec_high_off,thea,299792458,16,1.2227
2ec_high_off,thea,299792458,17,1.0976
2ec_high_off,thea,299792458,18,1.0506
2ec_high_off,thea,299792458,19,1.1199
2ec_high_off,thea,299792458,20,2.9141
2ec_high_off,thea,299792458,21,1.1379
2ec_high_off,thea,299792458,22,1.0803
2ec_high_off,thea,299792458,23,1.0895
2ec_high_off,thea,299792458,24,1.0813
2ec_high_off,thea,299792458,25,1.7741
2ec_high_off,thea,299792458,26,2.27
2ec_high_off,thea,299792458,27,1.7808
2ec_high_off,thea,299792458,28,1.1604
2ec_high_off,thea,299792458,29,1.1137
2ec_high_off,thea,299792458,30,1.0674
2ec_high_off,thea,299792458,31,1.2672
2ec_high_off,thea,299792458,32,1.3533
2ec_high_off,thea,299792458,33,1.2225
2ec_high_off,thea,299792458,34,1.1207
2ec_high_off,thea,299792458,35,1.1117
2ec_high_off,thea,299792458,36,1.0897
2ec_high_off,thea,299792458,37,1.0913
2ec_high_off,thea,299792458,38,1.2957
2ec_high_off,thea,299792458,39,1.3564
2ec_high_off,thea,299792458,40,1.1172
2ec_high_off,thea,299792458,41,1.1106
2ec_high_off,thea,299792458,42,1.0854
2ec_high_off,thea,299792458,43,1.1515
2ec_high_off,thea,299792458,44,1.0844
2ec_high_off,thea,299792458,45,1.1225
2ec_high_off,thea,299792458,46,2.2244
2ec_high_off,thea,299792458,47,1.1188
2ec_high_off,thea,299792458,48,1.0883
2ec_high_off,thea,299792458,49,2.1498
2ec_high_off,thea,299792458,50,1.1733
2ec_high_off,thea,299792458,51,1.1701
2ec_high_off,thea,299792458,52,1.5523
2ec_high_off,thea,299792458,53,1.3145
2ec_high_off,thea,299792458,54,1.8899
2ec_high_off,thea,299792458,55,1.1929
2ec_high_off,thea,299792458,56,1.0692
2ec_high_off,thea,299792458,57,1.1141
2ec_high_off,thea,299792458,58,1.2378
2ec_high_off,thea,299792458,59,1.1225
2ec_high_off,thea,299792458,60,1.0854
sample,thea,602214076,1,1.1196
sample,thea,602214076,2,0.3726
sample,thea,602214076,3,0.2641
sample,thea,602214076,4,0.2509
sample,thea,602214076,5,0.2444
sample,thea,602214076,6,0.2446
sample,thea,602214076,7,0.2473
sample,thea,602214076,8,0.2555
sample,thea,602214076,9,0.247
sample,thea,602214076,10,0.2519
sample,thea,602214076,11,0.2435
sample,thea,602214076,12,0.2409
sample,thea,602214076,13,0.2396
sample,thea,602214076,14,0.3014
sample,thea,602214076,15,0.5618
sample,thea,602214076,16,0.275
sample,thea,602214076,17,0.2591
sample,thea,602214076,18,0.2501
sample,thea,602214076,19,0.2449
sample,thea,602214076,20,0.243
sample,thea,602214076,21,0.2537
sample,thea,602214076,22,0.2747
sample,thea,602214076,23,0.2411
sample,thea,602214076,24,0.2458
sample,thea,602214076,25,0.2422
sample,thea,602214076,26,0.2453
sample,thea,602214076,27,0.2443
sample,thea,602214076,28,0.3982
sample,thea,602214076,29,0.3059
sample,thea,602214076,30,0.2737
sample,thea,602214076,31,0.6196
sample,thea,602214076,32,0.3051
sample,thea,602214076,33,0.2637
sample,thea,602214076,34,0.2549
sample,thea,602214076,35,0.2502
sample,thea,602214076,36,0.2483
sample,thea,602214076,37,0.2565
sample,thea,602214076,38,0.2469
sample,thea,602214076,39,0.2442
sample,thea,602214076,40,0.2433
sample,thea,602214076,41,0.25
sample,thea,602214076,42,0.249
sample,thea,602214076,43,0.2474
sample,thea,602214076,44,0.2498
sample,thea,602214076,45,0.244
sample,thea,602214076,46,0.3518
sample,thea,602214076,47,0.251
sample,thea,602214076,48,0.2619
sample,thea,602214076,49,0.243
sample,thea,602214076,50,0.2463
sample,thea,602214076,51,0.2715
sample,thea,602214076,52,0.2652
sample,thea,602214076,53,0.2931
sample,thea,602214076,54,0.2694
sample,thea,602214076,55,0.2557
sample,thea,602214076,56,0.2487
sample,thea,602214076,57,0.25
sample,thea,602214076,58,0.2488
sample,thea,602214076,59,0.2495
sample,thea,602214076,60,0.3501
2ec_low_on,thea,602214076,1,3.7243
2ec_low_on,thea,602214076,2,1.3375
2ec_low_on,thea,602214076,3,1.6264
2ec_low_on,thea,602214076,4,1.5986
2ec_low_on,thea,602214076,5,2.536
2ec_low_on,thea,602214076,6,1.3052
2ec_low_on,thea,602214076,7,1.1454
2ec_low_on,thea,602214076,8,1.1605
2ec_low_on,thea,602214076,9,2.203
2ec_low_on,thea,602214076,10,2.4018
2ec_low_on,thea,602214076,11,2.1114
2ec_low_on,thea,602214076,12,1.2775
2ec_low_on,thea,602214076,13,1.3636
2ec_low_on,thea,602214076,14,2.6513
2ec_low_off,thea,602214076,1,2.7668
2ec_low_off,thea,602214076,2,1.7617
2ec_low_off,thea,602214076,3,1.4651
2ec_low_off,thea,602214076,4,1.3285
2ec_low_off,thea,602214076,5,1.183
2ec_low_off,thea,602214076,6,1.1673
2ec_low_off,thea,602214076,7,1.1655
2ec_low_off,thea,602214076,8,1.1629
2ec_low_off,thea,602214076,9,1.086
2ec_low_off,thea,602214076,10,1.6488
2ec_high_on,thea,602214076,1,9.2326
2ec_high_on,thea,602214076,2,1.9701
2ec_high_on,thea,602214076,3,4.009
2ec_high_on,thea,602214076,4,1.7095
2ec_high_on,thea,602214076,5,5.6343
2ec_high_on,thea,602214076,6,3.6568
2ec_high_on,thea,602214076,7,4.0077
2ec_high_on,thea,602214076,8,3.472
2ec_high_on,thea,602214076,9,2.8149
2ec_high_on,thea,602214076,10,1.4448
2ec_high_off,thea,602214076,1,3.3362
2ec_high_off,thea,602214076,2,1.7929
2ec_high_off,thea,602214076,3,3.3587
2ec_high_off,thea,602214076,4,1.7825
2ec_high_off,thea,602214076,5,1.6115
2ec_high_off,thea,602214076,6,1.5136
2ec_high_off,thea,602214076,7,1.4111
2ec_high_off,thea,602214076,8,1.4137
2ec_high_off,thea,602214076,9,2.0873
2ec_high_off,thea,602214076,10,1.3562
2ec_high_off,thea,602214076,11,1.1559
2ec_high_off,thea,602214076,12,1.1294
2ec_high_off,thea,602214076,13,1.1065
2ec_high_off,thea,602214076,14,1.0918
2ec_high_off,thea,602214076,15,1.1233
2ec_high_off,thea,602214076,16,1.8974
2ec_high_off,thea,602214076,17,1.9526
2ec_high_off,thea,602214076,18,1.2137
2ec_high_off,thea,602214076,19,1.2035
2ec_high_off,thea,602214076,20,1.1215
2ec_high_off,thea,602214076,21,1.1915
2ec_high_off,thea,602214076,22,1.1499
2ec_high_off,thea,602214076,23,1.4531
2ec_high_off,thea,602214076,24,1.2838
2ec_high_off,thea,602214076,25,1.2309
2ec_high_off,thea,602214076,26,1.1535
2ec_high_off,thea,602214076,27,1.1538
2ec_high_off,thea,602214076,28,1.1941
2ec_high_off,thea,602214076,29,1.9994
2ec_high_off,thea,602214076,30,1.1964
2ec_high_off,thea,602214076,31,1.177
2ec_high_off,thea,602214076,32,1.1435
2ec_high_off,thea,602214076,33,1.1705
2ec_high_off,thea,602214076,34,1.1328
2ec_high_off,thea,602214076,35,1.1518
2ec_high_off,thea,602214076,36,2.5245
2ec_high_off,thea,602214076,37,1.2415
2ec_high_off,thea,602214076,38,1.2007
2ec_high_off,thea,602214076,39,1.1611
2ec_high_off,thea,602214076,40,1.1176
2ec_high_off,thea,602214076,41,1.1708
2ec_high_off,thea,602214076,42,1.1576
2ec_high_off,thea,602214076,43,2.6384
2ec_high_off,thea,602214076,44,1.2104
2ec_high_off,thea,602214076,45,2.2895
2ec_high_off,thea,602214076,46,1.2479
2ec_high_off,thea,602214076,47,1.1783
2ec_high_off,thea,602214076,48,1.6341
2ec_high_off,thea,602214076,49,1.877
2ec_high_off,thea,602214076,50,1.6083
2ec_high_off,thea,602214076,51,2.0508
2ec_high_off,thea,602214076,52,1.2004
2ec_high_off,thea,602214076,53,3.2785
2ec_high_off,thea,602214076,54,2.1757
2ec_high_off,thea,602214076,55,1.6956
2ec_high_off,thea,602214076,56,1.5538
2ec_high_off,thea,602214076,57,1.3114
2ec_high_off,thea,602214076,58,1.5482
2ec_high_off,thea,602214076,59,1.3274
2ec_high_off,thea,602214076,60,1.1878
