Object,Time Step,Instance ID,Coordinates,Base Station,Delays,Delay slas,Delay sla deadlines,Communication Paths,Making Requests,Access History
User_1,0,1,"[6, 0]","BaseStation_4 ([6, 0])",,18.0,,{},{'1': {'1': True}},"{'1': [{'start': 1, 'end': inf, 'duration': inf, 'waiting_time': 0, 'access_time': 0, 'interval': 0, 'next_access': inf}]}"
User_2,0,2,"[3, 1]","BaseStation_6 ([3, 1])",,13.0,,{},{'2': {'1': True}},"{'2': [{'start': 1, 'end': inf, 'duration': inf, 'waiting_time': 0, 'access_time': 0, 'interval': 0, 'next_access': inf}]}"
User_3,0,3,"[2, 2]","BaseStation_10 ([2, 2])",,16.0,,{},{'3': {'1': True}},"{'3': [{'start': 1, 'end': inf, 'duration': inf, 'waiting_time': 0, 'access_time': 0, 'interval': 0, 'next_access': inf}]}"
User_4,0,4,"[6, 0]","BaseStation_4 ([6, 0])",,21.0,,{},{'4': {'1': True}},"{'4': [{'start': 1, 'end': inf, 'duration': inf, 'waiting_time': 0, 'access_time': 0, 'interval': 0, 'next_access': inf}]}"
User_5,0,5,"[4, 2]","BaseStation_11 ([4, 2])",,20.0,,{},{'5': {'1': True}},"{'5': [{'start': 1, 'end': inf, 'duration': inf, 'waiting_time': 0, 'access_time': 0, 'interval': 0, 'next_access': inf}]}"
User_6,0,6,"[3, 3]","BaseStation_14 ([3, 3])",,10.0,,{},{'6': {'1': True}},"{'6': [{'start': 1, 'end': inf, 'duration': inf, 'waiting_time': 0, 'access_time': 0, 'interval': 0, 'next_access': inf}]}"
User_1,1,1,"[6, 0]","BaseStation_4 ([6, 0])",,18.0,,{},"{'1': {'1': True, '2': True}}","{'1': [{'start': 1, 'end': inf, 'duration': inf, 'waiting_time': 0, 'access_time': 1, 'interval': 0, 'next_access': inf}]}"
User_2,1,2,"[3, 1]","BaseStation_6 ([3, 1])",,13.0,,{},"{'2': {'1': True, '2': True}}","{'2': [{'start': 1, 'end': inf, 'duration': inf, 'waiting_time': 0, 'access_time': 1, 'interval': 0, 'next_access': inf}]}"
User_3,1,3,"[2, 2]","BaseStation_10 ([2, 2])",,16.0,,{},"{'3': {'1': True, '2': True}}","{'3': [{'start': 1, 'end': inf, 'duration': inf, 'waiting_time': 0, 'access_time': 1, 'interval': 0, 'next_access': inf}]}"
User_4,1,4,"[6, 0]","BaseStation_4 ([6, 0])",20.0,21.0,1.0,"{'4': [[4, 8]]}","{'4': {'1': True, '2': True}}","{'4': [{'start': 1, 'end': inf, 'duration': inf, 'waiting_time': 0, 'access_time': 1, 'interval': 0, 'next_access': inf}]}"
User_5,1,5,"[4, 2]","BaseStation_11 ([4, 2])",,20.0,,{},"{'5': {'1': True, '2': True}}","{'5': [{'start': 1, 'end': inf, 'duration': inf, 'waiting_time': 0, 'access_time': 1, 'interval': 0, 'next_access': inf}]}"
User_6,1,6,"[3, 3]","BaseStation_14 ([3, 3])",,10.0,,{},"{'6': {'1': True, '2': True}}","{'6': [{'start': 1, 'end': inf, 'duration': inf, 'waiting_time': 0, 'access_time': 1, 'interval': 0, 'next_access': inf}]}"
User_1,2,1,"[6, 0]","BaseStation_4 ([6, 0])",40.0,18.0,-22.0,"{'1': [[4, 3, 2, 1]]}","{'1': {'1': True, '2': True, '3': True}}","{'1': [{'start': 1, 'end': inf, 'duration': inf, 'waiting_time': 0, 'access_time': 2, 'interval': 0, 'next_access': inf}]}"
User_2,2,2,"[3, 1]","BaseStation_6 ([3, 1])",,13.0,,{},"{'2': {'1': True, '2': True, '3': True}}","{'2': [{'start': 1, 'end': inf, 'duration': inf, 'waiting_time': 0, 'access_time': 2, 'interval': 0, 'next_access': inf}]}"
User_3,2,3,"[2, 2]","BaseStation_10 ([2, 2])",,16.0,,{},"{'3': {'1': True, '2': True, '3': True}}","{'3': [{'start': 1, 'end': inf, 'duration': inf, 'waiting_time': 0, 'access_time': 2, 'interval': 0, 'next_access': inf}]}"
User_4,2,4,"[6, 0]","BaseStation_4 ([6, 0])",20.0,21.0,1.0,"{'4': [[4, 8]]}","{'4': {'1': True, '2': True, '3': True}}","{'4': [{'start': 1, 'end': inf, 'duration': inf, 'waiting_time': 0, 'access_time': 2, 'interval': 0, 'next_access': inf}]}"
User_5,2,5,"[4, 2]","BaseStation_11 ([4, 2])",,20.0,,{},"{'5': {'1': True, '2': True, '3': True}}","{'5': [{'start': 1, 'end': inf, 'duration': inf, 'waiting_time': 0, 'access_time': 2, 'interval': 0, 'next_access': inf}]}"
User_6,2,6,"[3, 3]","BaseStation_14 ([3, 3])",,10.0,,{},"{'6': {'1': True, '2': True, '3': True}}","{'6': [{'start': 1, 'end': inf, 'duration': inf, 'waiting_time': 0, 'access_time': 2, 'interval': 0, 'next_access': inf}]}"
User_1,3,1,"[6, 0]","BaseStation_4 ([6, 0])",40.0,18.0,-22.0,"{'1': [[4, 3, 2, 1]]}","{'1': {'1': True, '2': True, '3': True, '4': True}}","{'1': [{'start': 1, 'end': inf, 'duration': inf, 'waiting_time': 0, 'access_time': 3, 'interval': 0, 'next_access': inf}]}"
User_2,3,2,"[3, 1]","BaseStation_6 ([3, 1])",,13.0,,{},"{'2': {'1': True, '2': True, '3': True, '4': True}}","{'2': [{'start': 1, 'end': inf, 'duration': inf, 'waiting_time': 0, 'access_time': 3, 'interval': 0, 'next_access': inf}]}"
User_3,3,3,"[2, 2]","BaseStation_10 ([2, 2])",,16.0,,{},"{'3': {'1': True, '2': True, '3': True, '4': True}}","{'3': [{'start': 1, 'end': inf, 'duration': inf, 'waiting_time': 0, 'access_time': 3, 'interval': 0, 'next_access': inf}]}"
User_4,3,4,"[6, 0]","BaseStation_4 ([6, 0])",20.0,21.0,1.0,"{'4': [[4, 8]]}","{'4': {'1': True, '2': True, '3': True, '4': True}}","{'4': [{'start': 1, 'end': inf, 'duration': inf, 'waiting_time': 0, 'access_time': 3, 'interval': 0, 'next_access': inf}]}"
User_5,3,5,"[4, 2]","BaseStation_11 ([4, 2])",,20.0,,{},"{'5': {'1': True, '2': True, '3': True, '4': True}}","{'5': [{'start': 1, 'end': inf, 'duration': inf, 'waiting_time': 0, 'access_time': 3, 'interval': 0, 'next_access': inf}]}"
User_6,3,6,"[3, 3]","BaseStation_14 ([3, 3])",,10.0,,{},"{'6': {'1': True, '2': True, '3': True, '4': True}}","{'6': [{'start': 1, 'end': inf, 'duration': inf, 'waiting_time': 0, 'access_time': 3, 'interval': 0, 'next_access': inf}]}"
User_1,4,1,"[6, 0]","BaseStation_4 ([6, 0])",40.0,18.0,-22.0,"{'1': [[4, 3, 2, 1]]}","{'1': {'1': True, '2': True, '3': True, '4': True, '5': True}}","{'1': [{'start': 1, 'end': inf, 'duration': inf, 'waiting_time': 0, 'access_time': 4, 'interval': 0, 'next_access': inf}]}"
User_2,4,2,"[3, 1]","BaseStation_6 ([3, 1])",,13.0,,{},"{'2': {'1': True, '2': True, '3': True, '4': True, '5': True}}","{'2': [{'start': 1, 'end': inf, 'duration': inf, 'waiting_time': 0, 'access_time': 4, 'interval': 0, 'next_access': inf}]}"
User_3,4,3,"[2, 2]","BaseStation_10 ([2, 2])",,16.0,,{},"{'3': {'1': True, '2': True, '3': True, '4': True, '5': True}}","{'3': [{'start': 1, 'end': inf, 'duration': inf, 'waiting_time': 0, 'access_time': 4, 'interval': 0, 'next_access': inf}]}"
User_4,4,4,"[6, 0]","BaseStation_4 ([6, 0])",20.0,21.0,1.0,"{'4': [[4, 8]]}","{'4': {'1': True, '2': True, '3': True, '4': True, '5': True}}","{'4': [{'start': 1, 'end': inf, 'duration': inf, 'waiting_time': 0, 'access_time': 4, 'interval': 0, 'next_access': inf}]}"
User_5,4,5,"[4, 2]","BaseStation_11 ([4, 2])",,20.0,,{},"{'5': {'1': True, '2': True, '3': True, '4': True, '5': True}}","{'5': [{'start': 1, 'end': inf, 'duration': inf, 'waiting_time': 0, 'access_time': 4, 'interval': 0, 'next_access': inf}]}"
User_6,4,6,"[3, 3]","BaseStation_14 ([3, 3])",30.0,10.0,-20.0,"{'6': [[14, 11, 12]]}","{'6': {'1': True, '2': True, '3': True, '4': True, '5': True}}","{'6': [{'start': 1, 'end': inf, 'duration': inf, 'waiting_time': 0, 'access_time': 4, 'interval': 0, 'next_access': inf}]}"
User_1,5,1,"[6, 0]","BaseStation_4 ([6, 0])",40.0,18.0,-22.0,"{'1': [[4, 3, 2, 1]]}","{'1': {'1': True, '2': True, '3': True, '4': True, '5': True, '6': True}}","{'1': [{'start': 1, 'end': inf, 'duration': inf, 'waiting_time': 0, 'access_time': 5, 'interval': 0, 'next_access': inf}]}"
User_2,5,2,"[3, 1]","BaseStation_6 ([3, 1])",,13.0,,{},"{'2': {'1': True, '2': True, '3': True, '4': True, '5': True, '6': True}}","{'2': [{'start': 1, 'end': inf, 'duration': inf, 'waiting_time': 0, 'access_time': 5, 'interval': 0, 'next_access': inf}]}"
User_3,5,3,"[2, 2]","BaseStation_10 ([2, 2])",,16.0,,{},"{'3': {'1': True, '2': True, '3': True, '4': True, '5': True, '6': True}}","{'3': [{'start': 1, 'end': inf, 'duration': inf, 'waiting_time': 0, 'access_time': 5, 'interval': 0, 'next_access': inf}]}"
User_4,5,4,"[6, 0]","BaseStation_4 ([6, 0])",20.0,21.0,1.0,"{'4': [[4, 8]]}","{'4': {'1': True, '2': True, '3': True, '4': True, '5': True, '6': True}}","{'4': [{'start': 1, 'end': inf, 'duration': inf, 'waiting_time': 0, 'access_time': 5, 'interval': 0, 'next_access': inf}]}"
User_5,5,5,"[4, 2]","BaseStation_11 ([4, 2])",30.0,20.0,-10.0,"{'5': [[11, 7, 4]]}","{'5': {'1': True, '2': True, '3': True, '4': True, '5': True, '6': True}}","{'5': [{'start': 1, 'end': inf, 'duration': inf, 'waiting_time': 0, 'access_time': 5, 'interval': 0, 'next_access': inf}]}"
User_6,5,6,"[3, 3]","BaseStation_14 ([3, 3])",30.0,10.0,-20.0,"{'6': [[14, 11, 12]]}","{'6': {'1': True, '2': True, '3': True, '4': True, '5': True, '6': True}}","{'6': [{'start': 1, 'end': inf, 'duration': inf, 'waiting_time': 0, 'access_time': 5, 'interval': 0, 'next_access': inf}]}"
User_1,6,1,"[6, 0]","BaseStation_4 ([6, 0])",40.0,18.0,-22.0,"{'1': [[4, 3, 2, 1]]}","{'1': {'1': True, '2': True, '3': True, '4': True, '5': True, '6': True, '7': True}}","{'1': [{'start': 1, 'end': inf, 'duration': inf, 'waiting_time': 0, 'access_time': 6, 'interval': 0, 'next_access': inf}]}"
User_2,6,2,"[3, 1]","BaseStation_6 ([3, 1])",,13.0,,{},"{'2': {'1': True, '2': True, '3': True, '4': True, '5': True, '6': True, '7': True}}","{'2': [{'start': 1, 'end': inf, 'duration': inf, 'waiting_time': 0, 'access_time': 6, 'interval': 0, 'next_access': inf}]}"
User_3,6,3,"[2, 2]","BaseStation_10 ([2, 2])",,16.0,,{},"{'3': {'1': True, '2': True, '3': True, '4': True, '5': True, '6': True, '7': True}}","{'3': [{'start': 1, 'end': inf, 'duration': inf, 'waiting_time': 0, 'access_time': 6, 'interval': 0, 'next_access': inf}]}"
User_4,6,4,"[6, 0]","BaseStation_4 ([6, 0])",20.0,21.0,1.0,"{'4': [[4, 8]]}","{'4': {'1': True, '2': True, '3': True, '4': True, '5': True, '6': True, '7': True}}","{'4': [{'start': 1, 'end': inf, 'duration': inf, 'waiting_time': 0, 'access_time': 6, 'interval': 0, 'next_access': inf}]}"
User_5,6,5,"[4, 2]","BaseStation_11 ([4, 2])",30.0,20.0,-10.0,"{'5': [[11, 7, 4]]}","{'5': {'1': True, '2': True, '3': True, '4': True, '5': True, '6': True, '7': True}}","{'5': [{'start': 1, 'end': inf, 'duration': inf, 'waiting_time': 0, 'access_time': 6, 'interval': 0, 'next_access': inf}]}"
User_6,6,6,"[3, 3]","BaseStation_14 ([3, 3])",30.0,10.0,-20.0,"{'6': [[14, 11, 12]]}","{'6': {'1': True, '2': True, '3': True, '4': True, '5': True, '6': True, '7': True}}","{'6': [{'start': 1, 'end': inf, 'duration': inf, 'waiting_time': 0, 'access_time': 6, 'interval': 0, 'next_access': inf}]}"
User_1,7,1,"[6, 0]","BaseStation_4 ([6, 0])",40.0,18.0,-22.0,"{'1': [[4, 3, 2, 1]]}","{'1': {'1': True, '2': True, '3': True, '4': True, '5': True, '6': True, '7': True, '8': True}}","{'1': [{'start': 1, 'end': inf, 'duration': inf, 'waiting_time': 0, 'access_time': 7, 'interval': 0, 'next_access': inf}]}"
User_2,7,2,"[3, 1]","BaseStation_6 ([3, 1])",,13.0,,{},"{'2': {'1': True, '2': True, '3': True, '4': True, '5': True, '6': True, '7': True, '8': True}}","{'2': [{'start': 1, 'end': inf, 'duration': inf, 'waiting_time': 0, 'access_time': 7, 'interval': 0, 'next_access': inf}]}"
User_3,7,3,"[2, 2]","BaseStation_10 ([2, 2])",,16.0,,{},"{'3': {'1': True, '2': True, '3': True, '4': True, '5': True, '6': True, '7': True, '8': True}}","{'3': [{'start': 1, 'end': inf, 'duration': inf, 'waiting_time': 0, 'access_time': 7, 'interval': 0, 'next_access': inf}]}"
User_4,7,4,"[6, 0]","BaseStation_4 ([6, 0])",20.0,21.0,1.0,"{'4': [[4, 8]]}","{'4': {'1': True, '2': True, '3': True, '4': True, '5': True, '6': True, '7': True, '8': True}}","{'4': [{'start': 1, 'end': inf, 'duration': inf, 'waiting_time': 0, 'access_time': 7, 'interval': 0, 'next_access': inf}]}"
User_5,7,5,"[4, 2]","BaseStation_11 ([4, 2])",30.0,20.0,-10.0,"{'5': [[11, 7, 4]]}","{'5': {'1': True, '2': True, '3': True, '4': True, '5': True, '6': True, '7': True, '8': True}}","{'5': [{'start': 1, 'end': inf, 'duration': inf, 'waiting_time': 0, 'access_time': 7, 'interval': 0, 'next_access': inf}]}"
User_6,7,6,"[3, 3]","BaseStation_14 ([3, 3])",30.0,10.0,-20.0,"{'6': [[14, 11, 12]]}","{'6': {'1': True, '2': True, '3': True, '4': True, '5': True, '6': True, '7': True, '8': True}}","{'6': [{'start': 1, 'end': inf, 'duration': inf, 'waiting_time': 0, 'access_time': 7, 'interval': 0, 'next_access': inf}]}"
User_1,8,1,"[6, 0]","BaseStation_4 ([6, 0])",40.0,18.0,-22.0,"{'1': [[4, 3, 2, 1]]}","{'1': {'1': True, '2': True, '3': True, '4': True, '5': True, '6': True, '7': True, '8': True, '9': True}}","{'1': [{'start': 1, 'end': inf, 'duration': inf, 'waiting_time': 0, 'access_time': 8, 'interval': 0, 'next_access': inf}]}"
User_2,8,2,"[3, 1]","BaseStation_6 ([3, 1])",,13.0,,{},"{'2': {'1': True, '2': True, '3': True, '4': True, '5': True, '6': True, '7': True, '8': True, '9': True}}","{'2': [{'start': 1, 'end': inf, 'duration': inf, 'waiting_time': 0, 'access_time': 8, 'interval': 0, 'next_access': inf}]}"
User_3,8,3,"[2, 2]","BaseStation_10 ([2, 2])",20.0,16.0,-4.0,"{'3': [[10, 9]]}","{'3': {'1': True, '2': True, '3': True, '4': True, '5': True, '6': True, '7': True, '8': True, '9': True}}","{'3': [{'start': 1, 'end': inf, 'duration': inf, 'waiting_time': 0, 'access_time': 8, 'interval': 0, 'next_access': inf}]}"
User_4,8,4,"[6, 0]","BaseStation_4 ([6, 0])",20.0,21.0,1.0,"{'4': [[4, 8]]}","{'4': {'1': True, '2': True, '3': True, '4': True, '5': True, '6': True, '7': True, '8': True, '9': True}}","{'4': [{'start': 1, 'end': inf, 'duration': inf, 'waiting_time': 0, 'access_time': 8, 'interval': 0, 'next_access': inf}]}"
User_5,8,5,"[4, 2]","BaseStation_11 ([4, 2])",30.0,20.0,-10.0,"{'5': [[11, 7, 4]]}","{'5': {'1': True, '2': True, '3': True, '4': True, '5': True, '6': True, '7': True, '8': True, '9': True}}","{'5': [{'start': 1, 'end': inf, 'duration': inf, 'waiting_time': 0, 'access_time': 8, 'interval': 0, 'next_access': inf}]}"
User_6,8,6,"[3, 3]","BaseStation_14 ([3, 3])",30.0,10.0,-20.0,"{'6': [[14, 11, 12]]}","{'6': {'1': True, '2': True, '3': True, '4': True, '5': True, '6': True, '7': True, '8': True, '9': True}}","{'6': [{'start': 1, 'end': inf, 'duration': inf, 'waiting_time': 0, 'access_time': 8, 'interval': 0, 'next_access': inf}]}"
User_1,9,1,"[6, 0]","BaseStation_4 ([6, 0])",40.0,18.0,-22.0,"{'1': [[4, 3, 2, 1]]}","{'1': {'1': True, '2': True, '3': True, '4': True, '5': True, '6': True, '7': True, '8': True, '9': True, '10': True}}","{'1': [{'start': 1, 'end': inf, 'duration': inf, 'waiting_time': 0, 'access_time': 9, 'interval': 0, 'next_access': inf}]}"
User_2,9,2,"[3, 1]","BaseStation_6 ([3, 1])",,13.0,,{},"{'2': {'1': True, '2': True, '3': True, '4': True, '5': True, '6': True, '7': True, '8': True, '9': True, '10': True}}","{'2': [{'start': 1, 'end': inf, 'duration': inf, 'waiting_time': 0, 'access_time': 9, 'interval': 0, 'next_access': inf}]}"
User_3,9,3,"[2, 2]","BaseStation_10 ([2, 2])",20.0,16.0,-4.0,"{'3': [[10, 9]]}","{'3': {'1': True, '2': True, '3': True, '4': True, '5': True, '6': True, '7': True, '8': True, '9': True, '10': True}}","{'3': [{'start': 1, 'end': inf, 'duration': inf, 'waiting_time': 0, 'access_time': 9, 'interval': 0, 'next_access': inf}]}"
User_4,9,4,"[6, 0]","BaseStation_4 ([6, 0])",20.0,21.0,1.0,"{'4': [[4, 8]]}","{'4': {'1': True, '2': True, '3': True, '4': True, '5': True, '6': True, '7': True, '8': True, '9': True, '10': True}}","{'4': [{'start': 1, 'end': inf, 'duration': inf, 'waiting_time': 0, 'access_time': 9, 'interval': 0, 'next_access': inf}]}"
User_5,9,5,"[4, 2]","BaseStation_11 ([4, 2])",30.0,20.0,-10.0,"{'5': [[11, 7, 4]]}","{'5': {'1': True, '2': True, '3': True, '4': True, '5': True, '6': True, '7': True, '8': True, '9': True, '10': True}}","{'5': [{'start': 1, 'end': inf, 'duration': inf, 'waiting_time': 0, 'access_time': 9, 'interval': 0, 'next_access': inf}]}"
User_6,9,6,"[3, 3]","BaseStation_14 ([3, 3])",30.0,10.0,-20.0,"{'6': [[14, 11, 12]]}","{'6': {'1': True, '2': True, '3': True, '4': True, '5': True, '6': True, '7': True, '8': True, '9': True, '10': True}}","{'6': [{'start': 1, 'end': inf, 'duration': inf, 'waiting_time': 0, 'access_time': 9, 'interval': 0, 'next_access': inf}]}"
User_1,10,1,"[6, 0]","BaseStation_4 ([6, 0])",40.0,18.0,-22.0,"{'1': [[4, 3, 2, 1]]}","{'1': {'1': True, '2': True, '3': True, '4': True, '5': True, '6': True, '7': True, '8': True, '9': True, '10': True, '11': True}}","{'1': [{'start': 1, 'end': inf, 'duration': inf, 'waiting_time': 0, 'access_time': 10, 'interval': 0, 'next_access': inf}]}"
User_2,10,2,"[3, 1]","BaseStation_6 ([3, 1])",,13.0,,{},"{'2': {'1': True, '2': True, '3': True, '4': True, '5': True, '6': True, '7': True, '8': True, '9': True, '10': True, '11': True}}","{'2': [{'start': 1, 'end': inf, 'duration': inf, 'waiting_time': 0, 'access_time': 10, 'interval': 0, 'next_access': inf}]}"
User_3,10,3,"[2, 2]","BaseStation_10 ([2, 2])",20.0,16.0,-4.0,"{'3': [[10, 9]]}","{'3': {'1': True, '2': True, '3': True, '4': True, '5': True, '6': True, '7': True, '8': True, '9': True, '10': True, '11': True}}","{'3': [{'start': 1, 'end': inf, 'duration': inf, 'waiting_time': 0, 'access_time': 10, 'interval': 0, 'next_access': inf}]}"
User_4,10,4,"[6, 0]","BaseStation_4 ([6, 0])",20.0,21.0,1.0,"{'4': [[4, 8]]}","{'4': {'1': True, '2': True, '3': True, '4': True, '5': True, '6': True, '7': True, '8': True, '9': True, '10': True, '11': True}}","{'4': [{'start': 1, 'end': inf, 'duration': inf, 'waiting_time': 0, 'access_time': 10, 'interval': 0, 'next_access': inf}]}"
User_5,10,5,"[4, 2]","BaseStation_11 ([4, 2])",30.0,20.0,-10.0,"{'5': [[11, 7, 4]]}","{'5': {'1': True, '2': True, '3': True, '4': True, '5': True, '6': True, '7': True, '8': True, '9': True, '10': True, '11': True}}","{'5': [{'start': 1, 'end': inf, 'duration': inf, 'waiting_time': 0, 'access_time': 10, 'interval': 0, 'next_access': inf}]}"
User_6,10,6,"[3, 3]","BaseStation_14 ([3, 3])",30.0,10.0,-20.0,"{'6': [[14, 11, 12]]}","{'6': {'1': True, '2': True, '3': True, '4': True, '5': True, '6': True, '7': True, '8': True, '9': True, '10': True, '11': True}}","{'6': [{'start': 1, 'end': inf, 'duration': inf, 'waiting_time': 0, 'access_time': 10, 'interval': 0, 'next_access': inf}]}"
User_1,11,1,"[6, 0]","BaseStation_4 ([6, 0])",40.0,18.0,-22.0,"{'1': [[4, 3, 2, 1]]}","{'1': {'1': True, '2': True, '3': True, '4': True, '5': True, '6': True, '7': True, '8': True, '9': True, '10': True, '11': True, '12': True}}","{'1': [{'start': 1, 'end': inf, 'duration': inf, 'waiting_time': 0, 'access_time': 11, 'interval': 0, 'next_access': inf}]}"
User_2,11,2,"[3, 1]","BaseStation_6 ([3, 1])",,13.0,,{},"{'2': {'1': True, '2': True, '3': True, '4': True, '5': True, '6': True, '7': True, '8': True, '9': True, '10': True, '11': True, '12': True}}","{'2': [{'start': 1, 'end': inf, 'duration': inf, 'waiting_time': 0, 'access_time': 11, 'interval': 0, 'next_access': inf}]}"
User_3,11,3,"[2, 2]","BaseStation_10 ([2, 2])",20.0,16.0,-4.0,"{'3': [[10, 9]]}","{'3': {'1': True, '2': True, '3': True, '4': True, '5': True, '6': True, '7': True, '8': True, '9': True, '10': True, '11': True, '12': True}}","{'3': [{'start': 1, 'end': inf, 'duration': inf, 'waiting_time': 0, 'access_time': 11, 'interval': 0, 'next_access': inf}]}"
User_4,11,4,"[6, 0]","BaseStation_4 ([6, 0])",20.0,21.0,1.0,"{'4': [[4, 8]]}","{'4': {'1': True, '2': True, '3': True, '4': True, '5': True, '6': True, '7': True, '8': True, '9': True, '10': True, '11': True, '12': True}}","{'4': [{'start': 1, 'end': inf, 'duration': inf, 'waiting_time': 0, 'access_time': 11, 'interval': 0, 'next_access': inf}]}"
User_5,11,5,"[4, 2]","BaseStation_11 ([4, 2])",30.0,20.0,-10.0,"{'5': [[11, 7, 4]]}","{'5': {'1': True, '2': True, '3': True, '4': True, '5': True, '6': True, '7': True, '8': True, '9': True, '10': True, '11': True, '12': True}}","{'5': [{'start': 1, 'end': inf, 'duration': inf, 'waiting_time': 0, 'access_time': 11, 'interval': 0, 'next_access': inf}]}"
User_6,11,6,"[3, 3]","BaseStation_14 ([3, 3])",30.0,10.0,-20.0,"{'6': [[14, 11, 12]]}","{'6': {'1': True, '2': True, '3': True, '4': True, '5': True, '6': True, '7': True, '8': True, '9': True, '10': True, '11': True, '12': True}}","{'6': [{'start': 1, 'end': inf, 'duration': inf, 'waiting_time': 0, 'access_time': 11, 'interval': 0, 'next_access': inf}]}"
User_1,12,1,"[6, 0]","BaseStation_4 ([6, 0])",40.0,18.0,-22.0,"{'1': [[4, 3, 2, 1]]}","{'1': {'1': True, '2': True, '3': True, '4': True, '5': True, '6': True, '7': True, '8': True, '9': True, '10': True, '11': True, '12': True, '13': True}}","{'1': [{'start': 1, 'end': inf, 'duration': inf, 'waiting_time': 0, 'access_time': 12, 'interval': 0, 'next_access': inf}]}"
User_2,12,2,"[3, 1]","BaseStation_6 ([3, 1])",,13.0,,{},"{'2': {'1': True, '2': True, '3': True, '4': True, '5': True, '6': True, '7': True, '8': True, '9': True, '10': True, '11': True, '12': True, '13': True}}","{'2': [{'start': 1, 'end': inf, 'duration': inf, 'waiting_time': 0, 'access_time': 12, 'interval': 0, 'next_access': inf}]}"
User_3,12,3,"[2, 2]","BaseStation_10 ([2, 2])",20.0,16.0,-4.0,"{'3': [[10, 9]]}","{'3': {'1': True, '2': True, '3': True, '4': True, '5': True, '6': True, '7': True, '8': True, '9': True, '10': True, '11': True, '12': True, '13': True}}","{'3': [{'start': 1, 'end': inf, 'duration': inf, 'waiting_time': 0, 'access_time': 12, 'interval': 0, 'next_access': inf}]}"
User_4,12,4,"[6, 0]","BaseStation_4 ([6, 0])",20.0,21.0,1.0,"{'4': [[4, 8]]}","{'4': {'1': True, '2': True, '3': True, '4': True, '5': True, '6': True, '7': True, '8': True, '9': True, '10': True, '11': True, '12': True, '13': True}}","{'4': [{'start': 1, 'end': inf, 'duration': inf, 'waiting_time': 0, 'access_time': 12, 'interval': 0, 'next_access': inf}]}"
User_5,12,5,"[4, 2]","BaseStation_11 ([4, 2])",30.0,20.0,-10.0,"{'5': [[11, 7, 4]]}","{'5': {'1': True, '2': True, '3': True, '4': True, '5': True, '6': True, '7': True, '8': True, '9': True, '10': True, '11': True, '12': True, '13': True}}","{'5': [{'start': 1, 'end': inf, 'duration': inf, 'waiting_time': 0, 'access_time': 12, 'interval': 0, 'next_access': inf}]}"
User_6,12,6,"[3, 3]","BaseStation_14 ([3, 3])",30.0,10.0,-20.0,"{'6': [[14, 11, 12]]}","{'6': {'1': True, '2': True, '3': True, '4': True, '5': True, '6': True, '7': True, '8': True, '9': True, '10': True, '11': True, '12': True, '13': True}}","{'6': [{'start': 1, 'end': inf, 'duration': inf, 'waiting_time': 0, 'access_time': 12, 'interval': 0, 'next_access': inf}]}"
User_1,13,1,"[6, 0]","BaseStation_4 ([6, 0])",40.0,18.0,-22.0,"{'1': [[4, 3, 2, 1]]}","{'1': {'1': True, '2': True, '3': True, '4': True, '5': True, '6': True, '7': True, '8': True, '9': True, '10': True, '11': True, '12': True, '13': True, '14': True}}","{'1': [{'start': 1, 'end': inf, 'duration': inf, 'waiting_time': 0, 'access_time': 13, 'interval': 0, 'next_access': inf}]}"
User_2,13,2,"[3, 1]","BaseStation_6 ([3, 1])",,13.0,,{},"{'2': {'1': True, '2': True, '3': True, '4': True, '5': True, '6': True, '7': True, '8': True, '9': True, '10': True, '11': True, '12': True, '13': True, '14': True}}","{'2': [{'start': 1, 'end': inf, 'duration': inf, 'waiting_time': 0, 'access_time': 13, 'interval': 0, 'next_access': inf}]}"
User_3,13,3,"[2, 2]","BaseStation_10 ([2, 2])",20.0,16.0,-4.0,"{'3': [[10, 9]]}","{'3': {'1': True, '2': True, '3': True, '4': True, '5': True, '6': True, '7': True, '8': True, '9': True, '10': True, '11': True, '12': True, '13': True, '14': True}}","{'3': [{'start': 1, 'end': inf, 'duration': inf, 'waiting_time': 0, 'access_time': 13, 'interval': 0, 'next_access': inf}]}"
User_4,13,4,"[6, 0]","BaseStation_4 ([6, 0])",20.0,21.0,1.0,"{'4': [[4, 8]]}","{'4': {'1': True, '2': True, '3': True, '4': True, '5': True, '6': True, '7': True, '8': True, '9': True, '10': True, '11': True, '12': True, '13': True, '14': True}}","{'4': [{'start': 1, 'end': inf, 'duration': inf, 'waiting_time': 0, 'access_time': 13, 'interval': 0, 'next_access': inf}]}"
User_5,13,5,"[4, 2]","BaseStation_11 ([4, 2])",30.0,20.0,-10.0,"{'5': [[11, 7, 4]]}","{'5': {'1': True, '2': True, '3': True, '4': True, '5': True, '6': True, '7': True, '8': True, '9': True, '10': True, '11': True, '12': True, '13': True, '14': True}}","{'5': [{'start': 1, 'end': inf, 'duration': inf, 'waiting_time': 0, 'access_time': 13, 'interval': 0, 'next_access': inf}]}"
User_6,13,6,"[3, 3]","BaseStation_14 ([3, 3])",30.0,10.0,-20.0,"{'6': [[14, 11, 12]]}","{'6': {'1': True, '2': True, '3': True, '4': True, '5': True, '6': True, '7': True, '8': True, '9': True, '10': True, '11': True, '12': True, '13': True, '14': True}}","{'6': [{'start': 1, 'end': inf, 'duration': inf, 'waiting_time': 0, 'access_time': 13, 'interval': 0, 'next_access': inf}]}"
User_1,14,1,"[6, 0]","BaseStation_4 ([6, 0])",40.0,18.0,-22.0,"{'1': [[4, 3, 2, 1]]}","{'1': {'1': True, '2': True, '3': True, '4': True, '5': True, '6': True, '7': True, '8': True, '9': True, '10': True, '11': True, '12': True, '13': True, '14': True, '15': True}}","{'1': [{'start': 1, 'end': inf, 'duration': inf, 'waiting_time': 0, 'access_time': 14, 'interval': 0, 'next_access': inf}]}"
User_2,14,2,"[3, 1]","BaseStation_6 ([3, 1])",,13.0,,{},"{'2': {'1': True, '2': True, '3': True, '4': True, '5': True, '6': True, '7': True, '8': True, '9': True, '10': True, '11': True, '12': True, '13': True, '14': True, '15': True}}","{'2': [{'start': 1, 'end': inf, 'duration': inf, 'waiting_time': 0, 'access_time': 14, 'interval': 0, 'next_access': inf}]}"
User_3,14,3,"[2, 2]","BaseStation_10 ([2, 2])",20.0,16.0,-4.0,"{'3': [[10, 9]]}","{'3': {'1': True, '2': True, '3': True, '4': True, '5': True, '6': True, '7': True, '8': True, '9': True, '10': True, '11': True, '12': True, '13': True, '14': True, '15': True}}","{'3': [{'start': 1, 'end': inf, 'duration': inf, 'waiting_time': 0, 'access_time': 14, 'interval': 0, 'next_access': inf}]}"
User_4,14,4,"[6, 0]","BaseStation_4 ([6, 0])",20.0,21.0,1.0,"{'4': [[4, 8]]}","{'4': {'1': True, '2': True, '3': True, '4': True, '5': True, '6': True, '7': True, '8': True, '9': True, '10': True, '11': True, '12': True, '13': True, '14': True, '15': True}}","{'4': [{'start': 1, 'end': inf, 'duration': inf, 'waiting_time': 0, 'access_time': 14, 'interval': 0, 'next_access': inf}]}"
User_5,14,5,"[4, 2]","BaseStation_11 ([4, 2])",30.0,20.0,-10.0,"{'5': [[11, 7, 4]]}","{'5': {'1': True, '2': True, '3': True, '4': True, '5': True, '6': True, '7': True, '8': True, '9': True, '10': True, '11': True, '12': True, '13': True, '14': True, '15': True}}","{'5': [{'start': 1, 'end': inf, 'duration': inf, 'waiting_time': 0, 'access_time': 14, 'interval': 0, 'next_access': inf}]}"
User_6,14,6,"[3, 3]","BaseStation_14 ([3, 3])",30.0,10.0,-20.0,"{'6': [[14, 11, 12]]}","{'6': {'1': True, '2': True, '3': True, '4': True, '5': True, '6': True, '7': True, '8': True, '9': True, '10': True, '11': True, '12': True, '13': True, '14': True, '15': True}}","{'6': [{'start': 1, 'end': inf, 'duration': inf, 'waiting_time': 0, 'access_time': 14, 'interval': 0, 'next_access': inf}]}"
User_1,15,1,"[6, 0]","BaseStation_4 ([6, 0])",40.0,18.0,-22.0,"{'1': [[4, 3, 2, 1]]}","{'1': {'1': True, '2': True, '3': True, '4': True, '5': True, '6': True, '7': True, '8': True, '9': True, '10': True, '11': True, '12': True, '13': True, '14': True, '15': True, '16': True}}","{'1': [{'start': 1, 'end': inf, 'duration': inf, 'waiting_time': 0, 'access_time': 15, 'interval': 0, 'next_access': inf}]}"
User_2,15,2,"[3, 1]","BaseStation_6 ([3, 1])",,13.0,,{},"{'2': {'1': True, '2': True, '3': True, '4': True, '5': True, '6': True, '7': True, '8': True, '9': True, '10': True, '11': True, '12': True, '13': True, '14': True, '15': True, '16': True}}","{'2': [{'start': 1, 'end': inf, 'duration': inf, 'waiting_time': 0, 'access_time': 15, 'interval': 0, 'next_access': inf}]}"
User_3,15,3,"[2, 2]","BaseStation_10 ([2, 2])",20.0,16.0,-4.0,"{'3': [[10, 9]]}","{'3': {'1': True, '2': True, '3': True, '4': True, '5': True, '6': True, '7': True, '8': True, '9': True, '10': True, '11': True, '12': True, '13': True, '14': True, '15': True, '16': True}}","{'3': [{'start': 1, 'end': inf, 'duration': inf, 'waiting_time': 0, 'access_time': 15, 'interval': 0, 'next_access': inf}]}"
User_4,15,4,"[6, 0]","BaseStation_4 ([6, 0])",20.0,21.0,1.0,"{'4': [[4, 8]]}","{'4': {'1': True, '2': True, '3': True, '4': True, '5': True, '6': True, '7': True, '8': True, '9': True, '10': True, '11': True, '12': True, '13': True, '14': True, '15': True, '16': True}}","{'4': [{'start': 1, 'end': inf, 'duration': inf, 'waiting_time': 0, 'access_time': 15, 'interval': 0, 'next_access': inf}]}"
User_5,15,5,"[4, 2]","BaseStation_11 ([4, 2])",30.0,20.0,-10.0,"{'5': [[11, 7, 4]]}","{'5': {'1': True, '2': True, '3': True, '4': True, '5': True, '6': True, '7': True, '8': True, '9': True, '10': True, '11': True, '12': True, '13': True, '14': True, '15': True, '16': True}}","{'5': [{'start': 1, 'end': inf, 'duration': inf, 'waiting_time': 0, 'access_time': 15, 'interval': 0, 'next_access': inf}]}"
User_6,15,6,"[3, 3]","BaseStation_14 ([3, 3])",30.0,10.0,-20.0,"{'6': [[14, 11, 12]]}","{'6': {'1': True, '2': True, '3': True, '4': True, '5': True, '6': True, '7': True, '8': True, '9': True, '10': True, '11': True, '12': True, '13': True, '14': True, '15': True, '16': True}}","{'6': [{'start': 1, 'end': inf, 'duration': inf, 'waiting_time': 0, 'access_time': 15, 'interval': 0, 'next_access': inf}]}"
User_1,16,1,"[6, 0]","BaseStation_4 ([6, 0])",40.0,18.0,-22.0,"{'1': [[4, 3, 2, 1]]}","{'1': {'1': True, '2': True, '3': True, '4': True, '5': True, '6': True, '7': True, '8': True, '9': True, '10': True, '11': True, '12': True, '13': True, '14': True, '15': True, '16': True, '17': True}}","{'1': [{'start': 1, 'end': inf, 'duration': inf, 'waiting_time': 0, 'access_time': 16, 'interval': 0, 'next_access': inf}]}"
User_2,16,2,"[3, 1]","BaseStation_6 ([3, 1])",,13.0,,{},"{'2': {'1': True, '2': True, '3': True, '4': True, '5': True, '6': True, '7': True, '8': True, '9': True, '10': True, '11': True, '12': True, '13': True, '14': True, '15': True, '16': True, '17': True}}","{'2': [{'start': 1, 'end': inf, 'duration': inf, 'waiting_time': 0, 'access_time': 16, 'interval': 0, 'next_access': inf}]}"
User_3,16,3,"[2, 2]","BaseStation_10 ([2, 2])",20.0,16.0,-4.0,"{'3': [[10, 9]]}","{'3': {'1': True, '2': True, '3': True, '4': True, '5': True, '6': True, '7': True, '8': True, '9': True, '10': True, '11': True, '12': True, '13': True, '14': True, '15': True, '16': True, '17': True}}","{'3': [{'start': 1, 'end': inf, 'duration': inf, 'waiting_time': 0, 'access_time': 16, 'interval': 0, 'next_access': inf}]}"
User_4,16,4,"[6, 0]","BaseStation_4 ([6, 0])",20.0,21.0,1.0,"{'4': [[4, 8]]}","{'4': {'1': True, '2': True, '3': True, '4': True, '5': True, '6': True, '7': True, '8': True, '9': True, '10': True, '11': True, '12': True, '13': True, '14': True, '15': True, '16': True, '17': True}}","{'4': [{'start': 1, 'end': inf, 'duration': inf, 'waiting_time': 0, 'access_time': 16, 'interval': 0, 'next_access': inf}]}"
User_5,16,5,"[4, 2]","BaseStation_11 ([4, 2])",30.0,20.0,-10.0,"{'5': [[11, 7, 4]]}","{'5': {'1': True, '2': True, '3': True, '4': True, '5': True, '6': True, '7': True, '8': True, '9': True, '10': True, '11': True, '12': True, '13': True, '14': True, '15': True, '16': True, '17': True}}","{'5': [{'start': 1, 'end': inf, 'duration': inf, 'waiting_time': 0, 'access_time': 16, 'interval': 0, 'next_access': inf}]}"
User_6,16,6,"[3, 3]","BaseStation_14 ([3, 3])",30.0,10.0,-20.0,"{'6': [[14, 11, 12]]}","{'6': {'1': True, '2': True, '3': True, '4': True, '5': True, '6': True, '7': True, '8': True, '9': True, '10': True, '11': True, '12': True, '13': True, '14': True, '15': True, '16': True, '17': True}}","{'6': [{'start': 1, 'end': inf, 'duration': inf, 'waiting_time': 0, 'access_time': 16, 'interval': 0, 'next_access': inf}]}"
User_1,17,1,"[6, 0]","BaseStation_4 ([6, 0])",40.0,18.0,-22.0,"{'1': [[4, 3, 2, 1]]}","{'1': {'1': True, '2': True, '3': True, '4': True, '5': True, '6': True, '7': True, '8': True, '9': True, '10': True, '11': True, '12': True, '13': True, '14': True, '15': True, '16': True, '17': True, '18': True}}","{'1': [{'start': 1, 'end': inf, 'duration': inf, 'waiting_time': 0, 'access_time': 17, 'interval': 0, 'next_access': inf}]}"
User_2,17,2,"[3, 1]","BaseStation_6 ([3, 1])",,13.0,,{},"{'2': {'1': True, '2': True, '3': True, '4': True, '5': True, '6': True, '7': True, '8': True, '9': True, '10': True, '11': True, '12': True, '13': True, '14': True, '15': True, '16': True, '17': True, '18': True}}","{'2': [{'start': 1, 'end': inf, 'duration': inf, 'waiting_time': 0, 'access_time': 17, 'interval': 0, 'next_access': inf}]}"
User_3,17,3,"[2, 2]","BaseStation_10 ([2, 2])",20.0,16.0,-4.0,"{'3': [[10, 9]]}","{'3': {'1': True, '2': True, '3': True, '4': True, '5': True, '6': True, '7': True, '8': True, '9': True, '10': True, '11': True, '12': True, '13': True, '14': True, '15': True, '16': True, '17': True, '18': True}}","{'3': [{'start': 1, 'end': inf, 'duration': inf, 'waiting_time': 0, 'access_time': 17, 'interval': 0, 'next_access': inf}]}"
User_4,17,4,"[6, 0]","BaseStation_4 ([6, 0])",20.0,21.0,1.0,"{'4': [[4, 8]]}","{'4': {'1': True, '2': True, '3': True, '4': True, '5': True, '6': True, '7': True, '8': True, '9': True, '10': True, '11': True, '12': True, '13': True, '14': True, '15': True, '16': True, '17': True, '18': True}}","{'4': [{'start': 1, 'end': inf, 'duration': inf, 'waiting_time': 0, 'access_time': 17, 'interval': 0, 'next_access': inf}]}"
User_5,17,5,"[4, 2]","BaseStation_11 ([4, 2])",30.0,20.0,-10.0,"{'5': [[11, 7, 4]]}","{'5': {'1': True, '2': True, '3': True, '4': True, '5': True, '6': True, '7': True, '8': True, '9': True, '10': True, '11': True, '12': True, '13': True, '14': True, '15': True, '16': True, '17': True, '18': True}}","{'5': [{'start': 1, 'end': inf, 'duration': inf, 'waiting_time': 0, 'access_time': 17, 'interval': 0, 'next_access': inf}]}"
User_6,17,6,"[3, 3]","BaseStation_14 ([3, 3])",30.0,10.0,-20.0,"{'6': [[14, 11, 12]]}","{'6': {'1': True, '2': True, '3': True, '4': True, '5': True, '6': True, '7': True, '8': True, '9': True, '10': True, '11': True, '12': True, '13': True, '14': True, '15': True, '16': True, '17': True, '18': True}}","{'6': [{'start': 1, 'end': inf, 'duration': inf, 'waiting_time': 0, 'access_time': 17, 'interval': 0, 'next_access': inf}]}"
User_1,18,1,"[6, 0]","BaseStation_4 ([6, 0])",40.0,18.0,-22.0,"{'1': [[4, 3, 2, 1]]}","{'1': {'1': True, '2': True, '3': True, '4': True, '5': True, '6': True, '7': True, '8': True, '9': True, '10': True, '11': True, '12': True, '13': True, '14': True, '15': True, '16': True, '17': True, '18': True, '19': True}}","{'1': [{'start': 1, 'end': inf, 'duration': inf, 'waiting_time': 0, 'access_time': 18, 'interval': 0, 'next_access': inf}]}"
User_2,18,2,"[3, 1]","BaseStation_6 ([3, 1])",,13.0,,{},"{'2': {'1': True, '2': True, '3': True, '4': True, '5': True, '6': True, '7': True, '8': True, '9': True, '10': True, '11': True, '12': True, '13': True, '14': True, '15': True, '16': True, '17': True, '18': True, '19': True}}","{'2': [{'start': 1, 'end': inf, 'duration': inf, 'waiting_time': 0, 'access_time': 18, 'interval': 0, 'next_access': inf}]}"
User_3,18,3,"[2, 2]","BaseStation_10 ([2, 2])",20.0,16.0,-4.0,"{'3': [[10, 9]]}","{'3': {'1': True, '2': True, '3': True, '4': True, '5': True, '6': True, '7': True, '8': True, '9': True, '10': True, '11': True, '12': True, '13': True, '14': True, '15': True, '16': True, '17': True, '18': True, '19': True}}","{'3': [{'start': 1, 'end': inf, 'duration': inf, 'waiting_time': 0, 'access_time': 18, 'interval': 0, 'next_access': inf}]}"
User_4,18,4,"[6, 0]","BaseStation_4 ([6, 0])",20.0,21.0,1.0,"{'4': [[4, 8]]}","{'4': {'1': True, '2': True, '3': True, '4': True, '5': True, '6': True, '7': True, '8': True, '9': True, '10': True, '11': True, '12': True, '13': True, '14': True, '15': True, '16': True, '17': True, '18': True, '19': True}}","{'4': [{'start': 1, 'end': inf, 'duration': inf, 'waiting_time': 0, 'access_time': 18, 'interval': 0, 'next_access': inf}]}"
User_5,18,5,"[4, 2]","BaseStation_11 ([4, 2])",30.0,20.0,-10.0,"{'5': [[11, 7, 4]]}","{'5': {'1': True, '2': True, '3': True, '4': True, '5': True, '6': True, '7': True, '8': True, '9': True, '10': True, '11': True, '12': True, '13': True, '14': True, '15': True, '16': True, '17': True, '18': True, '19': True}}","{'5': [{'start': 1, 'end': inf, 'duration': inf, 'waiting_time': 0, 'access_time': 18, 'interval': 0, 'next_access': inf}]}"
User_6,18,6,"[3, 3]","BaseStation_14 ([3, 3])",30.0,10.0,-20.0,"{'6': [[14, 11, 12]]}","{'6': {'1': True, '2': True, '3': True, '4': True, '5': True, '6': True, '7': True, '8': True, '9': True, '10': True, '11': True, '12': True, '13': True, '14': True, '15': True, '16': True, '17': True, '18': True, '19': True}}","{'6': [{'start': 1, 'end': inf, 'duration': inf, 'waiting_time': 0, 'access_time': 18, 'interval': 0, 'next_access': inf}]}"
User_1,19,1,"[6, 0]","BaseStation_4 ([6, 0])",40.0,18.0,-22.0,"{'1': [[4, 3, 2, 1]]}","{'1': {'1': True, '2': True, '3': True, '4': True, '5': True, '6': True, '7': True, '8': True, '9': True, '10': True, '11': True, '12': True, '13': True, '14': True, '15': True, '16': True, '17': True, '18': True, '19': True, '20': True}}","{'1': [{'start': 1, 'end': inf, 'duration': inf, 'waiting_time': 0, 'access_time': 19, 'interval': 0, 'next_access': inf}]}"
User_2,19,2,"[3, 1]","BaseStation_6 ([3, 1])",,13.0,,{},"{'2': {'1': True, '2': True, '3': True, '4': True, '5': True, '6': True, '7': True, '8': True, '9': True, '10': True, '11': True, '12': True, '13': True, '14': True, '15': True, '16': True, '17': True, '18': True, '19': True, '20': True}}","{'2': [{'start': 1, 'end': inf, 'duration': inf, 'waiting_time': 0, 'access_time': 19, 'interval': 0, 'next_access': inf}]}"
User_3,19,3,"[2, 2]","BaseStation_10 ([2, 2])",20.0,16.0,-4.0,"{'3': [[10, 9]]}","{'3': {'1': True, '2': True, '3': True, '4': True, '5': True, '6': True, '7': True, '8': True, '9': True, '10': True, '11': True, '12': True, '13': True, '14': True, '15': True, '16': True, '17': True, '18': True, '19': True, '20': True}}","{'3': [{'start': 1, 'end': inf, 'duration': inf, 'waiting_time': 0, 'access_time': 19, 'interval': 0, 'next_access': inf}]}"
User_4,19,4,"[6, 0]","BaseStation_4 ([6, 0])",20.0,21.0,1.0,"{'4': [[4, 8]]}","{'4': {'1': True, '2': True, '3': True, '4': True, '5': True, '6': True, '7': True, '8': True, '9': True, '10': True, '11': True, '12': True, '13': True, '14': True, '15': True, '16': True, '17': True, '18': True, '19': True, '20': True}}","{'4': [{'start': 1, 'end': inf, 'duration': inf, 'waiting_time': 0, 'access_time': 19, 'interval': 0, 'next_access': inf}]}"
User_5,19,5,"[4, 2]","BaseStation_11 ([4, 2])",30.0,20.0,-10.0,"{'5': [[11, 7, 4]]}","{'5': {'1': True, '2': True, '3': True, '4': True, '5': True, '6': True, '7': True, '8': True, '9': True, '10': True, '11': True, '12': True, '13': True, '14': True, '15': True, '16': True, '17': True, '18': True, '19': True, '20': True}}","{'5': [{'start': 1, 'end': inf, 'duration': inf, 'waiting_time': 0, 'access_time': 19, 'interval': 0, 'next_access': inf}]}"
User_6,19,6,"[3, 3]","BaseStation_14 ([3, 3])",30.0,10.0,-20.0,"{'6': [[14, 11, 12]]}","{'6': {'1': True, '2': True, '3': True, '4': True, '5': True, '6': True, '7': True, '8': True, '9': True, '10': True, '11': True, '12': True, '13': True, '14': True, '15': True, '16': True, '17': True, '18': True, '19': True, '20': True}}","{'6': [{'start': 1, 'end': inf, 'duration': inf, 'waiting_time': 0, 'access_time': 19, 'interval': 0, 'next_access': inf}]}"
User_1,20,1,"[6, 0]","BaseStation_4 ([6, 0])",40.0,18.0,-22.0,"{'1': [[4, 3, 2, 1]]}","{'1': {'1': True, '2': True, '3': True, '4': True, '5': True, '6': True, '7': True, '8': True, '9': True, '10': True, '11': True, '12': True, '13': True, '14': True, '15': True, '16': True, '17': True, '18': True, '19': True, '20': True, '21': True}}","{'1': [{'start': 1, 'end': inf, 'duration': inf, 'waiting_time': 0, 'access_time': 20, 'interval': 0, 'next_access': inf}]}"
User_2,20,2,"[3, 1]","BaseStation_6 ([3, 1])",,13.0,,{},"{'2': {'1': True, '2': True, '3': True, '4': True, '5': True, '6': True, '7': True, '8': True, '9': True, '10': True, '11': True, '12': True, '13': True, '14': True, '15': True, '16': True, '17': True, '18': True, '19': True, '20': True, '21': True}}","{'2': [{'start': 1, 'end': inf, 'duration': inf, 'waiting_time': 0, 'access_time': 20, 'interval': 0, 'next_access': inf}]}"
User_3,20,3,"[2, 2]","BaseStation_10 ([2, 2])",20.0,16.0,-4.0,"{'3': [[10, 9]]}","{'3': {'1': True, '2': True, '3': True, '4': True, '5': True, '6': True, '7': True, '8': True, '9': True, '10': True, '11': True, '12': True, '13': True, '14': True, '15': True, '16': True, '17': True, '18': True, '19': True, '20': True, '21': True}}","{'3': [{'start': 1, 'end': inf, 'duration': inf, 'waiting_time': 0, 'access_time': 20, 'interval': 0, 'next_access': inf}]}"
User_4,20,4,"[6, 0]","BaseStation_4 ([6, 0])",20.0,21.0,1.0,"{'4': [[4, 8]]}","{'4': {'1': True, '2': True, '3': True, '4': True, '5': True, '6': True, '7': True, '8': True, '9': True, '10': True, '11': True, '12': True, '13': True, '14': True, '15': True, '16': True, '17': True, '18': True, '19': True, '20': True, '21': True}}","{'4': [{'start': 1, 'end': inf, 'duration': inf, 'waiting_time': 0, 'access_time': 20, 'interval': 0, 'next_access': inf}]}"
User_5,20,5,"[4, 2]","BaseStation_11 ([4, 2])",30.0,20.0,-10.0,"{'5': [[11, 7, 4]]}","{'5': {'1': True, '2': True, '3': True, '4': True, '5': True, '6': True, '7': True, '8': True, '9': True, '10': True, '11': True, '12': True, '13': True, '14': True, '15': True, '16': True, '17': True, '18': True, '19': True, '20': True, '21': True}}","{'5': [{'start': 1, 'end': inf, 'duration': inf, 'waiting_time': 0, 'access_time': 20, 'interval': 0, 'next_access': inf}]}"
User_6,20,6,"[3, 3]","BaseStation_14 ([3, 3])",30.0,10.0,-20.0,"{'6': [[14, 11, 12]]}","{'6': {'1': True, '2': True, '3': True, '4': True, '5': True, '6': True, '7': True, '8': True, '9': True, '10': True, '11': True, '12': True, '13': True, '14': True, '15': True, '16': True, '17': True, '18': True, '19': True, '20': True, '21': True}}","{'6': [{'start': 1, 'end': inf, 'duration': inf, 'waiting_time': 0, 'access_time': 20, 'interval': 0, 'next_access': inf}]}"
User_1,21,1,"[6, 0]","BaseStation_4 ([6, 0])",40.0,18.0,-22.0,"{'1': [[4, 3, 2, 1]]}","{'1': {'1': True, '2': True, '3': True, '4': True, '5': True, '6': True, '7': True, '8': True, '9': True, '10': True, '11': True, '12': True, '13': True, '14': True, '15': True, '16': True, '17': True, '18': True, '19': True, '20': True, '21': True, '22': True}}","{'1': [{'start': 1, 'end': inf, 'duration': inf, 'waiting_time': 0, 'access_time': 21, 'interval': 0, 'next_access': inf}]}"
User_2,21,2,"[3, 1]","BaseStation_6 ([3, 1])",,13.0,,{},"{'2': {'1': True, '2': True, '3': True, '4': True, '5': True, '6': True, '7': True, '8': True, '9': True, '10': True, '11': True, '12': True, '13': True, '14': True, '15': True, '16': True, '17': True, '18': True, '19': True, '20': True, '21': True, '22': True}}","{'2': [{'start': 1, 'end': inf, 'duration': inf, 'waiting_time': 0, 'access_time': 21, 'interval': 0, 'next_access': inf}]}"
User_3,21,3,"[2, 2]","BaseStation_10 ([2, 2])",20.0,16.0,-4.0,"{'3': [[10, 9]]}","{'3': {'1': True, '2': True, '3': True, '4': True, '5': True, '6': True, '7': True, '8': True, '9': True, '10': True, '11': True, '12': True, '13': True, '14': True, '15': True, '16': True, '17': True, '18': True, '19': True, '20': True, '21': True, '22': True}}","{'3': [{'start': 1, 'end': inf, 'duration': inf, 'waiting_time': 0, 'access_time': 21, 'interval': 0, 'next_access': inf}]}"
User_4,21,4,"[6, 0]","BaseStation_4 ([6, 0])",20.0,21.0,1.0,"{'4': [[4, 8]]}","{'4': {'1': True, '2': True, '3': True, '4': True, '5': True, '6': True, '7': True, '8': True, '9': True, '10': True, '11': True, '12': True, '13': True, '14': True, '15': True, '16': True, '17': True, '18': True, '19': True, '20': True, '21': True, '22': True}}","{'4': [{'start': 1, 'end': inf, 'duration': inf, 'waiting_time': 0, 'access_time': 21, 'interval': 0, 'next_access': inf}]}"
User_5,21,5,"[4, 2]","BaseStation_11 ([4, 2])",30.0,20.0,-10.0,"{'5': [[11, 7, 4]]}","{'5': {'1': True, '2': True, '3': True, '4': True, '5': True, '6': True, '7': True, '8': True, '9': True, '10': True, '11': True, '12': True, '13': True, '14': True, '15': True, '16': True, '17': True, '18': True, '19': True, '20': True, '21': True, '22': True}}","{'5': [{'start': 1, 'end': inf, 'duration': inf, 'waiting_time': 0, 'access_time': 21, 'interval': 0, 'next_access': inf}]}"
User_6,21,6,"[3, 3]","BaseStation_14 ([3, 3])",30.0,10.0,-20.0,"{'6': [[14, 11, 12]]}","{'6': {'1': True, '2': True, '3': True, '4': True, '5': True, '6': True, '7': True, '8': True, '9': True, '10': True, '11': True, '12': True, '13': True, '14': True, '15': True, '16': True, '17': True, '18': True, '19': True, '20': True, '21': True, '22': True}}","{'6': [{'start': 1, 'end': inf, 'duration': inf, 'waiting_time': 0, 'access_time': 21, 'interval': 0, 'next_access': inf}]}"
User_1,22,1,"[6, 0]","BaseStation_4 ([6, 0])",40.0,18.0,-22.0,"{'1': [[4, 3, 2, 1]]}","{'1': {'1': True, '2': True, '3': True, '4': True, '5': True, '6': True, '7': True, '8': True, '9': True, '10': True, '11': True, '12': True, '13': True, '14': True, '15': True, '16': True, '17': True, '18': True, '19': True, '20': True, '21': True, '22': True, '23': True}}","{'1': [{'start': 1, 'end': inf, 'duration': inf, 'waiting_time': 0, 'access_time': 22, 'interval': 0, 'next_access': inf}]}"
User_2,22,2,"[3, 1]","BaseStation_6 ([3, 1])",,13.0,,{},"{'2': {'1': True, '2': True, '3': True, '4': True, '5': True, '6': True, '7': True, '8': True, '9': True, '10': True, '11': True, '12': True, '13': True, '14': True, '15': True, '16': True, '17': True, '18': True, '19': True, '20': True, '21': True, '22': True, '23': True}}","{'2': [{'start': 1, 'end': inf, 'duration': inf, 'waiting_time': 0, 'access_time': 22, 'interval': 0, 'next_access': inf}]}"
User_3,22,3,"[2, 2]","BaseStation_10 ([2, 2])",20.0,16.0,-4.0,"{'3': [[10, 9]]}","{'3': {'1': True, '2': True, '3': True, '4': True, '5': True, '6': True, '7': True, '8': True, '9': True, '10': True, '11': True, '12': True, '13': True, '14': True, '15': True, '16': True, '17': True, '18': True, '19': True, '20': True, '21': True, '22': True, '23': True}}","{'3': [{'start': 1, 'end': inf, 'duration': inf, 'waiting_time': 0, 'access_time': 22, 'interval': 0, 'next_access': inf}]}"
User_4,22,4,"[6, 0]","BaseStation_4 ([6, 0])",20.0,21.0,1.0,"{'4': [[4, 8]]}","{'4': {'1': True, '2': True, '3': True, '4': True, '5': True, '6': True, '7': True, '8': True, '9': True, '10': True, '11': True, '12': True, '13': True, '14': True, '15': True, '16': True, '17': True, '18': True, '19': True, '20': True, '21': True, '22': True, '23': True}}","{'4': [{'start': 1, 'end': inf, 'duration': inf, 'waiting_time': 0, 'access_time': 22, 'interval': 0, 'next_access': inf}]}"
User_5,22,5,"[4, 2]","BaseStation_11 ([4, 2])",30.0,20.0,-10.0,"{'5': [[11, 7, 4]]}","{'5': {'1': True, '2': True, '3': True, '4': True, '5': True, '6': True, '7': True, '8': True, '9': True, '10': True, '11': True, '12': True, '13': True, '14': True, '15': True, '16': True, '17': True, '18': True, '19': True, '20': True, '21': True, '22': True, '23': True}}","{'5': [{'start': 1, 'end': inf, 'duration': inf, 'waiting_time': 0, 'access_time': 22, 'interval': 0, 'next_access': inf}]}"
User_6,22,6,"[3, 3]","BaseStation_14 ([3, 3])",30.0,10.0,-20.0,"{'6': [[14, 11, 12]]}","{'6': {'1': True, '2': True, '3': True, '4': True, '5': True, '6': True, '7': True, '8': True, '9': True, '10': True, '11': True, '12': True, '13': True, '14': True, '15': True, '16': True, '17': True, '18': True, '19': True, '20': True, '21': True, '22': True, '23': True}}","{'6': [{'start': 1, 'end': inf, 'duration': inf, 'waiting_time': 0, 'access_time': 22, 'interval': 0, 'next_access': inf}]}"
User_1,23,1,"[6, 0]","BaseStation_4 ([6, 0])",40.0,18.0,-22.0,"{'1': [[4, 3, 2, 1]]}","{'1': {'1': True, '2': True, '3': True, '4': True, '5': True, '6': True, '7': True, '8': True, '9': True, '10': True, '11': True, '12': True, '13': True, '14': True, '15': True, '16': True, '17': True, '18': True, '19': True, '20': True, '21': True, '22': True, '23': True, '24': True}}","{'1': [{'start': 1, 'end': inf, 'duration': inf, 'waiting_time': 0, 'access_time': 23, 'interval': 0, 'next_access': inf}]}"
User_2,23,2,"[3, 1]","BaseStation_6 ([3, 1])",,13.0,,{},"{'2': {'1': True, '2': True, '3': True, '4': True, '5': True, '6': True, '7': True, '8': True, '9': True, '10': True, '11': True, '12': True, '13': True, '14': True, '15': True, '16': True, '17': True, '18': True, '19': True, '20': True, '21': True, '22': True, '23': True, '24': True}}","{'2': [{'start': 1, 'end': inf, 'duration': inf, 'waiting_time': 0, 'access_time': 23, 'interval': 0, 'next_access': inf}]}"
User_3,23,3,"[2, 2]","BaseStation_10 ([2, 2])",20.0,16.0,-4.0,"{'3': [[10, 9]]}","{'3': {'1': True, '2': True, '3': True, '4': True, '5': True, '6': True, '7': True, '8': True, '9': True, '10': True, '11': True, '12': True, '13': True, '14': True, '15': True, '16': True, '17': True, '18': True, '19': True, '20': True, '21': True, '22': True, '23': True, '24': True}}","{'3': [{'start': 1, 'end': inf, 'duration': inf, 'waiting_time': 0, 'access_time': 23, 'interval': 0, 'next_access': inf}]}"
User_4,23,4,"[6, 0]","BaseStation_4 ([6, 0])",20.0,21.0,1.0,"{'4': [[4, 8]]}","{'4': {'1': True, '2': True, '3': True, '4': True, '5': True, '6': True, '7': True, '8': True, '9': True, '10': True, '11': True, '12': True, '13': True, '14': True, '15': True, '16': True, '17': True, '18': True, '19': True, '20': True, '21': True, '22': True, '23': True, '24': True}}","{'4': [{'start': 1, 'end': inf, 'duration': inf, 'waiting_time': 0, 'access_time': 23, 'interval': 0, 'next_access': inf}]}"
User_5,23,5,"[4, 2]","BaseStation_11 ([4, 2])",30.0,20.0,-10.0,"{'5': [[11, 7, 4]]}","{'5': {'1': True, '2': True, '3': True, '4': True, '5': True, '6': True, '7': True, '8': True, '9': True, '10': True, '11': True, '12': True, '13': True, '14': True, '15': True, '16': True, '17': True, '18': True, '19': True, '20': True, '21': True, '22': True, '23': True, '24': True}}","{'5': [{'start': 1, 'end': inf, 'duration': inf, 'waiting_time': 0, 'access_time': 23, 'interval': 0, 'next_access': inf}]}"
User_6,23,6,"[3, 3]","BaseStation_14 ([3, 3])",30.0,10.0,-20.0,"{'6': [[14, 11, 12]]}","{'6': {'1': True, '2': True, '3': True, '4': True, '5': True, '6': True, '7': True, '8': True, '9': True, '10': True, '11': True, '12': True, '13': True, '14': True, '15': True, '16': True, '17': True, '18': True, '19': True, '20': True, '21': True, '22': True, '23': True, '24': True}}","{'6': [{'start': 1, 'end': inf, 'duration': inf, 'waiting_time': 0, 'access_time': 23, 'interval': 0, 'next_access': inf}]}"
User_1,24,1,"[6, 0]","BaseStation_4 ([6, 0])",40.0,18.0,-22.0,"{'1': [[4, 3, 2, 1]]}","{'1': {'1': True, '2': True, '3': True, '4': True, '5': True, '6': True, '7': True, '8': True, '9': True, '10': True, '11': True, '12': True, '13': True, '14': True, '15': True, '16': True, '17': True, '18': True, '19': True, '20': True, '21': True, '22': True, '23': True, '24': True, '25': True}}","{'1': [{'start': 1, 'end': inf, 'duration': inf, 'waiting_time': 0, 'access_time': 24, 'interval': 0, 'next_access': inf}]}"
User_2,24,2,"[3, 1]","BaseStation_6 ([3, 1])",,13.0,,{},"{'2': {'1': True, '2': True, '3': True, '4': True, '5': True, '6': True, '7': True, '8': True, '9': True, '10': True, '11': True, '12': True, '13': True, '14': True, '15': True, '16': True, '17': True, '18': True, '19': True, '20': True, '21': True, '22': True, '23': True, '24': True, '25': True}}","{'2': [{'start': 1, 'end': inf, 'duration': inf, 'waiting_time': 0, 'access_time': 24, 'interval': 0, 'next_access': inf}]}"
User_3,24,3,"[2, 2]","BaseStation_10 ([2, 2])",20.0,16.0,-4.0,"{'3': [[10, 9]]}","{'3': {'1': True, '2': True, '3': True, '4': True, '5': True, '6': True, '7': True, '8': True, '9': True, '10': True, '11': True, '12': True, '13': True, '14': True, '15': True, '16': True, '17': True, '18': True, '19': True, '20': True, '21': True, '22': True, '23': True, '24': True, '25': True}}","{'3': [{'start': 1, 'end': inf, 'duration': inf, 'waiting_time': 0, 'access_time': 24, 'interval': 0, 'next_access': inf}]}"
User_4,24,4,"[6, 0]","BaseStation_4 ([6, 0])",20.0,21.0,1.0,"{'4': [[4, 8]]}","{'4': {'1': True, '2': True, '3': True, '4': True, '5': True, '6': True, '7': True, '8': True, '9': True, '10': True, '11': True, '12': True, '13': True, '14': True, '15': True, '16': True, '17': True, '18': True, '19': True, '20': True, '21': True, '22': True, '23': True, '24': True, '25': True}}","{'4': [{'start': 1, 'end': inf, 'duration': inf, 'waiting_time': 0, 'access_time': 24, 'interval': 0, 'next_access': inf}]}"
User_5,24,5,"[4, 2]","BaseStation_11 ([4, 2])",30.0,20.0,-10.0,"{'5': [[11, 7, 4]]}","{'5': {'1': True, '2': True, '3': True, '4': True, '5': True, '6': True, '7': True, '8': True, '9': True, '10': True, '11': True, '12': True, '13': True, '14': True, '15': True, '16': True, '17': True, '18': True, '19': True, '20': True, '21': True, '22': True, '23': True, '24': True, '25': True}}","{'5': [{'start': 1, 'end': inf, 'duration': inf, 'waiting_time': 0, 'access_time': 24, 'interval': 0, 'next_access': inf}]}"
User_6,24,6,"[3, 3]","BaseStation_14 ([3, 3])",30.0,10.0,-20.0,"{'6': [[14, 11, 12]]}","{'6': {'1': True, '2': True, '3': True, '4': True, '5': True, '6': True, '7': True, '8': True, '9': True, '10': True, '11': True, '12': True, '13': True, '14': True, '15': True, '16': True, '17': True, '18': True, '19': True, '20': True, '21': True, '22': True, '23': True, '24': True, '25': True}}","{'6': [{'start': 1, 'end': inf, 'duration': inf, 'waiting_time': 0, 'access_time': 24, 'interval': 0, 'next_access': inf}]}"
User_1,25,1,"[6, 0]","BaseStation_4 ([6, 0])",40.0,18.0,-22.0,"{'1': [[4, 3, 2, 1]]}","{'1': {'1': True, '2': True, '3': True, '4': True, '5': True, '6': True, '7': True, '8': True, '9': True, '10': True, '11': True, '12': True, '13': True, '14': True, '15': True, '16': True, '17': True, '18': True, '19': True, '20': True, '21': True, '22': True, '23': True, '24': True, '25': True, '26': True}}","{'1': [{'start': 1, 'end': inf, 'duration': inf, 'waiting_time': 0, 'access_time': 25, 'interval': 0, 'next_access': inf}]}"
User_2,25,2,"[3, 1]","BaseStation_6 ([3, 1])",,13.0,,{},"{'2': {'1': True, '2': True, '3': True, '4': True, '5': True, '6': True, '7': True, '8': True, '9': True, '10': True, '11': True, '12': True, '13': True, '14': True, '15': True, '16': True, '17': True, '18': True, '19': True, '20': True, '21': True, '22': True, '23': True, '24': True, '25': True, '26': True}}","{'2': [{'start': 1, 'end': inf, 'duration': inf, 'waiting_time': 0, 'access_time': 25, 'interval': 0, 'next_access': inf}]}"
User_3,25,3,"[2, 2]","BaseStation_10 ([2, 2])",20.0,16.0,-4.0,"{'3': [[10, 9]]}","{'3': {'1': True, '2': True, '3': True, '4': True, '5': True, '6': True, '7': True, '8': True, '9': True, '10': True, '11': True, '12': True, '13': True, '14': True, '15': True, '16': True, '17': True, '18': True, '19': True, '20': True, '21': True, '22': True, '23': True, '24': True, '25': True, '26': True}}","{'3': [{'start': 1, 'end': inf, 'duration': inf, 'waiting_time': 0, 'access_time': 25, 'interval': 0, 'next_access': inf}]}"
User_4,25,4,"[6, 0]","BaseStation_4 ([6, 0])",20.0,21.0,1.0,"{'4': [[4, 8]]}","{'4': {'1': True, '2': True, '3': True, '4': True, '5': True, '6': True, '7': True, '8': True, '9': True, '10': True, '11': True, '12': True, '13': True, '14': True, '15': True, '16': True, '17': True, '18': True, '19': True, '20': True, '21': True, '22': True, '23': True, '24': True, '25': True, '26': True}}","{'4': [{'start': 1, 'end': inf, 'duration': inf, 'waiting_time': 0, 'access_time': 25, 'interval': 0, 'next_access': inf}]}"
User_5,25,5,"[4, 2]","BaseStation_11 ([4, 2])",30.0,20.0,-10.0,"{'5': [[11, 7, 4]]}","{'5': {'1': True, '2': True, '3': True, '4': True, '5': True, '6': True, '7': True, '8': True, '9': True, '10': True, '11': True, '12': True, '13': True, '14': True, '15': True, '16': True, '17': True, '18': True, '19': True, '20': True, '21': True, '22': True, '23': True, '24': True, '25': True, '26': True}}","{'5': [{'start': 1, 'end': inf, 'duration': inf, 'waiting_time': 0, 'access_time': 25, 'interval': 0, 'next_access': inf}]}"
User_6,25,6,"[3, 3]","BaseStation_14 ([3, 3])",30.0,10.0,-20.0,"{'6': [[14, 11, 12]]}","{'6': {'1': True, '2': True, '3': True, '4': True, '5': True, '6': True, '7': True, '8': True, '9': True, '10': True, '11': True, '12': True, '13': True, '14': True, '15': True, '16': True, '17': True, '18': True, '19': True, '20': True, '21': True, '22': True, '23': True, '24': True, '25': True, '26': True}}","{'6': [{'start': 1, 'end': inf, 'duration': inf, 'waiting_time': 0, 'access_time': 25, 'interval': 0, 'next_access': inf}]}"
User_1,26,1,"[6, 0]","BaseStation_4 ([6, 0])",40.0,18.0,-22.0,"{'1': [[4, 3, 2, 1]]}","{'1': {'1': True, '2': True, '3': True, '4': True, '5': True, '6': True, '7': True, '8': True, '9': True, '10': True, '11': True, '12': True, '13': True, '14': True, '15': True, '16': True, '17': True, '18': True, '19': True, '20': True, '21': True, '22': True, '23': True, '24': True, '25': True, '26': True, '27': True}}","{'1': [{'start': 1, 'end': inf, 'duration': inf, 'waiting_time': 0, 'access_time': 26, 'interval': 0, 'next_access': inf}]}"
User_2,26,2,"[3, 1]","BaseStation_6 ([3, 1])",,13.0,,{},"{'2': {'1': True, '2': True, '3': True, '4': True, '5': True, '6': True, '7': True, '8': True, '9': True, '10': True, '11': True, '12': True, '13': True, '14': True, '15': True, '16': True, '17': True, '18': True, '19': True, '20': True, '21': True, '22': True, '23': True, '24': True, '25': True, '26': True, '27': True}}","{'2': [{'start': 1, 'end': inf, 'duration': inf, 'waiting_time': 0, 'access_time': 26, 'interval': 0, 'next_access': inf}]}"
User_3,26,3,"[2, 2]","BaseStation_10 ([2, 2])",20.0,16.0,-4.0,"{'3': [[10, 9]]}","{'3': {'1': True, '2': True, '3': True, '4': True, '5': True, '6': True, '7': True, '8': True, '9': True, '10': True, '11': True, '12': True, '13': True, '14': True, '15': True, '16': True, '17': True, '18': True, '19': True, '20': True, '21': True, '22': True, '23': True, '24': True, '25': True, '26': True, '27': True}}","{'3': [{'start': 1, 'end': inf, 'duration': inf, 'waiting_time': 0, 'access_time': 26, 'interval': 0, 'next_access': inf}]}"
User_4,26,4,"[6, 0]","BaseStation_4 ([6, 0])",20.0,21.0,1.0,"{'4': [[4, 8]]}","{'4': {'1': True, '2': True, '3': True, '4': True, '5': True, '6': True, '7': True, '8': True, '9': True, '10': True, '11': True, '12': True, '13': True, '14': True, '15': True, '16': True, '17': True, '18': True, '19': True, '20': True, '21': True, '22': True, '23': True, '24': True, '25': True, '26': True, '27': True}}","{'4': [{'start': 1, 'end': inf, 'duration': inf, 'waiting_time': 0, 'access_time': 26, 'interval': 0, 'next_access': inf}]}"
User_5,26,5,"[4, 2]","BaseStation_11 ([4, 2])",30.0,20.0,-10.0,"{'5': [[11, 7, 4]]}","{'5': {'1': True, '2': True, '3': True, '4': True, '5': True, '6': True, '7': True, '8': True, '9': True, '10': True, '11': True, '12': True, '13': True, '14': True, '15': True, '16': True, '17': True, '18': True, '19': True, '20': True, '21': True, '22': True, '23': True, '24': True, '25': True, '26': True, '27': True}}","{'5': [{'start': 1, 'end': inf, 'duration': inf, 'waiting_time': 0, 'access_time': 26, 'interval': 0, 'next_access': inf}]}"
User_6,26,6,"[3, 3]","BaseStation_14 ([3, 3])",30.0,10.0,-20.0,"{'6': [[14, 11, 12]]}","{'6': {'1': True, '2': True, '3': True, '4': True, '5': True, '6': True, '7': True, '8': True, '9': True, '10': True, '11': True, '12': True, '13': True, '14': True, '15': True, '16': True, '17': True, '18': True, '19': True, '20': True, '21': True, '22': True, '23': True, '24': True, '25': True, '26': True, '27': True}}","{'6': [{'start': 1, 'end': inf, 'duration': inf, 'waiting_time': 0, 'access_time': 26, 'interval': 0, 'next_access': inf}]}"
User_1,27,1,"[6, 0]","BaseStation_4 ([6, 0])",40.0,18.0,-22.0,"{'1': [[4, 3, 2, 1]]}","{'1': {'1': True, '2': True, '3': True, '4': True, '5': True, '6': True, '7': True, '8': True, '9': True, '10': True, '11': True, '12': True, '13': True, '14': True, '15': True, '16': True, '17': True, '18': True, '19': True, '20': True, '21': True, '22': True, '23': True, '24': True, '25': True, '26': True, '27': True, '28': True}}","{'1': [{'start': 1, 'end': inf, 'duration': inf, 'waiting_time': 0, 'access_time': 27, 'interval': 0, 'next_access': inf}]}"
User_2,27,2,"[3, 1]","BaseStation_6 ([3, 1])",,13.0,,{},"{'2': {'1': True, '2': True, '3': True, '4': True, '5': True, '6': True, '7': True, '8': True, '9': True, '10': True, '11': True, '12': True, '13': True, '14': True, '15': True, '16': True, '17': True, '18': True, '19': True, '20': True, '21': True, '22': True, '23': True, '24': True, '25': True, '26': True, '27': True, '28': True}}","{'2': [{'start': 1, 'end': inf, 'duration': inf, 'waiting_time': 0, 'access_time': 27, 'interval': 0, 'next_access': inf}]}"
User_3,27,3,"[2, 2]","BaseStation_10 ([2, 2])",20.0,16.0,-4.0,"{'3': [[10, 9]]}","{'3': {'1': True, '2': True, '3': True, '4': True, '5': True, '6': True, '7': True, '8': True, '9': True, '10': True, '11': True, '12': True, '13': True, '14': True, '15': True, '16': True, '17': True, '18': True, '19': True, '20': True, '21': True, '22': True, '23': True, '24': True, '25': True, '26': True, '27': True, '28': True}}","{'3': [{'start': 1, 'end': inf, 'duration': inf, 'waiting_time': 0, 'access_time': 27, 'interval': 0, 'next_access': inf}]}"
User_4,27,4,"[6, 0]","BaseStation_4 ([6, 0])",20.0,21.0,1.0,"{'4': [[4, 8]]}","{'4': {'1': True, '2': True, '3': True, '4': True, '5': True, '6': True, '7': True, '8': True, '9': True, '10': True, '11': True, '12': True, '13': True, '14': True, '15': True, '16': True, '17': True, '18': True, '19': True, '20': True, '21': True, '22': True, '23': True, '24': True, '25': True, '26': True, '27': True, '28': True}}","{'4': [{'start': 1, 'end': inf, 'duration': inf, 'waiting_time': 0, 'access_time': 27, 'interval': 0, 'next_access': inf}]}"
User_5,27,5,"[4, 2]","BaseStation_11 ([4, 2])",30.0,20.0,-10.0,"{'5': [[11, 7, 4]]}","{'5': {'1': True, '2': True, '3': True, '4': True, '5': True, '6': True, '7': True, '8': True, '9': True, '10': True, '11': True, '12': True, '13': True, '14': True, '15': True, '16': True, '17': True, '18': True, '19': True, '20': True, '21': True, '22': True, '23': True, '24': True, '25': True, '26': True, '27': True, '28': True}}","{'5': [{'start': 1, 'end': inf, 'duration': inf, 'waiting_time': 0, 'access_time': 27, 'interval': 0, 'next_access': inf}]}"
User_6,27,6,"[3, 3]","BaseStation_14 ([3, 3])",30.0,10.0,-20.0,"{'6': [[14, 11, 12]]}","{'6': {'1': True, '2': True, '3': True, '4': True, '5': True, '6': True, '7': True, '8': True, '9': True, '10': True, '11': True, '12': True, '13': True, '14': True, '15': True, '16': True, '17': True, '18': True, '19': True, '20': True, '21': True, '22': True, '23': True, '24': True, '25': True, '26': True, '27': True, '28': True}}","{'6': [{'start': 1, 'end': inf, 'duration': inf, 'waiting_time': 0, 'access_time': 27, 'interval': 0, 'next_access': inf}]}"
User_1,28,1,"[6, 0]","BaseStation_4 ([6, 0])",40.0,18.0,-22.0,"{'1': [[4, 3, 2, 1]]}","{'1': {'1': True, '2': True, '3': True, '4': True, '5': True, '6': True, '7': True, '8': True, '9': True, '10': True, '11': True, '12': True, '13': True, '14': True, '15': True, '16': True, '17': True, '18': True, '19': True, '20': True, '21': True, '22': True, '23': True, '24': True, '25': True, '26': True, '27': True, '28': True, '29': True}}","{'1': [{'start': 1, 'end': inf, 'duration': inf, 'waiting_time': 0, 'access_time': 28, 'interval': 0, 'next_access': inf}]}"
User_2,28,2,"[3, 1]","BaseStation_6 ([3, 1])",,13.0,,{},"{'2': {'1': True, '2': True, '3': True, '4': True, '5': True, '6': True, '7': True, '8': True, '9': True, '10': True, '11': True, '12': True, '13': True, '14': True, '15': True, '16': True, '17': True, '18': True, '19': True, '20': True, '21': True, '22': True, '23': True, '24': True, '25': True, '26': True, '27': True, '28': True, '29': True}}","{'2': [{'start': 1, 'end': inf, 'duration': inf, 'waiting_time': 0, 'access_time': 28, 'interval': 0, 'next_access': inf}]}"
User_3,28,3,"[2, 2]","BaseStation_10 ([2, 2])",20.0,16.0,-4.0,"{'3': [[10, 9]]}","{'3': {'1': True, '2': True, '3': True, '4': True, '5': True, '6': True, '7': True, '8': True, '9': True, '10': True, '11': True, '12': True, '13': True, '14': True, '15': True, '16': True, '17': True, '18': True, '19': True, '20': True, '21': True, '22': True, '23': True, '24': True, '25': True, '26': True, '27': True, '28': True, '29': True}}","{'3': [{'start': 1, 'end': inf, 'duration': inf, 'waiting_time': 0, 'access_time': 28, 'interval': 0, 'next_access': inf}]}"
User_4,28,4,"[6, 0]","BaseStation_4 ([6, 0])",20.0,21.0,1.0,"{'4': [[4, 8]]}","{'4': {'1': True, '2': True, '3': True, '4': True, '5': True, '6': True, '7': True, '8': True, '9': True, '10': True, '11': True, '12': True, '13': True, '14': True, '15': True, '16': True, '17': True, '18': True, '19': True, '20': True, '21': True, '22': True, '23': True, '24': True, '25': True, '26': True, '27': True, '28': True, '29': True}}","{'4': [{'start': 1, 'end': inf, 'duration': inf, 'waiting_time': 0, 'access_time': 28, 'interval': 0, 'next_access': inf}]}"
User_5,28,5,"[4, 2]","BaseStation_11 ([4, 2])",30.0,20.0,-10.0,"{'5': [[11, 7, 4]]}","{'5': {'1': True, '2': True, '3': True, '4': True, '5': True, '6': True, '7': True, '8': True, '9': True, '10': True, '11': True, '12': True, '13': True, '14': True, '15': True, '16': True, '17': True, '18': True, '19': True, '20': True, '21': True, '22': True, '23': True, '24': True, '25': True, '26': True, '27': True, '28': True, '29': True}}","{'5': [{'start': 1, 'end': inf, 'duration': inf, 'waiting_time': 0, 'access_time': 28, 'interval': 0, 'next_access': inf}]}"
User_6,28,6,"[3, 3]","BaseStation_14 ([3, 3])",30.0,10.0,-20.0,"{'6': [[14, 11, 12]]}","{'6': {'1': True, '2': True, '3': True, '4': True, '5': True, '6': True, '7': True, '8': True, '9': True, '10': True, '11': True, '12': True, '13': True, '14': True, '15': True, '16': True, '17': True, '18': True, '19': True, '20': True, '21': True, '22': True, '23': True, '24': True, '25': True, '26': True, '27': True, '28': True, '29': True}}","{'6': [{'start': 1, 'end': inf, 'duration': inf, 'waiting_time': 0, 'access_time': 28, 'interval': 0, 'next_access': inf}]}"
User_1,29,1,"[6, 0]","BaseStation_4 ([6, 0])",40.0,18.0,-22.0,"{'1': [[4, 3, 2, 1]]}","{'1': {'1': True, '2': True, '3': True, '4': True, '5': True, '6': True, '7': True, '8': True, '9': True, '10': True, '11': True, '12': True, '13': True, '14': True, '15': True, '16': True, '17': True, '18': True, '19': True, '20': True, '21': True, '22': True, '23': True, '24': True, '25': True, '26': True, '27': True, '28': True, '29': True, '30': True}}","{'1': [{'start': 1, 'end': inf, 'duration': inf, 'waiting_time': 0, 'access_time': 29, 'interval': 0, 'next_access': inf}]}"
User_2,29,2,"[3, 1]","BaseStation_6 ([3, 1])",,13.0,,{},"{'2': {'1': True, '2': True, '3': True, '4': True, '5': True, '6': True, '7': True, '8': True, '9': True, '10': True, '11': True, '12': True, '13': True, '14': True, '15': True, '16': True, '17': True, '18': True, '19': True, '20': True, '21': True, '22': True, '23': True, '24': True, '25': True, '26': True, '27': True, '28': True, '29': True, '30': True}}","{'2': [{'start': 1, 'end': inf, 'duration': inf, 'waiting_time': 0, 'access_time': 29, 'interval': 0, 'next_access': inf}]}"
User_3,29,3,"[2, 2]","BaseStation_10 ([2, 2])",20.0,16.0,-4.0,"{'3': [[10, 9]]}","{'3': {'1': True, '2': True, '3': True, '4': True, '5': True, '6': True, '7': True, '8': True, '9': True, '10': True, '11': True, '12': True, '13': True, '14': True, '15': True, '16': True, '17': True, '18': True, '19': True, '20': True, '21': True, '22': True, '23': True, '24': True, '25': True, '26': True, '27': True, '28': True, '29': True, '30': True}}","{'3': [{'start': 1, 'end': inf, 'duration': inf, 'waiting_time': 0, 'access_time': 29, 'interval': 0, 'next_access': inf}]}"
User_4,29,4,"[6, 0]","BaseStation_4 ([6, 0])",20.0,21.0,1.0,"{'4': [[4, 8]]}","{'4': {'1': True, '2': True, '3': True, '4': True, '5': True, '6': True, '7': True, '8': True, '9': True, '10': True, '11': True, '12': True, '13': True, '14': True, '15': True, '16': True, '17': True, '18': True, '19': True, '20': True, '21': True, '22': True, '23': True, '24': True, '25': True, '26': True, '27': True, '28': True, '29': True, '30': True}}","{'4': [{'start': 1, 'end': inf, 'duration': inf, 'waiting_time': 0, 'access_time': 29, 'interval': 0, 'next_access': inf}]}"
User_5,29,5,"[4, 2]","BaseStation_11 ([4, 2])",30.0,20.0,-10.0,"{'5': [[11, 7, 4]]}","{'5': {'1': True, '2': True, '3': True, '4': True, '5': True, '6': True, '7': True, '8': True, '9': True, '10': True, '11': True, '12': True, '13': True, '14': True, '15': True, '16': True, '17': True, '18': True, '19': True, '20': True, '21': True, '22': True, '23': True, '24': True, '25': True, '26': True, '27': True, '28': True, '29': True, '30': True}}","{'5': [{'start': 1, 'end': inf, 'duration': inf, 'waiting_time': 0, 'access_time': 29, 'interval': 0, 'next_access': inf}]}"
User_6,29,6,"[3, 3]","BaseStation_14 ([3, 3])",30.0,10.0,-20.0,"{'6': [[14, 11, 12]]}","{'6': {'1': True, '2': True, '3': True, '4': True, '5': True, '6': True, '7': True, '8': True, '9': True, '10': True, '11': True, '12': True, '13': True, '14': True, '15': True, '16': True, '17': True, '18': True, '19': True, '20': True, '21': True, '22': True, '23': True, '24': True, '25': True, '26': True, '27': True, '28': True, '29': True, '30': True}}","{'6': [{'start': 1, 'end': inf, 'duration': inf, 'waiting_time': 0, 'access_time': 29, 'interval': 0, 'next_access': inf}]}"
User_1,30,1,"[6, 0]","BaseStation_4 ([6, 0])",40.0,18.0,-22.0,"{'1': [[4, 3, 2, 1]]}","{'1': {'1': True, '2': True, '3': True, '4': True, '5': True, '6': True, '7': True, '8': True, '9': True, '10': True, '11': True, '12': True, '13': True, '14': True, '15': True, '16': True, '17': True, '18': True, '19': True, '20': True, '21': True, '22': True, '23': True, '24': True, '25': True, '26': True, '27': True, '28': True, '29': True, '30': True, '31': True}}","{'1': [{'start': 1, 'end': inf, 'duration': inf, 'waiting_time': 0, 'access_time': 30, 'interval': 0, 'next_access': inf}]}"
User_2,30,2,"[3, 1]","BaseStation_6 ([3, 1])",,13.0,,{},"{'2': {'1': True, '2': True, '3': True, '4': True, '5': True, '6': True, '7': True, '8': True, '9': True, '10': True, '11': True, '12': True, '13': True, '14': True, '15': True, '16': True, '17': True, '18': True, '19': True, '20': True, '21': True, '22': True, '23': True, '24': True, '25': True, '26': True, '27': True, '28': True, '29': True, '30': True, '31': True}}","{'2': [{'start': 1, 'end': inf, 'duration': inf, 'waiting_time': 0, 'access_time': 30, 'interval': 0, 'next_access': inf}]}"
User_3,30,3,"[2, 2]","BaseStation_10 ([2, 2])",20.0,16.0,-4.0,"{'3': [[10, 9]]}","{'3': {'1': True, '2': True, '3': True, '4': True, '5': True, '6': True, '7': True, '8': True, '9': True, '10': True, '11': True, '12': True, '13': True, '14': True, '15': True, '16': True, '17': True, '18': True, '19': True, '20': True, '21': True, '22': True, '23': True, '24': True, '25': True, '26': True, '27': True, '28': True, '29': True, '30': True, '31': True}}","{'3': [{'start': 1, 'end': inf, 'duration': inf, 'waiting_time': 0, 'access_time': 30, 'interval': 0, 'next_access': inf}]}"
User_4,30,4,"[6, 0]","BaseStation_4 ([6, 0])",20.0,21.0,1.0,"{'4': [[4, 8]]}","{'4': {'1': True, '2': True, '3': True, '4': True, '5': True, '6': True, '7': True, '8': True, '9': True, '10': True, '11': True, '12': True, '13': True, '14': True, '15': True, '16': True, '17': True, '18': True, '19': True, '20': True, '21': True, '22': True, '23': True, '24': True, '25': True, '26': True, '27': True, '28': True, '29': True, '30': True, '31': True}}","{'4': [{'start': 1, 'end': inf, 'duration': inf, 'waiting_time': 0, 'access_time': 30, 'interval': 0, 'next_access': inf}]}"
User_5,30,5,"[4, 2]","BaseStation_11 ([4, 2])",30.0,20.0,-10.0,"{'5': [[11, 7, 4]]}","{'5': {'1': True, '2': True, '3': True, '4': True, '5': True, '6': True, '7': True, '8': True, '9': True, '10': True, '11': True, '12': True, '13': True, '14': True, '15': True, '16': True, '17': True, '18': True, '19': True, '20': True, '21': True, '22': True, '23': True, '24': True, '25': True, '26': True, '27': True, '28': True, '29': True, '30': True, '31': True}}","{'5': [{'start': 1, 'end': inf, 'duration': inf, 'waiting_time': 0, 'access_time': 30, 'interval': 0, 'next_access': inf}]}"
User_6,30,6,"[3, 3]","BaseStation_14 ([3, 3])",30.0,10.0,-20.0,"{'6': [[14, 11, 12]]}","{'6': {'1': True, '2': True, '3': True, '4': True, '5': True, '6': True, '7': True, '8': True, '9': True, '10': True, '11': True, '12': True, '13': True, '14': True, '15': True, '16': True, '17': True, '18': True, '19': True, '20': True, '21': True, '22': True, '23': True, '24': True, '25': True, '26': True, '27': True, '28': True, '29': True, '30': True, '31': True}}","{'6': [{'start': 1, 'end': inf, 'duration': inf, 'waiting_time': 0, 'access_time': 30, 'interval': 0, 'next_access': inf}]}"
User_1,31,1,"[6, 0]","BaseStation_4 ([6, 0])",40.0,18.0,-22.0,"{'1': [[4, 3, 2, 1]]}","{'1': {'1': True, '2': True, '3': True, '4': True, '5': True, '6': True, '7': True, '8': True, '9': True, '10': True, '11': True, '12': True, '13': True, '14': True, '15': True, '16': True, '17': True, '18': True, '19': True, '20': True, '21': True, '22': True, '23': True, '24': True, '25': True, '26': True, '27': True, '28': True, '29': True, '30': True, '31': True, '32': True}}","{'1': [{'start': 1, 'end': inf, 'duration': inf, 'waiting_time': 0, 'access_time': 31, 'interval': 0, 'next_access': inf}]}"
User_2,31,2,"[3, 1]","BaseStation_6 ([3, 1])",,13.0,,{},"{'2': {'1': True, '2': True, '3': True, '4': True, '5': True, '6': True, '7': True, '8': True, '9': True, '10': True, '11': True, '12': True, '13': True, '14': True, '15': True, '16': True, '17': True, '18': True, '19': True, '20': True, '21': True, '22': True, '23': True, '24': True, '25': True, '26': True, '27': True, '28': True, '29': True, '30': True, '31': True, '32': True}}","{'2': [{'start': 1, 'end': inf, 'duration': inf, 'waiting_time': 0, 'access_time': 31, 'interval': 0, 'next_access': inf}]}"
User_3,31,3,"[2, 2]","BaseStation_10 ([2, 2])",20.0,16.0,-4.0,"{'3': [[10, 9]]}","{'3': {'1': True, '2': True, '3': True, '4': True, '5': True, '6': True, '7': True, '8': True, '9': True, '10': True, '11': True, '12': True, '13': True, '14': True, '15': True, '16': True, '17': True, '18': True, '19': True, '20': True, '21': True, '22': True, '23': True, '24': True, '25': True, '26': True, '27': True, '28': True, '29': True, '30': True, '31': True, '32': True}}","{'3': [{'start': 1, 'end': inf, 'duration': inf, 'waiting_time': 0, 'access_time': 31, 'interval': 0, 'next_access': inf}]}"
User_4,31,4,"[6, 0]","BaseStation_4 ([6, 0])",20.0,21.0,1.0,"{'4': [[4, 8]]}","{'4': {'1': True, '2': True, '3': True, '4': True, '5': True, '6': True, '7': True, '8': True, '9': True, '10': True, '11': True, '12': True, '13': True, '14': True, '15': True, '16': True, '17': True, '18': True, '19': True, '20': True, '21': True, '22': True, '23': True, '24': True, '25': True, '26': True, '27': True, '28': True, '29': True, '30': True, '31': True, '32': True}}","{'4': [{'start': 1, 'end': inf, 'duration': inf, 'waiting_time': 0, 'access_time': 31, 'interval': 0, 'next_access': inf}]}"
User_5,31,5,"[4, 2]","BaseStation_11 ([4, 2])",30.0,20.0,-10.0,"{'5': [[11, 7, 4]]}","{'5': {'1': True, '2': True, '3': True, '4': True, '5': True, '6': True, '7': True, '8': True, '9': True, '10': True, '11': True, '12': True, '13': True, '14': True, '15': True, '16': True, '17': True, '18': True, '19': True, '20': True, '21': True, '22': True, '23': True, '24': True, '25': True, '26': True, '27': True, '28': True, '29': True, '30': True, '31': True, '32': True}}","{'5': [{'start': 1, 'end': inf, 'duration': inf, 'waiting_time': 0, 'access_time': 31, 'interval': 0, 'next_access': inf}]}"
User_6,31,6,"[3, 3]","BaseStation_14 ([3, 3])",30.0,10.0,-20.0,"{'6': [[14, 11, 12]]}","{'6': {'1': True, '2': True, '3': True, '4': True, '5': True, '6': True, '7': True, '8': True, '9': True, '10': True, '11': True, '12': True, '13': True, '14': True, '15': True, '16': True, '17': True, '18': True, '19': True, '20': True, '21': True, '22': True, '23': True, '24': True, '25': True, '26': True, '27': True, '28': True, '29': True, '30': True, '31': True, '32': True}}","{'6': [{'start': 1, 'end': inf, 'duration': inf, 'waiting_time': 0, 'access_time': 31, 'interval': 0, 'next_access': inf}]}"
User_1,32,1,"[6, 0]","BaseStation_4 ([6, 0])",40.0,18.0,-22.0,"{'1': [[4, 3, 2, 1]]}","{'1': {'1': True, '2': True, '3': True, '4': True, '5': True, '6': True, '7': True, '8': True, '9': True, '10': True, '11': True, '12': True, '13': True, '14': True, '15': True, '16': True, '17': True, '18': True, '19': True, '20': True, '21': True, '22': True, '23': True, '24': True, '25': True, '26': True, '27': True, '28': True, '29': True, '30': True, '31': True, '32': True, '33': True}}","{'1': [{'start': 1, 'end': inf, 'duration': inf, 'waiting_time': 0, 'access_time': 32, 'interval': 0, 'next_access': inf}]}"
User_2,32,2,"[3, 1]","BaseStation_6 ([3, 1])",,13.0,,{},"{'2': {'1': True, '2': True, '3': True, '4': True, '5': True, '6': True, '7': True, '8': True, '9': True, '10': True, '11': True, '12': True, '13': True, '14': True, '15': True, '16': True, '17': True, '18': True, '19': True, '20': True, '21': True, '22': True, '23': True, '24': True, '25': True, '26': True, '27': True, '28': True, '29': True, '30': True, '31': True, '32': True, '33': True}}","{'2': [{'start': 1, 'end': inf, 'duration': inf, 'waiting_time': 0, 'access_time': 32, 'interval': 0, 'next_access': inf}]}"
User_3,32,3,"[2, 2]","BaseStation_10 ([2, 2])",20.0,16.0,-4.0,"{'3': [[10, 9]]}","{'3': {'1': True, '2': True, '3': True, '4': True, '5': True, '6': True, '7': True, '8': True, '9': True, '10': True, '11': True, '12': True, '13': True, '14': True, '15': True, '16': True, '17': True, '18': True, '19': True, '20': True, '21': True, '22': True, '23': True, '24': True, '25': True, '26': True, '27': True, '28': True, '29': True, '30': True, '31': True, '32': True, '33': True}}","{'3': [{'start': 1, 'end': inf, 'duration': inf, 'waiting_time': 0, 'access_time': 32, 'interval': 0, 'next_access': inf}]}"
User_4,32,4,"[6, 0]","BaseStation_4 ([6, 0])",20.0,21.0,1.0,"{'4': [[4, 8]]}","{'4': {'1': True, '2': True, '3': True, '4': True, '5': True, '6': True, '7': True, '8': True, '9': True, '10': True, '11': True, '12': True, '13': True, '14': True, '15': True, '16': True, '17': True, '18': True, '19': True, '20': True, '21': True, '22': True, '23': True, '24': True, '25': True, '26': True, '27': True, '28': True, '29': True, '30': True, '31': True, '32': True, '33': True}}","{'4': [{'start': 1, 'end': inf, 'duration': inf, 'waiting_time': 0, 'access_time': 32, 'interval': 0, 'next_access': inf}]}"
User_5,32,5,"[4, 2]","BaseStation_11 ([4, 2])",30.0,20.0,-10.0,"{'5': [[11, 7, 4]]}","{'5': {'1': True, '2': True, '3': True, '4': True, '5': True, '6': True, '7': True, '8': True, '9': True, '10': True, '11': True, '12': True, '13': True, '14': True, '15': True, '16': True, '17': True, '18': True, '19': True, '20': True, '21': True, '22': True, '23': True, '24': True, '25': True, '26': True, '27': True, '28': True, '29': True, '30': True, '31': True, '32': True, '33': True}}","{'5': [{'start': 1, 'end': inf, 'duration': inf, 'waiting_time': 0, 'access_time': 32, 'interval': 0, 'next_access': inf}]}"
User_6,32,6,"[3, 3]","BaseStation_14 ([3, 3])",30.0,10.0,-20.0,"{'6': [[14, 11, 12]]}","{'6': {'1': True, '2': True, '3': True, '4': True, '5': True, '6': True, '7': True, '8': True, '9': True, '10': True, '11': True, '12': True, '13': True, '14': True, '15': True, '16': True, '17': True, '18': True, '19': True, '20': True, '21': True, '22': True, '23': True, '24': True, '25': True, '26': True, '27': True, '28': True, '29': True, '30': True, '31': True, '32': True, '33': True}}","{'6': [{'start': 1, 'end': inf, 'duration': inf, 'waiting_time': 0, 'access_time': 32, 'interval': 0, 'next_access': inf}]}"
User_1,33,1,"[6, 0]","BaseStation_4 ([6, 0])",40.0,18.0,-22.0,"{'1': [[4, 3, 2, 1]]}","{'1': {'1': True, '2': True, '3': True, '4': True, '5': True, '6': True, '7': True, '8': True, '9': True, '10': True, '11': True, '12': True, '13': True, '14': True, '15': True, '16': True, '17': True, '18': True, '19': True, '20': True, '21': True, '22': True, '23': True, '24': True, '25': True, '26': True, '27': True, '28': True, '29': True, '30': True, '31': True, '32': True, '33': True, '34': True}}","{'1': [{'start': 1, 'end': inf, 'duration': inf, 'waiting_time': 0, 'access_time': 33, 'interval': 0, 'next_access': inf}]}"
User_2,33,2,"[3, 1]","BaseStation_6 ([3, 1])",,13.0,,{},"{'2': {'1': True, '2': True, '3': True, '4': True, '5': True, '6': True, '7': True, '8': True, '9': True, '10': True, '11': True, '12': True, '13': True, '14': True, '15': True, '16': True, '17': True, '18': True, '19': True, '20': True, '21': True, '22': True, '23': True, '24': True, '25': True, '26': True, '27': True, '28': True, '29': True, '30': True, '31': True, '32': True, '33': True, '34': True}}","{'2': [{'start': 1, 'end': inf, 'duration': inf, 'waiting_time': 0, 'access_time': 33, 'interval': 0, 'next_access': inf}]}"
User_3,33,3,"[2, 2]","BaseStation_10 ([2, 2])",20.0,16.0,-4.0,"{'3': [[10, 9]]}","{'3': {'1': True, '2': True, '3': True, '4': True, '5': True, '6': True, '7': True, '8': True, '9': True, '10': True, '11': True, '12': True, '13': True, '14': True, '15': True, '16': True, '17': True, '18': True, '19': True, '20': True, '21': True, '22': True, '23': True, '24': True, '25': True, '26': True, '27': True, '28': True, '29': True, '30': True, '31': True, '32': True, '33': True, '34': True}}","{'3': [{'start': 1, 'end': inf, 'duration': inf, 'waiting_time': 0, 'access_time': 33, 'interval': 0, 'next_access': inf}]}"
User_4,33,4,"[6, 0]","BaseStation_4 ([6, 0])",20.0,21.0,1.0,"{'4': [[4, 8]]}","{'4': {'1': True, '2': True, '3': True, '4': True, '5': True, '6': True, '7': True, '8': True, '9': True, '10': True, '11': True, '12': True, '13': True, '14': True, '15': True, '16': True, '17': True, '18': True, '19': True, '20': True, '21': True, '22': True, '23': True, '24': True, '25': True, '26': True, '27': True, '28': True, '29': True, '30': True, '31': True, '32': True, '33': True, '34': True}}","{'4': [{'start': 1, 'end': inf, 'duration': inf, 'waiting_time': 0, 'access_time': 33, 'interval': 0, 'next_access': inf}]}"
User_5,33,5,"[4, 2]","BaseStation_11 ([4, 2])",30.0,20.0,-10.0,"{'5': [[11, 7, 4]]}","{'5': {'1': True, '2': True, '3': True, '4': True, '5': True, '6': True, '7': True, '8': True, '9': True, '10': True, '11': True, '12': True, '13': True, '14': True, '15': True, '16': True, '17': True, '18': True, '19': True, '20': True, '21': True, '22': True, '23': True, '24': True, '25': True, '26': True, '27': True, '28': True, '29': True, '30': True, '31': True, '32': True, '33': True, '34': True}}","{'5': [{'start': 1, 'end': inf, 'duration': inf, 'waiting_time': 0, 'access_time': 33, 'interval': 0, 'next_access': inf}]}"
User_6,33,6,"[3, 3]","BaseStation_14 ([3, 3])",30.0,10.0,-20.0,"{'6': [[14, 11, 12]]}","{'6': {'1': True, '2': True, '3': True, '4': True, '5': True, '6': True, '7': True, '8': True, '9': True, '10': True, '11': True, '12': True, '13': True, '14': True, '15': True, '16': True, '17': True, '18': True, '19': True, '20': True, '21': True, '22': True, '23': True, '24': True, '25': True, '26': True, '27': True, '28': True, '29': True, '30': True, '31': True, '32': True, '33': True, '34': True}}","{'6': [{'start': 1, 'end': inf, 'duration': inf, 'waiting_time': 0, 'access_time': 33, 'interval': 0, 'next_access': inf}]}"
User_1,34,1,"[6, 0]","BaseStation_4 ([6, 0])",40.0,18.0,-22.0,"{'1': [[4, 3, 2, 1]]}","{'1': {'1': True, '2': True, '3': True, '4': True, '5': True, '6': True, '7': True, '8': True, '9': True, '10': True, '11': True, '12': True, '13': True, '14': True, '15': True, '16': True, '17': True, '18': True, '19': True, '20': True, '21': True, '22': True, '23': True, '24': True, '25': True, '26': True, '27': True, '28': True, '29': True, '30': True, '31': True, '32': True, '33': True, '34': True, '35': True}}","{'1': [{'start': 1, 'end': inf, 'duration': inf, 'waiting_time': 0, 'access_time': 34, 'interval': 0, 'next_access': inf}]}"
User_2,34,2,"[3, 1]","BaseStation_6 ([3, 1])",,13.0,,{},"{'2': {'1': True, '2': True, '3': True, '4': True, '5': True, '6': True, '7': True, '8': True, '9': True, '10': True, '11': True, '12': True, '13': True, '14': True, '15': True, '16': True, '17': True, '18': True, '19': True, '20': True, '21': True, '22': True, '23': True, '24': True, '25': True, '26': True, '27': True, '28': True, '29': True, '30': True, '31': True, '32': True, '33': True, '34': True, '35': True}}","{'2': [{'start': 1, 'end': inf, 'duration': inf, 'waiting_time': 0, 'access_time': 34, 'interval': 0, 'next_access': inf}]}"
User_3,34,3,"[2, 2]","BaseStation_10 ([2, 2])",20.0,16.0,-4.0,"{'3': [[10, 9]]}","{'3': {'1': True, '2': True, '3': True, '4': True, '5': True, '6': True, '7': True, '8': True, '9': True, '10': True, '11': True, '12': True, '13': True, '14': True, '15': True, '16': True, '17': True, '18': True, '19': True, '20': True, '21': True, '22': True, '23': True, '24': True, '25': True, '26': True, '27': True, '28': True, '29': True, '30': True, '31': True, '32': True, '33': True, '34': True, '35': True}}","{'3': [{'start': 1, 'end': inf, 'duration': inf, 'waiting_time': 0, 'access_time': 34, 'interval': 0, 'next_access': inf}]}"
User_4,34,4,"[6, 0]","BaseStation_4 ([6, 0])",20.0,21.0,1.0,"{'4': [[4, 8]]}","{'4': {'1': True, '2': True, '3': True, '4': True, '5': True, '6': True, '7': True, '8': True, '9': True, '10': True, '11': True, '12': True, '13': True, '14': True, '15': True, '16': True, '17': True, '18': True, '19': True, '20': True, '21': True, '22': True, '23': True, '24': True, '25': True, '26': True, '27': True, '28': True, '29': True, '30': True, '31': True, '32': True, '33': True, '34': True, '35': True}}","{'4': [{'start': 1, 'end': inf, 'duration': inf, 'waiting_time': 0, 'access_time': 34, 'interval': 0, 'next_access': inf}]}"
User_5,34,5,"[4, 2]","BaseStation_11 ([4, 2])",30.0,20.0,-10.0,"{'5': [[11, 7, 4]]}","{'5': {'1': True, '2': True, '3': True, '4': True, '5': True, '6': True, '7': True, '8': True, '9': True, '10': True, '11': True, '12': True, '13': True, '14': True, '15': True, '16': True, '17': True, '18': True, '19': True, '20': True, '21': True, '22': True, '23': True, '24': True, '25': True, '26': True, '27': True, '28': True, '29': True, '30': True, '31': True, '32': True, '33': True, '34': True, '35': True}}","{'5': [{'start': 1, 'end': inf, 'duration': inf, 'waiting_time': 0, 'access_time': 34, 'interval': 0, 'next_access': inf}]}"
User_6,34,6,"[3, 3]","BaseStation_14 ([3, 3])",30.0,10.0,-20.0,"{'6': [[14, 11, 12]]}","{'6': {'1': True, '2': True, '3': True, '4': True, '5': True, '6': True, '7': True, '8': True, '9': True, '10': True, '11': True, '12': True, '13': True, '14': True, '15': True, '16': True, '17': True, '18': True, '19': True, '20': True, '21': True, '22': True, '23': True, '24': True, '25': True, '26': True, '27': True, '28': True, '29': True, '30': True, '31': True, '32': True, '33': True, '34': True, '35': True}}","{'6': [{'start': 1, 'end': inf, 'duration': inf, 'waiting_time': 0, 'access_time': 34, 'interval': 0, 'next_access': inf}]}"
User_1,35,1,"[6, 0]","BaseStation_4 ([6, 0])",40.0,18.0,-22.0,"{'1': [[4, 3, 2, 1]]}","{'1': {'1': True, '2': True, '3': True, '4': True, '5': True, '6': True, '7': True, '8': True, '9': True, '10': True, '11': True, '12': True, '13': True, '14': True, '15': True, '16': True, '17': True, '18': True, '19': True, '20': True, '21': True, '22': True, '23': True, '24': True, '25': True, '26': True, '27': True, '28': True, '29': True, '30': True, '31': True, '32': True, '33': True, '34': True, '35': True, '36': True}}","{'1': [{'start': 1, 'end': inf, 'duration': inf, 'waiting_time': 0, 'access_time': 35, 'interval': 0, 'next_access': inf}]}"
User_2,35,2,"[3, 1]","BaseStation_6 ([3, 1])",,13.0,,{},"{'2': {'1': True, '2': True, '3': True, '4': True, '5': True, '6': True, '7': True, '8': True, '9': True, '10': True, '11': True, '12': True, '13': True, '14': True, '15': True, '16': True, '17': True, '18': True, '19': True, '20': True, '21': True, '22': True, '23': True, '24': True, '25': True, '26': True, '27': True, '28': True, '29': True, '30': True, '31': True, '32': True, '33': True, '34': True, '35': True, '36': True}}","{'2': [{'start': 1, 'end': inf, 'duration': inf, 'waiting_time': 0, 'access_time': 35, 'interval': 0, 'next_access': inf}]}"
User_3,35,3,"[2, 2]","BaseStation_10 ([2, 2])",20.0,16.0,-4.0,"{'3': [[10, 9]]}","{'3': {'1': True, '2': True, '3': True, '4': True, '5': True, '6': True, '7': True, '8': True, '9': True, '10': True, '11': True, '12': True, '13': True, '14': True, '15': True, '16': True, '17': True, '18': True, '19': True, '20': True, '21': True, '22': True, '23': True, '24': True, '25': True, '26': True, '27': True, '28': True, '29': True, '30': True, '31': True, '32': True, '33': True, '34': True, '35': True, '36': True}}","{'3': [{'start': 1, 'end': inf, 'duration': inf, 'waiting_time': 0, 'access_time': 35, 'interval': 0, 'next_access': inf}]}"
User_4,35,4,"[6, 0]","BaseStation_4 ([6, 0])",20.0,21.0,1.0,"{'4': [[4, 8]]}","{'4': {'1': True, '2': True, '3': True, '4': True, '5': True, '6': True, '7': True, '8': True, '9': True, '10': True, '11': True, '12': True, '13': True, '14': True, '15': True, '16': True, '17': True, '18': True, '19': True, '20': True, '21': True, '22': True, '23': True, '24': True, '25': True, '26': True, '27': True, '28': True, '29': True, '30': True, '31': True, '32': True, '33': True, '34': True, '35': True, '36': True}}","{'4': [{'start': 1, 'end': inf, 'duration': inf, 'waiting_time': 0, 'access_time': 35, 'interval': 0, 'next_access': inf}]}"
User_5,35,5,"[4, 2]","BaseStation_11 ([4, 2])",30.0,20.0,-10.0,"{'5': [[11, 7, 4]]}","{'5': {'1': True, '2': True, '3': True, '4': True, '5': True, '6': True, '7': True, '8': True, '9': True, '10': True, '11': True, '12': True, '13': True, '14': True, '15': True, '16': True, '17': True, '18': True, '19': True, '20': True, '21': True, '22': True, '23': True, '24': True, '25': True, '26': True, '27': True, '28': True, '29': True, '30': True, '31': True, '32': True, '33': True, '34': True, '35': True, '36': True}}","{'5': [{'start': 1, 'end': inf, 'duration': inf, 'waiting_time': 0, 'access_time': 35, 'interval': 0, 'next_access': inf}]}"
User_6,35,6,"[3, 3]","BaseStation_14 ([3, 3])",30.0,10.0,-20.0,"{'6': [[14, 11, 12]]}","{'6': {'1': True, '2': True, '3': True, '4': True, '5': True, '6': True, '7': True, '8': True, '9': True, '10': True, '11': True, '12': True, '13': True, '14': True, '15': True, '16': True, '17': True, '18': True, '19': True, '20': True, '21': True, '22': True, '23': True, '24': True, '25': True, '26': True, '27': True, '28': True, '29': True, '30': True, '31': True, '32': True, '33': True, '34': True, '35': True, '36': True}}","{'6': [{'start': 1, 'end': inf, 'duration': inf, 'waiting_time': 0, 'access_time': 35, 'interval': 0, 'next_access': inf}]}"
User_1,36,1,"[6, 0]","BaseStation_4 ([6, 0])",40.0,18.0,-22.0,"{'1': [[4, 3, 2, 1]]}","{'1': {'1': True, '2': True, '3': True, '4': True, '5': True, '6': True, '7': True, '8': True, '9': True, '10': True, '11': True, '12': True, '13': True, '14': True, '15': True, '16': True, '17': True, '18': True, '19': True, '20': True, '21': True, '22': True, '23': True, '24': True, '25': True, '26': True, '27': True, '28': True, '29': True, '30': True, '31': True, '32': True, '33': True, '34': True, '35': True, '36': True, '37': True}}","{'1': [{'start': 1, 'end': inf, 'duration': inf, 'waiting_time': 0, 'access_time': 36, 'interval': 0, 'next_access': inf}]}"
User_2,36,2,"[3, 1]","BaseStation_6 ([3, 1])",,13.0,,{},"{'2': {'1': True, '2': True, '3': True, '4': True, '5': True, '6': True, '7': True, '8': True, '9': True, '10': True, '11': True, '12': True, '13': True, '14': True, '15': True, '16': True, '17': True, '18': True, '19': True, '20': True, '21': True, '22': True, '23': True, '24': True, '25': True, '26': True, '27': True, '28': True, '29': True, '30': True, '31': True, '32': True, '33': True, '34': True, '35': True, '36': True, '37': True}}","{'2': [{'start': 1, 'end': inf, 'duration': inf, 'waiting_time': 0, 'access_time': 36, 'interval': 0, 'next_access': inf}]}"
User_3,36,3,"[2, 2]","BaseStation_10 ([2, 2])",20.0,16.0,-4.0,"{'3': [[10, 9]]}","{'3': {'1': True, '2': True, '3': True, '4': True, '5': True, '6': True, '7': True, '8': True, '9': True, '10': True, '11': True, '12': True, '13': True, '14': True, '15': True, '16': True, '17': True, '18': True, '19': True, '20': True, '21': True, '22': True, '23': True, '24': True, '25': True, '26': True, '27': True, '28': True, '29': True, '30': True, '31': True, '32': True, '33': True, '34': True, '35': True, '36': True, '37': True}}","{'3': [{'start': 1, 'end': inf, 'duration': inf, 'waiting_time': 0, 'access_time': 36, 'interval': 0, 'next_access': inf}]}"
User_4,36,4,"[6, 0]","BaseStation_4 ([6, 0])",20.0,21.0,1.0,"{'4': [[4, 8]]}","{'4': {'1': True, '2': True, '3': True, '4': True, '5': True, '6': True, '7': True, '8': True, '9': True, '10': True, '11': True, '12': True, '13': True, '14': True, '15': True, '16': True, '17': True, '18': True, '19': True, '20': True, '21': True, '22': True, '23': True, '24': True, '25': True, '26': True, '27': True, '28': True, '29': True, '30': True, '31': True, '32': True, '33': True, '34': True, '35': True, '36': True, '37': True}}","{'4': [{'start': 1, 'end': inf, 'duration': inf, 'waiting_time': 0, 'access_time': 36, 'interval': 0, 'next_access': inf}]}"
User_5,36,5,"[4, 2]","BaseStation_11 ([4, 2])",30.0,20.0,-10.0,"{'5': [[11, 7, 4]]}","{'5': {'1': True, '2': True, '3': True, '4': True, '5': True, '6': True, '7': True, '8': True, '9': True, '10': True, '11': True, '12': True, '13': True, '14': True, '15': True, '16': True, '17': True, '18': True, '19': True, '20': True, '21': True, '22': True, '23': True, '24': True, '25': True, '26': True, '27': True, '28': True, '29': True, '30': True, '31': True, '32': True, '33': True, '34': True, '35': True, '36': True, '37': True}}","{'5': [{'start': 1, 'end': inf, 'duration': inf, 'waiting_time': 0, 'access_time': 36, 'interval': 0, 'next_access': inf}]}"
User_6,36,6,"[3, 3]","BaseStation_14 ([3, 3])",30.0,10.0,-20.0,"{'6': [[14, 11, 12]]}","{'6': {'1': True, '2': True, '3': True, '4': True, '5': True, '6': True, '7': True, '8': True, '9': True, '10': True, '11': True, '12': True, '13': True, '14': True, '15': True, '16': True, '17': True, '18': True, '19': True, '20': True, '21': True, '22': True, '23': True, '24': True, '25': True, '26': True, '27': True, '28': True, '29': True, '30': True, '31': True, '32': True, '33': True, '34': True, '35': True, '36': True, '37': True}}","{'6': [{'start': 1, 'end': inf, 'duration': inf, 'waiting_time': 0, 'access_time': 36, 'interval': 0, 'next_access': inf}]}"
User_1,37,1,"[6, 0]","BaseStation_4 ([6, 0])",40.0,18.0,-22.0,"{'1': [[4, 3, 2, 1]]}","{'1': {'1': True, '2': True, '3': True, '4': True, '5': True, '6': True, '7': True, '8': True, '9': True, '10': True, '11': True, '12': True, '13': True, '14': True, '15': True, '16': True, '17': True, '18': True, '19': True, '20': True, '21': True, '22': True, '23': True, '24': True, '25': True, '26': True, '27': True, '28': True, '29': True, '30': True, '31': True, '32': True, '33': True, '34': True, '35': True, '36': True, '37': True, '38': True}}","{'1': [{'start': 1, 'end': inf, 'duration': inf, 'waiting_time': 0, 'access_time': 37, 'interval': 0, 'next_access': inf}]}"
User_2,37,2,"[3, 1]","BaseStation_6 ([3, 1])",,13.0,,{},"{'2': {'1': True, '2': True, '3': True, '4': True, '5': True, '6': True, '7': True, '8': True, '9': True, '10': True, '11': True, '12': True, '13': True, '14': True, '15': True, '16': True, '17': True, '18': True, '19': True, '20': True, '21': True, '22': True, '23': True, '24': True, '25': True, '26': True, '27': True, '28': True, '29': True, '30': True, '31': True, '32': True, '33': True, '34': True, '35': True, '36': True, '37': True, '38': True}}","{'2': [{'start': 1, 'end': inf, 'duration': inf, 'waiting_time': 0, 'access_time': 37, 'interval': 0, 'next_access': inf}]}"
User_3,37,3,"[2, 2]","BaseStation_10 ([2, 2])",20.0,16.0,-4.0,"{'3': [[10, 9]]}","{'3': {'1': True, '2': True, '3': True, '4': True, '5': True, '6': True, '7': True, '8': True, '9': True, '10': True, '11': True, '12': True, '13': True, '14': True, '15': True, '16': True, '17': True, '18': True, '19': True, '20': True, '21': True, '22': True, '23': True, '24': True, '25': True, '26': True, '27': True, '28': True, '29': True, '30': True, '31': True, '32': True, '33': True, '34': True, '35': True, '36': True, '37': True, '38': True}}","{'3': [{'start': 1, 'end': inf, 'duration': inf, 'waiting_time': 0, 'access_time': 37, 'interval': 0, 'next_access': inf}]}"
User_4,37,4,"[6, 0]","BaseStation_4 ([6, 0])",20.0,21.0,1.0,"{'4': [[4, 8]]}","{'4': {'1': True, '2': True, '3': True, '4': True, '5': True, '6': True, '7': True, '8': True, '9': True, '10': True, '11': True, '12': True, '13': True, '14': True, '15': True, '16': True, '17': True, '18': True, '19': True, '20': True, '21': True, '22': True, '23': True, '24': True, '25': True, '26': True, '27': True, '28': True, '29': True, '30': True, '31': True, '32': True, '33': True, '34': True, '35': True, '36': True, '37': True, '38': True}}","{'4': [{'start': 1, 'end': inf, 'duration': inf, 'waiting_time': 0, 'access_time': 37, 'interval': 0, 'next_access': inf}]}"
User_5,37,5,"[4, 2]","BaseStation_11 ([4, 2])",30.0,20.0,-10.0,"{'5': [[11, 7, 4]]}","{'5': {'1': True, '2': True, '3': True, '4': True, '5': True, '6': True, '7': True, '8': True, '9': True, '10': True, '11': True, '12': True, '13': True, '14': True, '15': True, '16': True, '17': True, '18': True, '19': True, '20': True, '21': True, '22': True, '23': True, '24': True, '25': True, '26': True, '27': True, '28': True, '29': True, '30': True, '31': True, '32': True, '33': True, '34': True, '35': True, '36': True, '37': True, '38': True}}","{'5': [{'start': 1, 'end': inf, 'duration': inf, 'waiting_time': 0, 'access_time': 37, 'interval': 0, 'next_access': inf}]}"
User_6,37,6,"[3, 3]","BaseStation_14 ([3, 3])",30.0,10.0,-20.0,"{'6': [[14, 11, 12]]}","{'6': {'1': True, '2': True, '3': True, '4': True, '5': True, '6': True, '7': True, '8': True, '9': True, '10': True, '11': True, '12': True, '13': True, '14': True, '15': True, '16': True, '17': True, '18': True, '19': True, '20': True, '21': True, '22': True, '23': True, '24': True, '25': True, '26': True, '27': True, '28': True, '29': True, '30': True, '31': True, '32': True, '33': True, '34': True, '35': True, '36': True, '37': True, '38': True}}","{'6': [{'start': 1, 'end': inf, 'duration': inf, 'waiting_time': 0, 'access_time': 37, 'interval': 0, 'next_access': inf}]}"
User_1,38,1,"[6, 0]","BaseStation_4 ([6, 0])",40.0,18.0,-22.0,"{'1': [[4, 3, 2, 1]]}","{'1': {'1': True, '2': True, '3': True, '4': True, '5': True, '6': True, '7': True, '8': True, '9': True, '10': True, '11': True, '12': True, '13': True, '14': True, '15': True, '16': True, '17': True, '18': True, '19': True, '20': True, '21': True, '22': True, '23': True, '24': True, '25': True, '26': True, '27': True, '28': True, '29': True, '30': True, '31': True, '32': True, '33': True, '34': True, '35': True, '36': True, '37': True, '38': True, '39': True}}","{'1': [{'start': 1, 'end': inf, 'duration': inf, 'waiting_time': 0, 'access_time': 38, 'interval': 0, 'next_access': inf}]}"
User_2,38,2,"[3, 1]","BaseStation_6 ([3, 1])",,13.0,,{},"{'2': {'1': True, '2': True, '3': True, '4': True, '5': True, '6': True, '7': True, '8': True, '9': True, '10': True, '11': True, '12': True, '13': True, '14': True, '15': True, '16': True, '17': True, '18': True, '19': True, '20': True, '21': True, '22': True, '23': True, '24': True, '25': True, '26': True, '27': True, '28': True, '29': True, '30': True, '31': True, '32': True, '33': True, '34': True, '35': True, '36': True, '37': True, '38': True, '39': True}}","{'2': [{'start': 1, 'end': inf, 'duration': inf, 'waiting_time': 0, 'access_time': 38, 'interval': 0, 'next_access': inf}]}"
User_3,38,3,"[2, 2]","BaseStation_10 ([2, 2])",20.0,16.0,-4.0,"{'3': [[10, 9]]}","{'3': {'1': True, '2': True, '3': True, '4': True, '5': True, '6': True, '7': True, '8': True, '9': True, '10': True, '11': True, '12': True, '13': True, '14': True, '15': True, '16': True, '17': True, '18': True, '19': True, '20': True, '21': True, '22': True, '23': True, '24': True, '25': True, '26': True, '27': True, '28': True, '29': True, '30': True, '31': True, '32': True, '33': True, '34': True, '35': True, '36': True, '37': True, '38': True, '39': True}}","{'3': [{'start': 1, 'end': inf, 'duration': inf, 'waiting_time': 0, 'access_time': 38, 'interval': 0, 'next_access': inf}]}"
User_4,38,4,"[6, 0]","BaseStation_4 ([6, 0])",20.0,21.0,1.0,"{'4': [[4, 8]]}","{'4': {'1': True, '2': True, '3': True, '4': True, '5': True, '6': True, '7': True, '8': True, '9': True, '10': True, '11': True, '12': True, '13': True, '14': True, '15': True, '16': True, '17': True, '18': True, '19': True, '20': True, '21': True, '22': True, '23': True, '24': True, '25': True, '26': True, '27': True, '28': True, '29': True, '30': True, '31': True, '32': True, '33': True, '34': True, '35': True, '36': True, '37': True, '38': True, '39': True}}","{'4': [{'start': 1, 'end': inf, 'duration': inf, 'waiting_time': 0, 'access_time': 38, 'interval': 0, 'next_access': inf}]}"
User_5,38,5,"[4, 2]","BaseStation_11 ([4, 2])",30.0,20.0,-10.0,"{'5': [[11, 7, 4]]}","{'5': {'1': True, '2': True, '3': True, '4': True, '5': True, '6': True, '7': True, '8': True, '9': True, '10': True, '11': True, '12': True, '13': True, '14': True, '15': True, '16': True, '17': True, '18': True, '19': True, '20': True, '21': True, '22': True, '23': True, '24': True, '25': True, '26': True, '27': True, '28': True, '29': True, '30': True, '31': True, '32': True, '33': True, '34': True, '35': True, '36': True, '37': True, '38': True, '39': True}}","{'5': [{'start': 1, 'end': inf, 'duration': inf, 'waiting_time': 0, 'access_time': 38, 'interval': 0, 'next_access': inf}]}"
User_6,38,6,"[3, 3]","BaseStation_14 ([3, 3])",30.0,10.0,-20.0,"{'6': [[14, 11, 12]]}","{'6': {'1': True, '2': True, '3': True, '4': True, '5': True, '6': True, '7': True, '8': True, '9': True, '10': True, '11': True, '12': True, '13': True, '14': True, '15': True, '16': True, '17': True, '18': True, '19': True, '20': True, '21': True, '22': True, '23': True, '24': True, '25': True, '26': True, '27': True, '28': True, '29': True, '30': True, '31': True, '32': True, '33': True, '34': True, '35': True, '36': True, '37': True, '38': True, '39': True}}","{'6': [{'start': 1, 'end': inf, 'duration': inf, 'waiting_time': 0, 'access_time': 38, 'interval': 0, 'next_access': inf}]}"
User_1,39,1,"[6, 0]","BaseStation_4 ([6, 0])",40.0,18.0,-22.0,"{'1': [[4, 3, 2, 1]]}","{'1': {'1': True, '2': True, '3': True, '4': True, '5': True, '6': True, '7': True, '8': True, '9': True, '10': True, '11': True, '12': True, '13': True, '14': True, '15': True, '16': True, '17': True, '18': True, '19': True, '20': True, '21': True, '22': True, '23': True, '24': True, '25': True, '26': True, '27': True, '28': True, '29': True, '30': True, '31': True, '32': True, '33': True, '34': True, '35': True, '36': True, '37': True, '38': True, '39': True, '40': True}}","{'1': [{'start': 1, 'end': inf, 'duration': inf, 'waiting_time': 0, 'access_time': 39, 'interval': 0, 'next_access': inf}]}"
User_2,39,2,"[3, 1]","BaseStation_6 ([3, 1])",,13.0,,{},"{'2': {'1': True, '2': True, '3': True, '4': True, '5': True, '6': True, '7': True, '8': True, '9': True, '10': True, '11': True, '12': True, '13': True, '14': True, '15': True, '16': True, '17': True, '18': True, '19': True, '20': True, '21': True, '22': True, '23': True, '24': True, '25': True, '26': True, '27': True, '28': True, '29': True, '30': True, '31': True, '32': True, '33': True, '34': True, '35': True, '36': True, '37': True, '38': True, '39': True, '40': True}}","{'2': [{'start': 1, 'end': inf, 'duration': inf, 'waiting_time': 0, 'access_time': 39, 'interval': 0, 'next_access': inf}]}"
User_3,39,3,"[2, 2]","BaseStation_10 ([2, 2])",20.0,16.0,-4.0,"{'3': [[10, 9]]}","{'3': {'1': True, '2': True, '3': True, '4': True, '5': True, '6': True, '7': True, '8': True, '9': True, '10': True, '11': True, '12': True, '13': True, '14': True, '15': True, '16': True, '17': True, '18': True, '19': True, '20': True, '21': True, '22': True, '23': True, '24': True, '25': True, '26': True, '27': True, '28': True, '29': True, '30': True, '31': True, '32': True, '33': True, '34': True, '35': True, '36': True, '37': True, '38': True, '39': True, '40': True}}","{'3': [{'start': 1, 'end': inf, 'duration': inf, 'waiting_time': 0, 'access_time': 39, 'interval': 0, 'next_access': inf}]}"
User_4,39,4,"[6, 0]","BaseStation_4 ([6, 0])",20.0,21.0,1.0,"{'4': [[4, 8]]}","{'4': {'1': True, '2': True, '3': True, '4': True, '5': True, '6': True, '7': True, '8': True, '9': True, '10': True, '11': True, '12': True, '13': True, '14': True, '15': True, '16': True, '17': True, '18': True, '19': True, '20': True, '21': True, '22': True, '23': True, '24': True, '25': True, '26': True, '27': True, '28': True, '29': True, '30': True, '31': True, '32': True, '33': True, '34': True, '35': True, '36': True, '37': True, '38': True, '39': True, '40': True}}","{'4': [{'start': 1, 'end': inf, 'duration': inf, 'waiting_time': 0, 'access_time': 39, 'interval': 0, 'next_access': inf}]}"
User_5,39,5,"[4, 2]","BaseStation_11 ([4, 2])",30.0,20.0,-10.0,"{'5': [[11, 7, 4]]}","{'5': {'1': True, '2': True, '3': True, '4': True, '5': True, '6': True, '7': True, '8': True, '9': True, '10': True, '11': True, '12': True, '13': True, '14': True, '15': True, '16': True, '17': True, '18': True, '19': True, '20': True, '21': True, '22': True, '23': True, '24': True, '25': True, '26': True, '27': True, '28': True, '29': True, '30': True, '31': True, '32': True, '33': True, '34': True, '35': True, '36': True, '37': True, '38': True, '39': True, '40': True}}","{'5': [{'start': 1, 'end': inf, 'duration': inf, 'waiting_time': 0, 'access_time': 39, 'interval': 0, 'next_access': inf}]}"
User_6,39,6,"[3, 3]","BaseStation_14 ([3, 3])",30.0,10.0,-20.0,"{'6': [[14, 11, 12]]}","{'6': {'1': True, '2': True, '3': True, '4': True, '5': True, '6': True, '7': True, '8': True, '9': True, '10': True, '11': True, '12': True, '13': True, '14': True, '15': True, '16': True, '17': True, '18': True, '19': True, '20': True, '21': True, '22': True, '23': True, '24': True, '25': True, '26': True, '27': True, '28': True, '29': True, '30': True, '31': True, '32': True, '33': True, '34': True, '35': True, '36': True, '37': True, '38': True, '39': True, '40': True}}","{'6': [{'start': 1, 'end': inf, 'duration': inf, 'waiting_time': 0, 'access_time': 39, 'interval': 0, 'next_access': inf}]}"
User_1,40,1,"[6, 0]","BaseStation_4 ([6, 0])",40.0,18.0,-22.0,"{'1': [[4, 3, 2, 1]]}","{'1': {'1': True, '2': True, '3': True, '4': True, '5': True, '6': True, '7': True, '8': True, '9': True, '10': True, '11': True, '12': True, '13': True, '14': True, '15': True, '16': True, '17': True, '18': True, '19': True, '20': True, '21': True, '22': True, '23': True, '24': True, '25': True, '26': True, '27': True, '28': True, '29': True, '30': True, '31': True, '32': True, '33': True, '34': True, '35': True, '36': True, '37': True, '38': True, '39': True, '40': True, '41': True}}","{'1': [{'start': 1, 'end': inf, 'duration': inf, 'waiting_time': 0, 'access_time': 40, 'interval': 0, 'next_access': inf}]}"
User_2,40,2,"[3, 1]","BaseStation_6 ([3, 1])",,13.0,,{},"{'2': {'1': True, '2': True, '3': True, '4': True, '5': True, '6': True, '7': True, '8': True, '9': True, '10': True, '11': True, '12': True, '13': True, '14': True, '15': True, '16': True, '17': True, '18': True, '19': True, '20': True, '21': True, '22': True, '23': True, '24': True, '25': True, '26': True, '27': True, '28': True, '29': True, '30': True, '31': True, '32': True, '33': True, '34': True, '35': True, '36': True, '37': True, '38': True, '39': True, '40': True, '41': True}}","{'2': [{'start': 1, 'end': inf, 'duration': inf, 'waiting_time': 0, 'access_time': 40, 'interval': 0, 'next_access': inf}]}"
User_3,40,3,"[2, 2]","BaseStation_10 ([2, 2])",20.0,16.0,-4.0,"{'3': [[10, 9]]}","{'3': {'1': True, '2': True, '3': True, '4': True, '5': True, '6': True, '7': True, '8': True, '9': True, '10': True, '11': True, '12': True, '13': True, '14': True, '15': True, '16': True, '17': True, '18': True, '19': True, '20': True, '21': True, '22': True, '23': True, '24': True, '25': True, '26': True, '27': True, '28': True, '29': True, '30': True, '31': True, '32': True, '33': True, '34': True, '35': True, '36': True, '37': True, '38': True, '39': True, '40': True, '41': True}}","{'3': [{'start': 1, 'end': inf, 'duration': inf, 'waiting_time': 0, 'access_time': 40, 'interval': 0, 'next_access': inf}]}"
User_4,40,4,"[6, 0]","BaseStation_4 ([6, 0])",20.0,21.0,1.0,"{'4': [[4, 8]]}","{'4': {'1': True, '2': True, '3': True, '4': True, '5': True, '6': True, '7': True, '8': True, '9': True, '10': True, '11': True, '12': True, '13': True, '14': True, '15': True, '16': True, '17': True, '18': True, '19': True, '20': True, '21': True, '22': True, '23': True, '24': True, '25': True, '26': True, '27': True, '28': True, '29': True, '30': True, '31': True, '32': True, '33': True, '34': True, '35': True, '36': True, '37': True, '38': True, '39': True, '40': True, '41': True}}","{'4': [{'start': 1, 'end': inf, 'duration': inf, 'waiting_time': 0, 'access_time': 40, 'interval': 0, 'next_access': inf}]}"
User_5,40,5,"[4, 2]","BaseStation_11 ([4, 2])",30.0,20.0,-10.0,"{'5': [[11, 7, 4]]}","{'5': {'1': True, '2': True, '3': True, '4': True, '5': True, '6': True, '7': True, '8': True, '9': True, '10': True, '11': True, '12': True, '13': True, '14': True, '15': True, '16': True, '17': True, '18': True, '19': True, '20': True, '21': True, '22': True, '23': True, '24': True, '25': True, '26': True, '27': True, '28': True, '29': True, '30': True, '31': True, '32': True, '33': True, '34': True, '35': True, '36': True, '37': True, '38': True, '39': True, '40': True, '41': True}}","{'5': [{'start': 1, 'end': inf, 'duration': inf, 'waiting_time': 0, 'access_time': 40, 'interval': 0, 'next_access': inf}]}"
User_6,40,6,"[3, 3]","BaseStation_14 ([3, 3])",30.0,10.0,-20.0,"{'6': [[14, 11, 12]]}","{'6': {'1': True, '2': True, '3': True, '4': True, '5': True, '6': True, '7': True, '8': True, '9': True, '10': True, '11': True, '12': True, '13': True, '14': True, '15': True, '16': True, '17': True, '18': True, '19': True, '20': True, '21': True, '22': True, '23': True, '24': True, '25': True, '26': True, '27': True, '28': True, '29': True, '30': True, '31': True, '32': True, '33': True, '34': True, '35': True, '36': True, '37': True, '38': True, '39': True, '40': True, '41': True}}","{'6': [{'start': 1, 'end': inf, 'duration': inf, 'waiting_time': 0, 'access_time': 40, 'interval': 0, 'next_access': inf}]}"
User_1,41,1,"[6, 0]","BaseStation_4 ([6, 0])",40.0,18.0,-22.0,"{'1': [[4, 3, 2, 1]]}","{'1': {'1': True, '2': True, '3': True, '4': True, '5': True, '6': True, '7': True, '8': True, '9': True, '10': True, '11': True, '12': True, '13': True, '14': True, '15': True, '16': True, '17': True, '18': True, '19': True, '20': True, '21': True, '22': True, '23': True, '24': True, '25': True, '26': True, '27': True, '28': True, '29': True, '30': True, '31': True, '32': True, '33': True, '34': True, '35': True, '36': True, '37': True, '38': True, '39': True, '40': True, '41': True, '42': True}}","{'1': [{'start': 1, 'end': inf, 'duration': inf, 'waiting_time': 0, 'access_time': 41, 'interval': 0, 'next_access': inf}]}"
User_2,41,2,"[3, 1]","BaseStation_6 ([3, 1])",,13.0,,{},"{'2': {'1': True, '2': True, '3': True, '4': True, '5': True, '6': True, '7': True, '8': True, '9': True, '10': True, '11': True, '12': True, '13': True, '14': True, '15': True, '16': True, '17': True, '18': True, '19': True, '20': True, '21': True, '22': True, '23': True, '24': True, '25': True, '26': True, '27': True, '28': True, '29': True, '30': True, '31': True, '32': True, '33': True, '34': True, '35': True, '36': True, '37': True, '38': True, '39': True, '40': True, '41': True, '42': True}}","{'2': [{'start': 1, 'end': inf, 'duration': inf, 'waiting_time': 0, 'access_time': 41, 'interval': 0, 'next_access': inf}]}"
User_3,41,3,"[2, 2]","BaseStation_10 ([2, 2])",20.0,16.0,-4.0,"{'3': [[10, 9]]}","{'3': {'1': True, '2': True, '3': True, '4': True, '5': True, '6': True, '7': True, '8': True, '9': True, '10': True, '11': True, '12': True, '13': True, '14': True, '15': True, '16': True, '17': True, '18': True, '19': True, '20': True, '21': True, '22': True, '23': True, '24': True, '25': True, '26': True, '27': True, '28': True, '29': True, '30': True, '31': True, '32': True, '33': True, '34': True, '35': True, '36': True, '37': True, '38': True, '39': True, '40': True, '41': True, '42': True}}","{'3': [{'start': 1, 'end': inf, 'duration': inf, 'waiting_time': 0, 'access_time': 41, 'interval': 0, 'next_access': inf}]}"
User_4,41,4,"[6, 0]","BaseStation_4 ([6, 0])",20.0,21.0,1.0,"{'4': [[4, 8]]}","{'4': {'1': True, '2': True, '3': True, '4': True, '5': True, '6': True, '7': True, '8': True, '9': True, '10': True, '11': True, '12': True, '13': True, '14': True, '15': True, '16': True, '17': True, '18': True, '19': True, '20': True, '21': True, '22': True, '23': True, '24': True, '25': True, '26': True, '27': True, '28': True, '29': True, '30': True, '31': True, '32': True, '33': True, '34': True, '35': True, '36': True, '37': True, '38': True, '39': True, '40': True, '41': True, '42': True}}","{'4': [{'start': 1, 'end': inf, 'duration': inf, 'waiting_time': 0, 'access_time': 41, 'interval': 0, 'next_access': inf}]}"
User_5,41,5,"[4, 2]","BaseStation_11 ([4, 2])",30.0,20.0,-10.0,"{'5': [[11, 7, 4]]}","{'5': {'1': True, '2': True, '3': True, '4': True, '5': True, '6': True, '7': True, '8': True, '9': True, '10': True, '11': True, '12': True, '13': True, '14': True, '15': True, '16': True, '17': True, '18': True, '19': True, '20': True, '21': True, '22': True, '23': True, '24': True, '25': True, '26': True, '27': True, '28': True, '29': True, '30': True, '31': True, '32': True, '33': True, '34': True, '35': True, '36': True, '37': True, '38': True, '39': True, '40': True, '41': True, '42': True}}","{'5': [{'start': 1, 'end': inf, 'duration': inf, 'waiting_time': 0, 'access_time': 41, 'interval': 0, 'next_access': inf}]}"
User_6,41,6,"[3, 3]","BaseStation_14 ([3, 3])",30.0,10.0,-20.0,"{'6': [[14, 11, 12]]}","{'6': {'1': True, '2': True, '3': True, '4': True, '5': True, '6': True, '7': True, '8': True, '9': True, '10': True, '11': True, '12': True, '13': True, '14': True, '15': True, '16': True, '17': True, '18': True, '19': True, '20': True, '21': True, '22': True, '23': True, '24': True, '25': True, '26': True, '27': True, '28': True, '29': True, '30': True, '31': True, '32': True, '33': True, '34': True, '35': True, '36': True, '37': True, '38': True, '39': True, '40': True, '41': True, '42': True}}","{'6': [{'start': 1, 'end': inf, 'duration': inf, 'waiting_time': 0, 'access_time': 41, 'interval': 0, 'next_access': inf}]}"
User_1,42,1,"[6, 0]","BaseStation_4 ([6, 0])",40.0,18.0,-22.0,"{'1': [[4, 3, 2, 1]]}","{'1': {'1': True, '2': True, '3': True, '4': True, '5': True, '6': True, '7': True, '8': True, '9': True, '10': True, '11': True, '12': True, '13': True, '14': True, '15': True, '16': True, '17': True, '18': True, '19': True, '20': True, '21': True, '22': True, '23': True, '24': True, '25': True, '26': True, '27': True, '28': True, '29': True, '30': True, '31': True, '32': True, '33': True, '34': True, '35': True, '36': True, '37': True, '38': True, '39': True, '40': True, '41': True, '42': True, '43': True}}","{'1': [{'start': 1, 'end': inf, 'duration': inf, 'waiting_time': 0, 'access_time': 42, 'interval': 0, 'next_access': inf}]}"
User_2,42,2,"[3, 1]","BaseStation_6 ([3, 1])",,13.0,,{},"{'2': {'1': True, '2': True, '3': True, '4': True, '5': True, '6': True, '7': True, '8': True, '9': True, '10': True, '11': True, '12': True, '13': True, '14': True, '15': True, '16': True, '17': True, '18': True, '19': True, '20': True, '21': True, '22': True, '23': True, '24': True, '25': True, '26': True, '27': True, '28': True, '29': True, '30': True, '31': True, '32': True, '33': True, '34': True, '35': True, '36': True, '37': True, '38': True, '39': True, '40': True, '41': True, '42': True, '43': True}}","{'2': [{'start': 1, 'end': inf, 'duration': inf, 'waiting_time': 0, 'access_time': 42, 'interval': 0, 'next_access': inf}]}"
User_3,42,3,"[2, 2]","BaseStation_10 ([2, 2])",20.0,16.0,-4.0,"{'3': [[10, 9]]}","{'3': {'1': True, '2': True, '3': True, '4': True, '5': True, '6': True, '7': True, '8': True, '9': True, '10': True, '11': True, '12': True, '13': True, '14': True, '15': True, '16': True, '17': True, '18': True, '19': True, '20': True, '21': True, '22': True, '23': True, '24': True, '25': True, '26': True, '27': True, '28': True, '29': True, '30': True, '31': True, '32': True, '33': True, '34': True, '35': True, '36': True, '37': True, '38': True, '39': True, '40': True, '41': True, '42': True, '43': True}}","{'3': [{'start': 1, 'end': inf, 'duration': inf, 'waiting_time': 0, 'access_time': 42, 'interval': 0, 'next_access': inf}]}"
User_4,42,4,"[6, 0]","BaseStation_4 ([6, 0])",20.0,21.0,1.0,"{'4': [[4, 8]]}","{'4': {'1': True, '2': True, '3': True, '4': True, '5': True, '6': True, '7': True, '8': True, '9': True, '10': True, '11': True, '12': True, '13': True, '14': True, '15': True, '16': True, '17': True, '18': True, '19': True, '20': True, '21': True, '22': True, '23': True, '24': True, '25': True, '26': True, '27': True, '28': True, '29': True, '30': True, '31': True, '32': True, '33': True, '34': True, '35': True, '36': True, '37': True, '38': True, '39': True, '40': True, '41': True, '42': True, '43': True}}","{'4': [{'start': 1, 'end': inf, 'duration': inf, 'waiting_time': 0, 'access_time': 42, 'interval': 0, 'next_access': inf}]}"
User_5,42,5,"[4, 2]","BaseStation_11 ([4, 2])",30.0,20.0,-10.0,"{'5': [[11, 7, 4]]}","{'5': {'1': True, '2': True, '3': True, '4': True, '5': True, '6': True, '7': True, '8': True, '9': True, '10': True, '11': True, '12': True, '13': True, '14': True, '15': True, '16': True, '17': True, '18': True, '19': True, '20': True, '21': True, '22': True, '23': True, '24': True, '25': True, '26': True, '27': True, '28': True, '29': True, '30': True, '31': True, '32': True, '33': True, '34': True, '35': True, '36': True, '37': True, '38': True, '39': True, '40': True, '41': True, '42': True, '43': True}}","{'5': [{'start': 1, 'end': inf, 'duration': inf, 'waiting_time': 0, 'access_time': 42, 'interval': 0, 'next_access': inf}]}"
User_6,42,6,"[3, 3]","BaseStation_14 ([3, 3])",30.0,10.0,-20.0,"{'6': [[14, 11, 12]]}","{'6': {'1': True, '2': True, '3': True, '4': True, '5': True, '6': True, '7': True, '8': True, '9': True, '10': True, '11': True, '12': True, '13': True, '14': True, '15': True, '16': True, '17': True, '18': True, '19': True, '20': True, '21': True, '22': True, '23': True, '24': True, '25': True, '26': True, '27': True, '28': True, '29': True, '30': True, '31': True, '32': True, '33': True, '34': True, '35': True, '36': True, '37': True, '38': True, '39': True, '40': True, '41': True, '42': True, '43': True}}","{'6': [{'start': 1, 'end': inf, 'duration': inf, 'waiting_time': 0, 'access_time': 42, 'interval': 0, 'next_access': inf}]}"
User_1,43,1,"[6, 0]","BaseStation_4 ([6, 0])",40.0,18.0,-22.0,"{'1': [[4, 3, 2, 1]]}","{'1': {'1': True, '2': True, '3': True, '4': True, '5': True, '6': True, '7': True, '8': True, '9': True, '10': True, '11': True, '12': True, '13': True, '14': True, '15': True, '16': True, '17': True, '18': True, '19': True, '20': True, '21': True, '22': True, '23': True, '24': True, '25': True, '26': True, '27': True, '28': True, '29': True, '30': True, '31': True, '32': True, '33': True, '34': True, '35': True, '36': True, '37': True, '38': True, '39': True, '40': True, '41': True, '42': True, '43': True, '44': True}}","{'1': [{'start': 1, 'end': inf, 'duration': inf, 'waiting_time': 0, 'access_time': 43, 'interval': 0, 'next_access': inf}]}"
User_2,43,2,"[3, 1]","BaseStation_6 ([3, 1])",,13.0,,{},"{'2': {'1': True, '2': True, '3': True, '4': True, '5': True, '6': True, '7': True, '8': True, '9': True, '10': True, '11': True, '12': True, '13': True, '14': True, '15': True, '16': True, '17': True, '18': True, '19': True, '20': True, '21': True, '22': True, '23': True, '24': True, '25': True, '26': True, '27': True, '28': True, '29': True, '30': True, '31': True, '32': True, '33': True, '34': True, '35': True, '36': True, '37': True, '38': True, '39': True, '40': True, '41': True, '42': True, '43': True, '44': True}}","{'2': [{'start': 1, 'end': inf, 'duration': inf, 'waiting_time': 0, 'access_time': 43, 'interval': 0, 'next_access': inf}]}"
User_3,43,3,"[2, 2]","BaseStation_10 ([2, 2])",20.0,16.0,-4.0,"{'3': [[10, 9]]}","{'3': {'1': True, '2': True, '3': True, '4': True, '5': True, '6': True, '7': True, '8': True, '9': True, '10': True, '11': True, '12': True, '13': True, '14': True, '15': True, '16': True, '17': True, '18': True, '19': True, '20': True, '21': True, '22': True, '23': True, '24': True, '25': True, '26': True, '27': True, '28': True, '29': True, '30': True, '31': True, '32': True, '33': True, '34': True, '35': True, '36': True, '37': True, '38': True, '39': True, '40': True, '41': True, '42': True, '43': True, '44': True}}","{'3': [{'start': 1, 'end': inf, 'duration': inf, 'waiting_time': 0, 'access_time': 43, 'interval': 0, 'next_access': inf}]}"
User_4,43,4,"[6, 0]","BaseStation_4 ([6, 0])",20.0,21.0,1.0,"{'4': [[4, 8]]}","{'4': {'1': True, '2': True, '3': True, '4': True, '5': True, '6': True, '7': True, '8': True, '9': True, '10': True, '11': True, '12': True, '13': True, '14': True, '15': True, '16': True, '17': True, '18': True, '19': True, '20': True, '21': True, '22': True, '23': True, '24': True, '25': True, '26': True, '27': True, '28': True, '29': True, '30': True, '31': True, '32': True, '33': True, '34': True, '35': True, '36': True, '37': True, '38': True, '39': True, '40': True, '41': True, '42': True, '43': True, '44': True}}","{'4': [{'start': 1, 'end': inf, 'duration': inf, 'waiting_time': 0, 'access_time': 43, 'interval': 0, 'next_access': inf}]}"
User_5,43,5,"[4, 2]","BaseStation_11 ([4, 2])",30.0,20.0,-10.0,"{'5': [[11, 7, 4]]}","{'5': {'1': True, '2': True, '3': True, '4': True, '5': True, '6': True, '7': True, '8': True, '9': True, '10': True, '11': True, '12': True, '13': True, '14': True, '15': True, '16': True, '17': True, '18': True, '19': True, '20': True, '21': True, '22': True, '23': True, '24': True, '25': True, '26': True, '27': True, '28': True, '29': True, '30': True, '31': True, '32': True, '33': True, '34': True, '35': True, '36': True, '37': True, '38': True, '39': True, '40': True, '41': True, '42': True, '43': True, '44': True}}","{'5': [{'start': 1, 'end': inf, 'duration': inf, 'waiting_time': 0, 'access_time': 43, 'interval': 0, 'next_access': inf}]}"
User_6,43,6,"[3, 3]","BaseStation_14 ([3, 3])",30.0,10.0,-20.0,"{'6': [[14, 11, 12]]}","{'6': {'1': True, '2': True, '3': True, '4': True, '5': True, '6': True, '7': True, '8': True, '9': True, '10': True, '11': True, '12': True, '13': True, '14': True, '15': True, '16': True, '17': True, '18': True, '19': True, '20': True, '21': True, '22': True, '23': True, '24': True, '25': True, '26': True, '27': True, '28': True, '29': True, '30': True, '31': True, '32': True, '33': True, '34': True, '35': True, '36': True, '37': True, '38': True, '39': True, '40': True, '41': True, '42': True, '43': True, '44': True}}","{'6': [{'start': 1, 'end': inf, 'duration': inf, 'waiting_time': 0, 'access_time': 43, 'interval': 0, 'next_access': inf}]}"
User_1,44,1,"[6, 0]","BaseStation_4 ([6, 0])",40.0,18.0,-22.0,"{'1': [[4, 3, 2, 1]]}","{'1': {'1': True, '2': True, '3': True, '4': True, '5': True, '6': True, '7': True, '8': True, '9': True, '10': True, '11': True, '12': True, '13': True, '14': True, '15': True, '16': True, '17': True, '18': True, '19': True, '20': True, '21': True, '22': True, '23': True, '24': True, '25': True, '26': True, '27': True, '28': True, '29': True, '30': True, '31': True, '32': True, '33': True, '34': True, '35': True, '36': True, '37': True, '38': True, '39': True, '40': True, '41': True, '42': True, '43': True, '44': True, '45': True}}","{'1': [{'start': 1, 'end': inf, 'duration': inf, 'waiting_time': 0, 'access_time': 44, 'interval': 0, 'next_access': inf}]}"
User_2,44,2,"[3, 1]","BaseStation_6 ([3, 1])",,13.0,,{},"{'2': {'1': True, '2': True, '3': True, '4': True, '5': True, '6': True, '7': True, '8': True, '9': True, '10': True, '11': True, '12': True, '13': True, '14': True, '15': True, '16': True, '17': True, '18': True, '19': True, '20': True, '21': True, '22': True, '23': True, '24': True, '25': True, '26': True, '27': True, '28': True, '29': True, '30': True, '31': True, '32': True, '33': True, '34': True, '35': True, '36': True, '37': True, '38': True, '39': True, '40': True, '41': True, '42': True, '43': True, '44': True, '45': True}}","{'2': [{'start': 1, 'end': inf, 'duration': inf, 'waiting_time': 0, 'access_time': 44, 'interval': 0, 'next_access': inf}]}"
User_3,44,3,"[2, 2]","BaseStation_10 ([2, 2])",20.0,16.0,-4.0,"{'3': [[10, 9]]}","{'3': {'1': True, '2': True, '3': True, '4': True, '5': True, '6': True, '7': True, '8': True, '9': True, '10': True, '11': True, '12': True, '13': True, '14': True, '15': True, '16': True, '17': True, '18': True, '19': True, '20': True, '21': True, '22': True, '23': True, '24': True, '25': True, '26': True, '27': True, '28': True, '29': True, '30': True, '31': True, '32': True, '33': True, '34': True, '35': True, '36': True, '37': True, '38': True, '39': True, '40': True, '41': True, '42': True, '43': True, '44': True, '45': True}}","{'3': [{'start': 1, 'end': inf, 'duration': inf, 'waiting_time': 0, 'access_time': 44, 'interval': 0, 'next_access': inf}]}"
User_4,44,4,"[6, 0]","BaseStation_4 ([6, 0])",20.0,21.0,1.0,"{'4': [[4, 8]]}","{'4': {'1': True, '2': True, '3': True, '4': True, '5': True, '6': True, '7': True, '8': True, '9': True, '10': True, '11': True, '12': True, '13': True, '14': True, '15': True, '16': True, '17': True, '18': True, '19': True, '20': True, '21': True, '22': True, '23': True, '24': True, '25': True, '26': True, '27': True, '28': True, '29': True, '30': True, '31': True, '32': True, '33': True, '34': True, '35': True, '36': True, '37': True, '38': True, '39': True, '40': True, '41': True, '42': True, '43': True, '44': True, '45': True}}","{'4': [{'start': 1, 'end': inf, 'duration': inf, 'waiting_time': 0, 'access_time': 44, 'interval': 0, 'next_access': inf}]}"
User_5,44,5,"[4, 2]","BaseStation_11 ([4, 2])",30.0,20.0,-10.0,"{'5': [[11, 7, 4]]}","{'5': {'1': True, '2': True, '3': True, '4': True, '5': True, '6': True, '7': True, '8': True, '9': True, '10': True, '11': True, '12': True, '13': True, '14': True, '15': True, '16': True, '17': True, '18': True, '19': True, '20': True, '21': True, '22': True, '23': True, '24': True, '25': True, '26': True, '27': True, '28': True, '29': True, '30': True, '31': True, '32': True, '33': True, '34': True, '35': True, '36': True, '37': True, '38': True, '39': True, '40': True, '41': True, '42': True, '43': True, '44': True, '45': True}}","{'5': [{'start': 1, 'end': inf, 'duration': inf, 'waiting_time': 0, 'access_time': 44, 'interval': 0, 'next_access': inf}]}"
User_6,44,6,"[3, 3]","BaseStation_14 ([3, 3])",30.0,10.0,-20.0,"{'6': [[14, 11, 12]]}","{'6': {'1': True, '2': True, '3': True, '4': True, '5': True, '6': True, '7': True, '8': True, '9': True, '10': True, '11': True, '12': True, '13': True, '14': True, '15': True, '16': True, '17': True, '18': True, '19': True, '20': True, '21': True, '22': True, '23': True, '24': True, '25': True, '26': True, '27': True, '28': True, '29': True, '30': True, '31': True, '32': True, '33': True, '34': True, '35': True, '36': True, '37': True, '38': True, '39': True, '40': True, '41': True, '42': True, '43': True, '44': True, '45': True}}","{'6': [{'start': 1, 'end': inf, 'duration': inf, 'waiting_time': 0, 'access_time': 44, 'interval': 0, 'next_access': inf}]}"
User_1,45,1,"[6, 0]","BaseStation_4 ([6, 0])",40.0,18.0,-22.0,"{'1': [[4, 3, 2, 1]]}","{'1': {'1': True, '2': True, '3': True, '4': True, '5': True, '6': True, '7': True, '8': True, '9': True, '10': True, '11': True, '12': True, '13': True, '14': True, '15': True, '16': True, '17': True, '18': True, '19': True, '20': True, '21': True, '22': True, '23': True, '24': True, '25': True, '26': True, '27': True, '28': True, '29': True, '30': True, '31': True, '32': True, '33': True, '34': True, '35': True, '36': True, '37': True, '38': True, '39': True, '40': True, '41': True, '42': True, '43': True, '44': True, '45': True, '46': True}}","{'1': [{'start': 1, 'end': inf, 'duration': inf, 'waiting_time': 0, 'access_time': 45, 'interval': 0, 'next_access': inf}]}"
User_2,45,2,"[3, 1]","BaseStation_6 ([3, 1])",,13.0,,{},"{'2': {'1': True, '2': True, '3': True, '4': True, '5': True, '6': True, '7': True, '8': True, '9': True, '10': True, '11': True, '12': True, '13': True, '14': True, '15': True, '16': True, '17': True, '18': True, '19': True, '20': True, '21': True, '22': True, '23': True, '24': True, '25': True, '26': True, '27': True, '28': True, '29': True, '30': True, '31': True, '32': True, '33': True, '34': True, '35': True, '36': True, '37': True, '38': True, '39': True, '40': True, '41': True, '42': True, '43': True, '44': True, '45': True, '46': True}}","{'2': [{'start': 1, 'end': inf, 'duration': inf, 'waiting_time': 0, 'access_time': 45, 'interval': 0, 'next_access': inf}]}"
User_3,45,3,"[2, 2]","BaseStation_10 ([2, 2])",20.0,16.0,-4.0,"{'3': [[10, 9]]}","{'3': {'1': True, '2': True, '3': True, '4': True, '5': True, '6': True, '7': True, '8': True, '9': True, '10': True, '11': True, '12': True, '13': True, '14': True, '15': True, '16': True, '17': True, '18': True, '19': True, '20': True, '21': True, '22': True, '23': True, '24': True, '25': True, '26': True, '27': True, '28': True, '29': True, '30': True, '31': True, '32': True, '33': True, '34': True, '35': True, '36': True, '37': True, '38': True, '39': True, '40': True, '41': True, '42': True, '43': True, '44': True, '45': True, '46': True}}","{'3': [{'start': 1, 'end': inf, 'duration': inf, 'waiting_time': 0, 'access_time': 45, 'interval': 0, 'next_access': inf}]}"
User_4,45,4,"[6, 0]","BaseStation_4 ([6, 0])",20.0,21.0,1.0,"{'4': [[4, 8]]}","{'4': {'1': True, '2': True, '3': True, '4': True, '5': True, '6': True, '7': True, '8': True, '9': True, '10': True, '11': True, '12': True, '13': True, '14': True, '15': True, '16': True, '17': True, '18': True, '19': True, '20': True, '21': True, '22': True, '23': True, '24': True, '25': True, '26': True, '27': True, '28': True, '29': True, '30': True, '31': True, '32': True, '33': True, '34': True, '35': True, '36': True, '37': True, '38': True, '39': True, '40': True, '41': True, '42': True, '43': True, '44': True, '45': True, '46': True}}","{'4': [{'start': 1, 'end': inf, 'duration': inf, 'waiting_time': 0, 'access_time': 45, 'interval': 0, 'next_access': inf}]}"
User_5,45,5,"[4, 2]","BaseStation_11 ([4, 2])",30.0,20.0,-10.0,"{'5': [[11, 7, 4]]}","{'5': {'1': True, '2': True, '3': True, '4': True, '5': True, '6': True, '7': True, '8': True, '9': True, '10': True, '11': True, '12': True, '13': True, '14': True, '15': True, '16': True, '17': True, '18': True, '19': True, '20': True, '21': True, '22': True, '23': True, '24': True, '25': True, '26': True, '27': True, '28': True, '29': True, '30': True, '31': True, '32': True, '33': True, '34': True, '35': True, '36': True, '37': True, '38': True, '39': True, '40': True, '41': True, '42': True, '43': True, '44': True, '45': True, '46': True}}","{'5': [{'start': 1, 'end': inf, 'duration': inf, 'waiting_time': 0, 'access_time': 45, 'interval': 0, 'next_access': inf}]}"
User_6,45,6,"[3, 3]","BaseStation_14 ([3, 3])",30.0,10.0,-20.0,"{'6': [[14, 11, 12]]}","{'6': {'1': True, '2': True, '3': True, '4': True, '5': True, '6': True, '7': True, '8': True, '9': True, '10': True, '11': True, '12': True, '13': True, '14': True, '15': True, '16': True, '17': True, '18': True, '19': True, '20': True, '21': True, '22': True, '23': True, '24': True, '25': True, '26': True, '27': True, '28': True, '29': True, '30': True, '31': True, '32': True, '33': True, '34': True, '35': True, '36': True, '37': True, '38': True, '39': True, '40': True, '41': True, '42': True, '43': True, '44': True, '45': True, '46': True}}","{'6': [{'start': 1, 'end': inf, 'duration': inf, 'waiting_time': 0, 'access_time': 45, 'interval': 0, 'next_access': inf}]}"
User_1,46,1,"[6, 0]","BaseStation_4 ([6, 0])",40.0,18.0,-22.0,"{'1': [[4, 3, 2, 1]]}","{'1': {'1': True, '2': True, '3': True, '4': True, '5': True, '6': True, '7': True, '8': True, '9': True, '10': True, '11': True, '12': True, '13': True, '14': True, '15': True, '16': True, '17': True, '18': True, '19': True, '20': True, '21': True, '22': True, '23': True, '24': True, '25': True, '26': True, '27': True, '28': True, '29': True, '30': True, '31': True, '32': True, '33': True, '34': True, '35': True, '36': True, '37': True, '38': True, '39': True, '40': True, '41': True, '42': True, '43': True, '44': True, '45': True, '46': True, '47': True}}","{'1': [{'start': 1, 'end': inf, 'duration': inf, 'waiting_time': 0, 'access_time': 46, 'interval': 0, 'next_access': inf}]}"
User_2,46,2,"[3, 1]","BaseStation_6 ([3, 1])",,13.0,,{},"{'2': {'1': True, '2': True, '3': True, '4': True, '5': True, '6': True, '7': True, '8': True, '9': True, '10': True, '11': True, '12': True, '13': True, '14': True, '15': True, '16': True, '17': True, '18': True, '19': True, '20': True, '21': True, '22': True, '23': True, '24': True, '25': True, '26': True, '27': True, '28': True, '29': True, '30': True, '31': True, '32': True, '33': True, '34': True, '35': True, '36': True, '37': True, '38': True, '39': True, '40': True, '41': True, '42': True, '43': True, '44': True, '45': True, '46': True, '47': True}}","{'2': [{'start': 1, 'end': inf, 'duration': inf, 'waiting_time': 0, 'access_time': 46, 'interval': 0, 'next_access': inf}]}"
User_3,46,3,"[2, 2]","BaseStation_10 ([2, 2])",20.0,16.0,-4.0,"{'3': [[10, 9]]}","{'3': {'1': True, '2': True, '3': True, '4': True, '5': True, '6': True, '7': True, '8': True, '9': True, '10': True, '11': True, '12': True, '13': True, '14': True, '15': True, '16': True, '17': True, '18': True, '19': True, '20': True, '21': True, '22': True, '23': True, '24': True, '25': True, '26': True, '27': True, '28': True, '29': True, '30': True, '31': True, '32': True, '33': True, '34': True, '35': True, '36': True, '37': True, '38': True, '39': True, '40': True, '41': True, '42': True, '43': True, '44': True, '45': True, '46': True, '47': True}}","{'3': [{'start': 1, 'end': inf, 'duration': inf, 'waiting_time': 0, 'access_time': 46, 'interval': 0, 'next_access': inf}]}"
User_4,46,4,"[6, 0]","BaseStation_4 ([6, 0])",20.0,21.0,1.0,"{'4': [[4, 8]]}","{'4': {'1': True, '2': True, '3': True, '4': True, '5': True, '6': True, '7': True, '8': True, '9': True, '10': True, '11': True, '12': True, '13': True, '14': True, '15': True, '16': True, '17': True, '18': True, '19': True, '20': True, '21': True, '22': True, '23': True, '24': True, '25': True, '26': True, '27': True, '28': True, '29': True, '30': True, '31': True, '32': True, '33': True, '34': True, '35': True, '36': True, '37': True, '38': True, '39': True, '40': True, '41': True, '42': True, '43': True, '44': True, '45': True, '46': True, '47': True}}","{'4': [{'start': 1, 'end': inf, 'duration': inf, 'waiting_time': 0, 'access_time': 46, 'interval': 0, 'next_access': inf}]}"
User_5,46,5,"[4, 2]","BaseStation_11 ([4, 2])",30.0,20.0,-10.0,"{'5': [[11, 7, 4]]}","{'5': {'1': True, '2': True, '3': True, '4': True, '5': True, '6': True, '7': True, '8': True, '9': True, '10': True, '11': True, '12': True, '13': True, '14': True, '15': True, '16': True, '17': True, '18': True, '19': True, '20': True, '21': True, '22': True, '23': True, '24': True, '25': True, '26': True, '27': True, '28': True, '29': True, '30': True, '31': True, '32': True, '33': True, '34': True, '35': True, '36': True, '37': True, '38': True, '39': True, '40': True, '41': True, '42': True, '43': True, '44': True, '45': True, '46': True, '47': True}}","{'5': [{'start': 1, 'end': inf, 'duration': inf, 'waiting_time': 0, 'access_time': 46, 'interval': 0, 'next_access': inf}]}"
User_6,46,6,"[3, 3]","BaseStation_14 ([3, 3])",30.0,10.0,-20.0,"{'6': [[14, 11, 12]]}","{'6': {'1': True, '2': True, '3': True, '4': True, '5': True, '6': True, '7': True, '8': True, '9': True, '10': True, '11': True, '12': True, '13': True, '14': True, '15': True, '16': True, '17': True, '18': True, '19': True, '20': True, '21': True, '22': True, '23': True, '24': True, '25': True, '26': True, '27': True, '28': True, '29': True, '30': True, '31': True, '32': True, '33': True, '34': True, '35': True, '36': True, '37': True, '38': True, '39': True, '40': True, '41': True, '42': True, '43': True, '44': True, '45': True, '46': True, '47': True}}","{'6': [{'start': 1, 'end': inf, 'duration': inf, 'waiting_time': 0, 'access_time': 46, 'interval': 0, 'next_access': inf}]}"
User_1,47,1,"[6, 0]","BaseStation_4 ([6, 0])",40.0,18.0,-22.0,"{'1': [[4, 3, 2, 1]]}","{'1': {'1': True, '2': True, '3': True, '4': True, '5': True, '6': True, '7': True, '8': True, '9': True, '10': True, '11': True, '12': True, '13': True, '14': True, '15': True, '16': True, '17': True, '18': True, '19': True, '20': True, '21': True, '22': True, '23': True, '24': True, '25': True, '26': True, '27': True, '28': True, '29': True, '30': True, '31': True, '32': True, '33': True, '34': True, '35': True, '36': True, '37': True, '38': True, '39': True, '40': True, '41': True, '42': True, '43': True, '44': True, '45': True, '46': True, '47': True, '48': True}}","{'1': [{'start': 1, 'end': inf, 'duration': inf, 'waiting_time': 0, 'access_time': 47, 'interval': 0, 'next_access': inf}]}"
User_2,47,2,"[3, 1]","BaseStation_6 ([3, 1])",,13.0,,{},"{'2': {'1': True, '2': True, '3': True, '4': True, '5': True, '6': True, '7': True, '8': True, '9': True, '10': True, '11': True, '12': True, '13': True, '14': True, '15': True, '16': True, '17': True, '18': True, '19': True, '20': True, '21': True, '22': True, '23': True, '24': True, '25': True, '26': True, '27': True, '28': True, '29': True, '30': True, '31': True, '32': True, '33': True, '34': True, '35': True, '36': True, '37': True, '38': True, '39': True, '40': True, '41': True, '42': True, '43': True, '44': True, '45': True, '46': True, '47': True, '48': True}}","{'2': [{'start': 1, 'end': inf, 'duration': inf, 'waiting_time': 0, 'access_time': 47, 'interval': 0, 'next_access': inf}]}"
User_3,47,3,"[2, 2]","BaseStation_10 ([2, 2])",20.0,16.0,-4.0,"{'3': [[10, 9]]}","{'3': {'1': True, '2': True, '3': True, '4': True, '5': True, '6': True, '7': True, '8': True, '9': True, '10': True, '11': True, '12': True, '13': True, '14': True, '15': True, '16': True, '17': True, '18': True, '19': True, '20': True, '21': True, '22': True, '23': True, '24': True, '25': True, '26': True, '27': True, '28': True, '29': True, '30': True, '31': True, '32': True, '33': True, '34': True, '35': True, '36': True, '37': True, '38': True, '39': True, '40': True, '41': True, '42': True, '43': True, '44': True, '45': True, '46': True, '47': True, '48': True}}","{'3': [{'start': 1, 'end': inf, 'duration': inf, 'waiting_time': 0, 'access_time': 47, 'interval': 0, 'next_access': inf}]}"
User_4,47,4,"[6, 0]","BaseStation_4 ([6, 0])",20.0,21.0,1.0,"{'4': [[4, 8]]}","{'4': {'1': True, '2': True, '3': True, '4': True, '5': True, '6': True, '7': True, '8': True, '9': True, '10': True, '11': True, '12': True, '13': True, '14': True, '15': True, '16': True, '17': True, '18': True, '19': True, '20': True, '21': True, '22': True, '23': True, '24': True, '25': True, '26': True, '27': True, '28': True, '29': True, '30': True, '31': True, '32': True, '33': True, '34': True, '35': True, '36': True, '37': True, '38': True, '39': True, '40': True, '41': True, '42': True, '43': True, '44': True, '45': True, '46': True, '47': True, '48': True}}","{'4': [{'start': 1, 'end': inf, 'duration': inf, 'waiting_time': 0, 'access_time': 47, 'interval': 0, 'next_access': inf}]}"
User_5,47,5,"[4, 2]","BaseStation_11 ([4, 2])",30.0,20.0,-10.0,"{'5': [[11, 7, 4]]}","{'5': {'1': True, '2': True, '3': True, '4': True, '5': True, '6': True, '7': True, '8': True, '9': True, '10': True, '11': True, '12': True, '13': True, '14': True, '15': True, '16': True, '17': True, '18': True, '19': True, '20': True, '21': True, '22': True, '23': True, '24': True, '25': True, '26': True, '27': True, '28': True, '29': True, '30': True, '31': True, '32': True, '33': True, '34': True, '35': True, '36': True, '37': True, '38': True, '39': True, '40': True, '41': True, '42': True, '43': True, '44': True, '45': True, '46': True, '47': True, '48': True}}","{'5': [{'start': 1, 'end': inf, 'duration': inf, 'waiting_time': 0, 'access_time': 47, 'interval': 0, 'next_access': inf}]}"
User_6,47,6,"[3, 3]","BaseStation_14 ([3, 3])",30.0,10.0,-20.0,"{'6': [[14, 11, 12]]}","{'6': {'1': True, '2': True, '3': True, '4': True, '5': True, '6': True, '7': True, '8': True, '9': True, '10': True, '11': True, '12': True, '13': True, '14': True, '15': True, '16': True, '17': True, '18': True, '19': True, '20': True, '21': True, '22': True, '23': True, '24': True, '25': True, '26': True, '27': True, '28': True, '29': True, '30': True, '31': True, '32': True, '33': True, '34': True, '35': True, '36': True, '37': True, '38': True, '39': True, '40': True, '41': True, '42': True, '43': True, '44': True, '45': True, '46': True, '47': True, '48': True}}","{'6': [{'start': 1, 'end': inf, 'duration': inf, 'waiting_time': 0, 'access_time': 47, 'interval': 0, 'next_access': inf}]}"
User_1,48,1,"[6, 0]","BaseStation_4 ([6, 0])",40.0,18.0,-22.0,"{'1': [[4, 3, 2, 1]]}","{'1': {'1': True, '2': True, '3': True, '4': True, '5': True, '6': True, '7': True, '8': True, '9': True, '10': True, '11': True, '12': True, '13': True, '14': True, '15': True, '16': True, '17': True, '18': True, '19': True, '20': True, '21': True, '22': True, '23': True, '24': True, '25': True, '26': True, '27': True, '28': True, '29': True, '30': True, '31': True, '32': True, '33': True, '34': True, '35': True, '36': True, '37': True, '38': True, '39': True, '40': True, '41': True, '42': True, '43': True, '44': True, '45': True, '46': True, '47': True, '48': True, '49': True}}","{'1': [{'start': 1, 'end': inf, 'duration': inf, 'waiting_time': 0, 'access_time': 48, 'interval': 0, 'next_access': inf}]}"
User_2,48,2,"[3, 1]","BaseStation_6 ([3, 1])",,13.0,,{},"{'2': {'1': True, '2': True, '3': True, '4': True, '5': True, '6': True, '7': True, '8': True, '9': True, '10': True, '11': True, '12': True, '13': True, '14': True, '15': True, '16': True, '17': True, '18': True, '19': True, '20': True, '21': True, '22': True, '23': True, '24': True, '25': True, '26': True, '27': True, '28': True, '29': True, '30': True, '31': True, '32': True, '33': True, '34': True, '35': True, '36': True, '37': True, '38': True, '39': True, '40': True, '41': True, '42': True, '43': True, '44': True, '45': True, '46': True, '47': True, '48': True, '49': True}}","{'2': [{'start': 1, 'end': inf, 'duration': inf, 'waiting_time': 0, 'access_time': 48, 'interval': 0, 'next_access': inf}]}"
User_3,48,3,"[2, 2]","BaseStation_10 ([2, 2])",20.0,16.0,-4.0,"{'3': [[10, 9]]}","{'3': {'1': True, '2': True, '3': True, '4': True, '5': True, '6': True, '7': True, '8': True, '9': True, '10': True, '11': True, '12': True, '13': True, '14': True, '15': True, '16': True, '17': True, '18': True, '19': True, '20': True, '21': True, '22': True, '23': True, '24': True, '25': True, '26': True, '27': True, '28': True, '29': True, '30': True, '31': True, '32': True, '33': True, '34': True, '35': True, '36': True, '37': True, '38': True, '39': True, '40': True, '41': True, '42': True, '43': True, '44': True, '45': True, '46': True, '47': True, '48': True, '49': True}}","{'3': [{'start': 1, 'end': inf, 'duration': inf, 'waiting_time': 0, 'access_time': 48, 'interval': 0, 'next_access': inf}]}"
User_4,48,4,"[6, 0]","BaseStation_4 ([6, 0])",20.0,21.0,1.0,"{'4': [[4, 8]]}","{'4': {'1': True, '2': True, '3': True, '4': True, '5': True, '6': True, '7': True, '8': True, '9': True, '10': True, '11': True, '12': True, '13': True, '14': True, '15': True, '16': True, '17': True, '18': True, '19': True, '20': True, '21': True, '22': True, '23': True, '24': True, '25': True, '26': True, '27': True, '28': True, '29': True, '30': True, '31': True, '32': True, '33': True, '34': True, '35': True, '36': True, '37': True, '38': True, '39': True, '40': True, '41': True, '42': True, '43': True, '44': True, '45': True, '46': True, '47': True, '48': True, '49': True}}","{'4': [{'start': 1, 'end': inf, 'duration': inf, 'waiting_time': 0, 'access_time': 48, 'interval': 0, 'next_access': inf}]}"
User_5,48,5,"[4, 2]","BaseStation_11 ([4, 2])",30.0,20.0,-10.0,"{'5': [[11, 7, 4]]}","{'5': {'1': True, '2': True, '3': True, '4': True, '5': True, '6': True, '7': True, '8': True, '9': True, '10': True, '11': True, '12': True, '13': True, '14': True, '15': True, '16': True, '17': True, '18': True, '19': True, '20': True, '21': True, '22': True, '23': True, '24': True, '25': True, '26': True, '27': True, '28': True, '29': True, '30': True, '31': True, '32': True, '33': True, '34': True, '35': True, '36': True, '37': True, '38': True, '39': True, '40': True, '41': True, '42': True, '43': True, '44': True, '45': True, '46': True, '47': True, '48': True, '49': True}}","{'5': [{'start': 1, 'end': inf, 'duration': inf, 'waiting_time': 0, 'access_time': 48, 'interval': 0, 'next_access': inf}]}"
User_6,48,6,"[3, 3]","BaseStation_14 ([3, 3])",30.0,10.0,-20.0,"{'6': [[14, 11, 12]]}","{'6': {'1': True, '2': True, '3': True, '4': True, '5': True, '6': True, '7': True, '8': True, '9': True, '10': True, '11': True, '12': True, '13': True, '14': True, '15': True, '16': True, '17': True, '18': True, '19': True, '20': True, '21': True, '22': True, '23': True, '24': True, '25': True, '26': True, '27': True, '28': True, '29': True, '30': True, '31': True, '32': True, '33': True, '34': True, '35': True, '36': True, '37': True, '38': True, '39': True, '40': True, '41': True, '42': True, '43': True, '44': True, '45': True, '46': True, '47': True, '48': True, '49': True}}","{'6': [{'start': 1, 'end': inf, 'duration': inf, 'waiting_time': 0, 'access_time': 48, 'interval': 0, 'next_access': inf}]}"
User_1,49,1,"[6, 0]","BaseStation_4 ([6, 0])",40.0,18.0,-22.0,"{'1': [[4, 3, 2, 1]]}","{'1': {'1': True, '2': True, '3': True, '4': True, '5': True, '6': True, '7': True, '8': True, '9': True, '10': True, '11': True, '12': True, '13': True, '14': True, '15': True, '16': True, '17': True, '18': True, '19': True, '20': True, '21': True, '22': True, '23': True, '24': True, '25': True, '26': True, '27': True, '28': True, '29': True, '30': True, '31': True, '32': True, '33': True, '34': True, '35': True, '36': True, '37': True, '38': True, '39': True, '40': True, '41': True, '42': True, '43': True, '44': True, '45': True, '46': True, '47': True, '48': True, '49': True, '50': True}}","{'1': [{'start': 1, 'end': inf, 'duration': inf, 'waiting_time': 0, 'access_time': 49, 'interval': 0, 'next_access': inf}]}"
User_2,49,2,"[3, 1]","BaseStation_6 ([3, 1])",,13.0,,{},"{'2': {'1': True, '2': True, '3': True, '4': True, '5': True, '6': True, '7': True, '8': True, '9': True, '10': True, '11': True, '12': True, '13': True, '14': True, '15': True, '16': True, '17': True, '18': True, '19': True, '20': True, '21': True, '22': True, '23': True, '24': True, '25': True, '26': True, '27': True, '28': True, '29': True, '30': True, '31': True, '32': True, '33': True, '34': True, '35': True, '36': True, '37': True, '38': True, '39': True, '40': True, '41': True, '42': True, '43': True, '44': True, '45': True, '46': True, '47': True, '48': True, '49': True, '50': True}}","{'2': [{'start': 1, 'end': inf, 'duration': inf, 'waiting_time': 0, 'access_time': 49, 'interval': 0, 'next_access': inf}]}"
User_3,49,3,"[2, 2]","BaseStation_10 ([2, 2])",20.0,16.0,-4.0,"{'3': [[10, 9]]}","{'3': {'1': True, '2': True, '3': True, '4': True, '5': True, '6': True, '7': True, '8': True, '9': True, '10': True, '11': True, '12': True, '13': True, '14': True, '15': True, '16': True, '17': True, '18': True, '19': True, '20': True, '21': True, '22': True, '23': True, '24': True, '25': True, '26': True, '27': True, '28': True, '29': True, '30': True, '31': True, '32': True, '33': True, '34': True, '35': True, '36': True, '37': True, '38': True, '39': True, '40': True, '41': True, '42': True, '43': True, '44': True, '45': True, '46': True, '47': True, '48': True, '49': True, '50': True}}","{'3': [{'start': 1, 'end': inf, 'duration': inf, 'waiting_time': 0, 'access_time': 49, 'interval': 0, 'next_access': inf}]}"
User_4,49,4,"[6, 0]","BaseStation_4 ([6, 0])",20.0,21.0,1.0,"{'4': [[4, 8]]}","{'4': {'1': True, '2': True, '3': True, '4': True, '5': True, '6': True, '7': True, '8': True, '9': True, '10': True, '11': True, '12': True, '13': True, '14': True, '15': True, '16': True, '17': True, '18': True, '19': True, '20': True, '21': True, '22': True, '23': True, '24': True, '25': True, '26': True, '27': True, '28': True, '29': True, '30': True, '31': True, '32': True, '33': True, '34': True, '35': True, '36': True, '37': True, '38': True, '39': True, '40': True, '41': True, '42': True, '43': True, '44': True, '45': True, '46': True, '47': True, '48': True, '49': True, '50': True}}","{'4': [{'start': 1, 'end': inf, 'duration': inf, 'waiting_time': 0, 'access_time': 49, 'interval': 0, 'next_access': inf}]}"
User_5,49,5,"[4, 2]","BaseStation_11 ([4, 2])",30.0,20.0,-10.0,"{'5': [[11, 7, 4]]}","{'5': {'1': True, '2': True, '3': True, '4': True, '5': True, '6': True, '7': True, '8': True, '9': True, '10': True, '11': True, '12': True, '13': True, '14': True, '15': True, '16': True, '17': True, '18': True, '19': True, '20': True, '21': True, '22': True, '23': True, '24': True, '25': True, '26': True, '27': True, '28': True, '29': True, '30': True, '31': True, '32': True, '33': True, '34': True, '35': True, '36': True, '37': True, '38': True, '39': True, '40': True, '41': True, '42': True, '43': True, '44': True, '45': True, '46': True, '47': True, '48': True, '49': True, '50': True}}","{'5': [{'start': 1, 'end': inf, 'duration': inf, 'waiting_time': 0, 'access_time': 49, 'interval': 0, 'next_access': inf}]}"
User_6,49,6,"[3, 3]","BaseStation_14 ([3, 3])",30.0,10.0,-20.0,"{'6': [[14, 11, 12]]}","{'6': {'1': True, '2': True, '3': True, '4': True, '5': True, '6': True, '7': True, '8': True, '9': True, '10': True, '11': True, '12': True, '13': True, '14': True, '15': True, '16': True, '17': True, '18': True, '19': True, '20': True, '21': True, '22': True, '23': True, '24': True, '25': True, '26': True, '27': True, '28': True, '29': True, '30': True, '31': True, '32': True, '33': True, '34': True, '35': True, '36': True, '37': True, '38': True, '39': True, '40': True, '41': True, '42': True, '43': True, '44': True, '45': True, '46': True, '47': True, '48': True, '49': True, '50': True}}","{'6': [{'start': 1, 'end': inf, 'duration': inf, 'waiting_time': 0, 'access_time': 49, 'interval': 0, 'next_access': inf}]}"
User_1,50,1,"[6, 0]","BaseStation_4 ([6, 0])",40.0,18.0,-22.0,"{'1': [[4, 3, 2, 1]]}","{'1': {'1': True, '2': True, '3': True, '4': True, '5': True, '6': True, '7': True, '8': True, '9': True, '10': True, '11': True, '12': True, '13': True, '14': True, '15': True, '16': True, '17': True, '18': True, '19': True, '20': True, '21': True, '22': True, '23': True, '24': True, '25': True, '26': True, '27': True, '28': True, '29': True, '30': True, '31': True, '32': True, '33': True, '34': True, '35': True, '36': True, '37': True, '38': True, '39': True, '40': True, '41': True, '42': True, '43': True, '44': True, '45': True, '46': True, '47': True, '48': True, '49': True, '50': True, '51': True}}","{'1': [{'start': 1, 'end': inf, 'duration': inf, 'waiting_time': 0, 'access_time': 50, 'interval': 0, 'next_access': inf}]}"
User_2,50,2,"[3, 1]","BaseStation_6 ([3, 1])",,13.0,,{},"{'2': {'1': True, '2': True, '3': True, '4': True, '5': True, '6': True, '7': True, '8': True, '9': True, '10': True, '11': True, '12': True, '13': True, '14': True, '15': True, '16': True, '17': True, '18': True, '19': True, '20': True, '21': True, '22': True, '23': True, '24': True, '25': True, '26': True, '27': True, '28': True, '29': True, '30': True, '31': True, '32': True, '33': True, '34': True, '35': True, '36': True, '37': True, '38': True, '39': True, '40': True, '41': True, '42': True, '43': True, '44': True, '45': True, '46': True, '47': True, '48': True, '49': True, '50': True, '51': True}}","{'2': [{'start': 1, 'end': inf, 'duration': inf, 'waiting_time': 0, 'access_time': 50, 'interval': 0, 'next_access': inf}]}"
User_3,50,3,"[2, 2]","BaseStation_10 ([2, 2])",20.0,16.0,-4.0,"{'3': [[10, 9]]}","{'3': {'1': True, '2': True, '3': True, '4': True, '5': True, '6': True, '7': True, '8': True, '9': True, '10': True, '11': True, '12': True, '13': True, '14': True, '15': True, '16': True, '17': True, '18': True, '19': True, '20': True, '21': True, '22': True, '23': True, '24': True, '25': True, '26': True, '27': True, '28': True, '29': True, '30': True, '31': True, '32': True, '33': True, '34': True, '35': True, '36': True, '37': True, '38': True, '39': True, '40': True, '41': True, '42': True, '43': True, '44': True, '45': True, '46': True, '47': True, '48': True, '49': True, '50': True, '51': True}}","{'3': [{'start': 1, 'end': inf, 'duration': inf, 'waiting_time': 0, 'access_time': 50, 'interval': 0, 'next_access': inf}]}"
User_4,50,4,"[6, 0]","BaseStation_4 ([6, 0])",20.0,21.0,1.0,"{'4': [[4, 8]]}","{'4': {'1': True, '2': True, '3': True, '4': True, '5': True, '6': True, '7': True, '8': True, '9': True, '10': True, '11': True, '12': True, '13': True, '14': True, '15': True, '16': True, '17': True, '18': True, '19': True, '20': True, '21': True, '22': True, '23': True, '24': True, '25': True, '26': True, '27': True, '28': True, '29': True, '30': True, '31': True, '32': True, '33': True, '34': True, '35': True, '36': True, '37': True, '38': True, '39': True, '40': True, '41': True, '42': True, '43': True, '44': True, '45': True, '46': True, '47': True, '48': True, '49': True, '50': True, '51': True}}","{'4': [{'start': 1, 'end': inf, 'duration': inf, 'waiting_time': 0, 'access_time': 50, 'interval': 0, 'next_access': inf}]}"
User_5,50,5,"[4, 2]","BaseStation_11 ([4, 2])",30.0,20.0,-10.0,"{'5': [[11, 7, 4]]}","{'5': {'1': True, '2': True, '3': True, '4': True, '5': True, '6': True, '7': True, '8': True, '9': True, '10': True, '11': True, '12': True, '13': True, '14': True, '15': True, '16': True, '17': True, '18': True, '19': True, '20': True, '21': True, '22': True, '23': True, '24': True, '25': True, '26': True, '27': True, '28': True, '29': True, '30': True, '31': True, '32': True, '33': True, '34': True, '35': True, '36': True, '37': True, '38': True, '39': True, '40': True, '41': True, '42': True, '43': True, '44': True, '45': True, '46': True, '47': True, '48': True, '49': True, '50': True, '51': True}}","{'5': [{'start': 1, 'end': inf, 'duration': inf, 'waiting_time': 0, 'access_time': 50, 'interval': 0, 'next_access': inf}]}"
User_6,50,6,"[3, 3]","BaseStation_14 ([3, 3])",30.0,10.0,-20.0,"{'6': [[14, 11, 12]]}","{'6': {'1': True, '2': True, '3': True, '4': True, '5': True, '6': True, '7': True, '8': True, '9': True, '10': True, '11': True, '12': True, '13': True, '14': True, '15': True, '16': True, '17': True, '18': True, '19': True, '20': True, '21': True, '22': True, '23': True, '24': True, '25': True, '26': True, '27': True, '28': True, '29': True, '30': True, '31': True, '32': True, '33': True, '34': True, '35': True, '36': True, '37': True, '38': True, '39': True, '40': True, '41': True, '42': True, '43': True, '44': True, '45': True, '46': True, '47': True, '48': True, '49': True, '50': True, '51': True}}","{'6': [{'start': 1, 'end': inf, 'duration': inf, 'waiting_time': 0, 'access_time': 50, 'interval': 0, 'next_access': inf}]}"
User_1,51,1,"[6, 0]","BaseStation_4 ([6, 0])",40.0,18.0,-22.0,"{'1': [[4, 3, 2, 1]]}","{'1': {'1': True, '2': True, '3': True, '4': True, '5': True, '6': True, '7': True, '8': True, '9': True, '10': True, '11': True, '12': True, '13': True, '14': True, '15': True, '16': True, '17': True, '18': True, '19': True, '20': True, '21': True, '22': True, '23': True, '24': True, '25': True, '26': True, '27': True, '28': True, '29': True, '30': True, '31': True, '32': True, '33': True, '34': True, '35': True, '36': True, '37': True, '38': True, '39': True, '40': True, '41': True, '42': True, '43': True, '44': True, '45': True, '46': True, '47': True, '48': True, '49': True, '50': True, '51': True, '52': True}}","{'1': [{'start': 1, 'end': inf, 'duration': inf, 'waiting_time': 0, 'access_time': 51, 'interval': 0, 'next_access': inf}]}"
User_2,51,2,"[3, 1]","BaseStation_6 ([3, 1])",,13.0,,{},"{'2': {'1': True, '2': True, '3': True, '4': True, '5': True, '6': True, '7': True, '8': True, '9': True, '10': True, '11': True, '12': True, '13': True, '14': True, '15': True, '16': True, '17': True, '18': True, '19': True, '20': True, '21': True, '22': True, '23': True, '24': True, '25': True, '26': True, '27': True, '28': True, '29': True, '30': True, '31': True, '32': True, '33': True, '34': True, '35': True, '36': True, '37': True, '38': True, '39': True, '40': True, '41': True, '42': True, '43': True, '44': True, '45': True, '46': True, '47': True, '48': True, '49': True, '50': True, '51': True, '52': True}}","{'2': [{'start': 1, 'end': inf, 'duration': inf, 'waiting_time': 0, 'access_time': 51, 'interval': 0, 'next_access': inf}]}"
User_3,51,3,"[2, 2]","BaseStation_10 ([2, 2])",20.0,16.0,-4.0,"{'3': [[10, 9]]}","{'3': {'1': True, '2': True, '3': True, '4': True, '5': True, '6': True, '7': True, '8': True, '9': True, '10': True, '11': True, '12': True, '13': True, '14': True, '15': True, '16': True, '17': True, '18': True, '19': True, '20': True, '21': True, '22': True, '23': True, '24': True, '25': True, '26': True, '27': True, '28': True, '29': True, '30': True, '31': True, '32': True, '33': True, '34': True, '35': True, '36': True, '37': True, '38': True, '39': True, '40': True, '41': True, '42': True, '43': True, '44': True, '45': True, '46': True, '47': True, '48': True, '49': True, '50': True, '51': True, '52': True}}","{'3': [{'start': 1, 'end': inf, 'duration': inf, 'waiting_time': 0, 'access_time': 51, 'interval': 0, 'next_access': inf}]}"
User_4,51,4,"[6, 0]","BaseStation_4 ([6, 0])",20.0,21.0,1.0,"{'4': [[4, 8]]}","{'4': {'1': True, '2': True, '3': True, '4': True, '5': True, '6': True, '7': True, '8': True, '9': True, '10': True, '11': True, '12': True, '13': True, '14': True, '15': True, '16': True, '17': True, '18': True, '19': True, '20': True, '21': True, '22': True, '23': True, '24': True, '25': True, '26': True, '27': True, '28': True, '29': True, '30': True, '31': True, '32': True, '33': True, '34': True, '35': True, '36': True, '37': True, '38': True, '39': True, '40': True, '41': True, '42': True, '43': True, '44': True, '45': True, '46': True, '47': True, '48': True, '49': True, '50': True, '51': True, '52': True}}","{'4': [{'start': 1, 'end': inf, 'duration': inf, 'waiting_time': 0, 'access_time': 51, 'interval': 0, 'next_access': inf}]}"
User_5,51,5,"[4, 2]","BaseStation_11 ([4, 2])",30.0,20.0,-10.0,"{'5': [[11, 7, 4]]}","{'5': {'1': True, '2': True, '3': True, '4': True, '5': True, '6': True, '7': True, '8': True, '9': True, '10': True, '11': True, '12': True, '13': True, '14': True, '15': True, '16': True, '17': True, '18': True, '19': True, '20': True, '21': True, '22': True, '23': True, '24': True, '25': True, '26': True, '27': True, '28': True, '29': True, '30': True, '31': True, '32': True, '33': True, '34': True, '35': True, '36': True, '37': True, '38': True, '39': True, '40': True, '41': True, '42': True, '43': True, '44': True, '45': True, '46': True, '47': True, '48': True, '49': True, '50': True, '51': True, '52': True}}","{'5': [{'start': 1, 'end': inf, 'duration': inf, 'waiting_time': 0, 'access_time': 51, 'interval': 0, 'next_access': inf}]}"
User_6,51,6,"[3, 3]","BaseStation_14 ([3, 3])",30.0,10.0,-20.0,"{'6': [[14, 11, 12]]}","{'6': {'1': True, '2': True, '3': True, '4': True, '5': True, '6': True, '7': True, '8': True, '9': True, '10': True, '11': True, '12': True, '13': True, '14': True, '15': True, '16': True, '17': True, '18': True, '19': True, '20': True, '21': True, '22': True, '23': True, '24': True, '25': True, '26': True, '27': True, '28': True, '29': True, '30': True, '31': True, '32': True, '33': True, '34': True, '35': True, '36': True, '37': True, '38': True, '39': True, '40': True, '41': True, '42': True, '43': True, '44': True, '45': True, '46': True, '47': True, '48': True, '49': True, '50': True, '51': True, '52': True}}","{'6': [{'start': 1, 'end': inf, 'duration': inf, 'waiting_time': 0, 'access_time': 51, 'interval': 0, 'next_access': inf}]}"
User_1,52,1,"[6, 0]","BaseStation_4 ([6, 0])",40.0,18.0,-22.0,"{'1': [[4, 3, 2, 1]]}","{'1': {'1': True, '2': True, '3': True, '4': True, '5': True, '6': True, '7': True, '8': True, '9': True, '10': True, '11': True, '12': True, '13': True, '14': True, '15': True, '16': True, '17': True, '18': True, '19': True, '20': True, '21': True, '22': True, '23': True, '24': True, '25': True, '26': True, '27': True, '28': True, '29': True, '30': True, '31': True, '32': True, '33': True, '34': True, '35': True, '36': True, '37': True, '38': True, '39': True, '40': True, '41': True, '42': True, '43': True, '44': True, '45': True, '46': True, '47': True, '48': True, '49': True, '50': True, '51': True, '52': True, '53': True}}","{'1': [{'start': 1, 'end': inf, 'duration': inf, 'waiting_time': 0, 'access_time': 52, 'interval': 0, 'next_access': inf}]}"
User_2,52,2,"[3, 1]","BaseStation_6 ([3, 1])",,13.0,,{},"{'2': {'1': True, '2': True, '3': True, '4': True, '5': True, '6': True, '7': True, '8': True, '9': True, '10': True, '11': True, '12': True, '13': True, '14': True, '15': True, '16': True, '17': True, '18': True, '19': True, '20': True, '21': True, '22': True, '23': True, '24': True, '25': True, '26': True, '27': True, '28': True, '29': True, '30': True, '31': True, '32': True, '33': True, '34': True, '35': True, '36': True, '37': True, '38': True, '39': True, '40': True, '41': True, '42': True, '43': True, '44': True, '45': True, '46': True, '47': True, '48': True, '49': True, '50': True, '51': True, '52': True, '53': True}}","{'2': [{'start': 1, 'end': inf, 'duration': inf, 'waiting_time': 0, 'access_time': 52, 'interval': 0, 'next_access': inf}]}"
User_3,52,3,"[2, 2]","BaseStation_10 ([2, 2])",20.0,16.0,-4.0,"{'3': [[10, 9]]}","{'3': {'1': True, '2': True, '3': True, '4': True, '5': True, '6': True, '7': True, '8': True, '9': True, '10': True, '11': True, '12': True, '13': True, '14': True, '15': True, '16': True, '17': True, '18': True, '19': True, '20': True, '21': True, '22': True, '23': True, '24': True, '25': True, '26': True, '27': True, '28': True, '29': True, '30': True, '31': True, '32': True, '33': True, '34': True, '35': True, '36': True, '37': True, '38': True, '39': True, '40': True, '41': True, '42': True, '43': True, '44': True, '45': True, '46': True, '47': True, '48': True, '49': True, '50': True, '51': True, '52': True, '53': True}}","{'3': [{'start': 1, 'end': inf, 'duration': inf, 'waiting_time': 0, 'access_time': 52, 'interval': 0, 'next_access': inf}]}"
User_4,52,4,"[6, 0]","BaseStation_4 ([6, 0])",20.0,21.0,1.0,"{'4': [[4, 8]]}","{'4': {'1': True, '2': True, '3': True, '4': True, '5': True, '6': True, '7': True, '8': True, '9': True, '10': True, '11': True, '12': True, '13': True, '14': True, '15': True, '16': True, '17': True, '18': True, '19': True, '20': True, '21': True, '22': True, '23': True, '24': True, '25': True, '26': True, '27': True, '28': True, '29': True, '30': True, '31': True, '32': True, '33': True, '34': True, '35': True, '36': True, '37': True, '38': True, '39': True, '40': True, '41': True, '42': True, '43': True, '44': True, '45': True, '46': True, '47': True, '48': True, '49': True, '50': True, '51': True, '52': True, '53': True}}","{'4': [{'start': 1, 'end': inf, 'duration': inf, 'waiting_time': 0, 'access_time': 52, 'interval': 0, 'next_access': inf}]}"
User_5,52,5,"[4, 2]","BaseStation_11 ([4, 2])",30.0,20.0,-10.0,"{'5': [[11, 7, 4]]}","{'5': {'1': True, '2': True, '3': True, '4': True, '5': True, '6': True, '7': True, '8': True, '9': True, '10': True, '11': True, '12': True, '13': True, '14': True, '15': True, '16': True, '17': True, '18': True, '19': True, '20': True, '21': True, '22': True, '23': True, '24': True, '25': True, '26': True, '27': True, '28': True, '29': True, '30': True, '31': True, '32': True, '33': True, '34': True, '35': True, '36': True, '37': True, '38': True, '39': True, '40': True, '41': True, '42': True, '43': True, '44': True, '45': True, '46': True, '47': True, '48': True, '49': True, '50': True, '51': True, '52': True, '53': True}}","{'5': [{'start': 1, 'end': inf, 'duration': inf, 'waiting_time': 0, 'access_time': 52, 'interval': 0, 'next_access': inf}]}"
User_6,52,6,"[3, 3]","BaseStation_14 ([3, 3])",30.0,10.0,-20.0,"{'6': [[14, 11, 12]]}","{'6': {'1': True, '2': True, '3': True, '4': True, '5': True, '6': True, '7': True, '8': True, '9': True, '10': True, '11': True, '12': True, '13': True, '14': True, '15': True, '16': True, '17': True, '18': True, '19': True, '20': True, '21': True, '22': True, '23': True, '24': True, '25': True, '26': True, '27': True, '28': True, '29': True, '30': True, '31': True, '32': True, '33': True, '34': True, '35': True, '36': True, '37': True, '38': True, '39': True, '40': True, '41': True, '42': True, '43': True, '44': True, '45': True, '46': True, '47': True, '48': True, '49': True, '50': True, '51': True, '52': True, '53': True}}","{'6': [{'start': 1, 'end': inf, 'duration': inf, 'waiting_time': 0, 'access_time': 52, 'interval': 0, 'next_access': inf}]}"
User_1,53,1,"[6, 0]","BaseStation_4 ([6, 0])",40.0,18.0,-22.0,"{'1': [[4, 3, 2, 1]]}","{'1': {'1': True, '2': True, '3': True, '4': True, '5': True, '6': True, '7': True, '8': True, '9': True, '10': True, '11': True, '12': True, '13': True, '14': True, '15': True, '16': True, '17': True, '18': True, '19': True, '20': True, '21': True, '22': True, '23': True, '24': True, '25': True, '26': True, '27': True, '28': True, '29': True, '30': True, '31': True, '32': True, '33': True, '34': True, '35': True, '36': True, '37': True, '38': True, '39': True, '40': True, '41': True, '42': True, '43': True, '44': True, '45': True, '46': True, '47': True, '48': True, '49': True, '50': True, '51': True, '52': True, '53': True, '54': True}}","{'1': [{'start': 1, 'end': inf, 'duration': inf, 'waiting_time': 0, 'access_time': 53, 'interval': 0, 'next_access': inf}]}"
User_2,53,2,"[3, 1]","BaseStation_6 ([3, 1])",,13.0,,{},"{'2': {'1': True, '2': True, '3': True, '4': True, '5': True, '6': True, '7': True, '8': True, '9': True, '10': True, '11': True, '12': True, '13': True, '14': True, '15': True, '16': True, '17': True, '18': True, '19': True, '20': True, '21': True, '22': True, '23': True, '24': True, '25': True, '26': True, '27': True, '28': True, '29': True, '30': True, '31': True, '32': True, '33': True, '34': True, '35': True, '36': True, '37': True, '38': True, '39': True, '40': True, '41': True, '42': True, '43': True, '44': True, '45': True, '46': True, '47': True, '48': True, '49': True, '50': True, '51': True, '52': True, '53': True, '54': True}}","{'2': [{'start': 1, 'end': inf, 'duration': inf, 'waiting_time': 0, 'access_time': 53, 'interval': 0, 'next_access': inf}]}"
User_3,53,3,"[2, 2]","BaseStation_10 ([2, 2])",20.0,16.0,-4.0,"{'3': [[10, 9]]}","{'3': {'1': True, '2': True, '3': True, '4': True, '5': True, '6': True, '7': True, '8': True, '9': True, '10': True, '11': True, '12': True, '13': True, '14': True, '15': True, '16': True, '17': True, '18': True, '19': True, '20': True, '21': True, '22': True, '23': True, '24': True, '25': True, '26': True, '27': True, '28': True, '29': True, '30': True, '31': True, '32': True, '33': True, '34': True, '35': True, '36': True, '37': True, '38': True, '39': True, '40': True, '41': True, '42': True, '43': True, '44': True, '45': True, '46': True, '47': True, '48': True, '49': True, '50': True, '51': True, '52': True, '53': True, '54': True}}","{'3': [{'start': 1, 'end': inf, 'duration': inf, 'waiting_time': 0, 'access_time': 53, 'interval': 0, 'next_access': inf}]}"
User_4,53,4,"[6, 0]","BaseStation_4 ([6, 0])",20.0,21.0,1.0,"{'4': [[4, 8]]}","{'4': {'1': True, '2': True, '3': True, '4': True, '5': True, '6': True, '7': True, '8': True, '9': True, '10': True, '11': True, '12': True, '13': True, '14': True, '15': True, '16': True, '17': True, '18': True, '19': True, '20': True, '21': True, '22': True, '23': True, '24': True, '25': True, '26': True, '27': True, '28': True, '29': True, '30': True, '31': True, '32': True, '33': True, '34': True, '35': True, '36': True, '37': True, '38': True, '39': True, '40': True, '41': True, '42': True, '43': True, '44': True, '45': True, '46': True, '47': True, '48': True, '49': True, '50': True, '51': True, '52': True, '53': True, '54': True}}","{'4': [{'start': 1, 'end': inf, 'duration': inf, 'waiting_time': 0, 'access_time': 53, 'interval': 0, 'next_access': inf}]}"
User_5,53,5,"[4, 2]","BaseStation_11 ([4, 2])",30.0,20.0,-10.0,"{'5': [[11, 7, 4]]}","{'5': {'1': True, '2': True, '3': True, '4': True, '5': True, '6': True, '7': True, '8': True, '9': True, '10': True, '11': True, '12': True, '13': True, '14': True, '15': True, '16': True, '17': True, '18': True, '19': True, '20': True, '21': True, '22': True, '23': True, '24': True, '25': True, '26': True, '27': True, '28': True, '29': True, '30': True, '31': True, '32': True, '33': True, '34': True, '35': True, '36': True, '37': True, '38': True, '39': True, '40': True, '41': True, '42': True, '43': True, '44': True, '45': True, '46': True, '47': True, '48': True, '49': True, '50': True, '51': True, '52': True, '53': True, '54': True}}","{'5': [{'start': 1, 'end': inf, 'duration': inf, 'waiting_time': 0, 'access_time': 53, 'interval': 0, 'next_access': inf}]}"
User_6,53,6,"[3, 3]","BaseStation_14 ([3, 3])",30.0,10.0,-20.0,"{'6': [[14, 11, 12]]}","{'6': {'1': True, '2': True, '3': True, '4': True, '5': True, '6': True, '7': True, '8': True, '9': True, '10': True, '11': True, '12': True, '13': True, '14': True, '15': True, '16': True, '17': True, '18': True, '19': True, '20': True, '21': True, '22': True, '23': True, '24': True, '25': True, '26': True, '27': True, '28': True, '29': True, '30': True, '31': True, '32': True, '33': True, '34': True, '35': True, '36': True, '37': True, '38': True, '39': True, '40': True, '41': True, '42': True, '43': True, '44': True, '45': True, '46': True, '47': True, '48': True, '49': True, '50': True, '51': True, '52': True, '53': True, '54': True}}","{'6': [{'start': 1, 'end': inf, 'duration': inf, 'waiting_time': 0, 'access_time': 53, 'interval': 0, 'next_access': inf}]}"
User_1,54,1,"[6, 0]","BaseStation_4 ([6, 0])",40.0,18.0,-22.0,"{'1': [[4, 3, 2, 1]]}","{'1': {'1': True, '2': True, '3': True, '4': True, '5': True, '6': True, '7': True, '8': True, '9': True, '10': True, '11': True, '12': True, '13': True, '14': True, '15': True, '16': True, '17': True, '18': True, '19': True, '20': True, '21': True, '22': True, '23': True, '24': True, '25': True, '26': True, '27': True, '28': True, '29': True, '30': True, '31': True, '32': True, '33': True, '34': True, '35': True, '36': True, '37': True, '38': True, '39': True, '40': True, '41': True, '42': True, '43': True, '44': True, '45': True, '46': True, '47': True, '48': True, '49': True, '50': True, '51': True, '52': True, '53': True, '54': True, '55': True}}","{'1': [{'start': 1, 'end': inf, 'duration': inf, 'waiting_time': 0, 'access_time': 54, 'interval': 0, 'next_access': inf}]}"
User_2,54,2,"[3, 1]","BaseStation_6 ([3, 1])",,13.0,,{},"{'2': {'1': True, '2': True, '3': True, '4': True, '5': True, '6': True, '7': True, '8': True, '9': True, '10': True, '11': True, '12': True, '13': True, '14': True, '15': True, '16': True, '17': True, '18': True, '19': True, '20': True, '21': True, '22': True, '23': True, '24': True, '25': True, '26': True, '27': True, '28': True, '29': True, '30': True, '31': True, '32': True, '33': True, '34': True, '35': True, '36': True, '37': True, '38': True, '39': True, '40': True, '41': True, '42': True, '43': True, '44': True, '45': True, '46': True, '47': True, '48': True, '49': True, '50': True, '51': True, '52': True, '53': True, '54': True, '55': True}}","{'2': [{'start': 1, 'end': inf, 'duration': inf, 'waiting_time': 0, 'access_time': 54, 'interval': 0, 'next_access': inf}]}"
User_3,54,3,"[2, 2]","BaseStation_10 ([2, 2])",20.0,16.0,-4.0,"{'3': [[10, 9]]}","{'3': {'1': True, '2': True, '3': True, '4': True, '5': True, '6': True, '7': True, '8': True, '9': True, '10': True, '11': True, '12': True, '13': True, '14': True, '15': True, '16': True, '17': True, '18': True, '19': True, '20': True, '21': True, '22': True, '23': True, '24': True, '25': True, '26': True, '27': True, '28': True, '29': True, '30': True, '31': True, '32': True, '33': True, '34': True, '35': True, '36': True, '37': True, '38': True, '39': True, '40': True, '41': True, '42': True, '43': True, '44': True, '45': True, '46': True, '47': True, '48': True, '49': True, '50': True, '51': True, '52': True, '53': True, '54': True, '55': True}}","{'3': [{'start': 1, 'end': inf, 'duration': inf, 'waiting_time': 0, 'access_time': 54, 'interval': 0, 'next_access': inf}]}"
User_4,54,4,"[6, 0]","BaseStation_4 ([6, 0])",20.0,21.0,1.0,"{'4': [[4, 8]]}","{'4': {'1': True, '2': True, '3': True, '4': True, '5': True, '6': True, '7': True, '8': True, '9': True, '10': True, '11': True, '12': True, '13': True, '14': True, '15': True, '16': True, '17': True, '18': True, '19': True, '20': True, '21': True, '22': True, '23': True, '24': True, '25': True, '26': True, '27': True, '28': True, '29': True, '30': True, '31': True, '32': True, '33': True, '34': True, '35': True, '36': True, '37': True, '38': True, '39': True, '40': True, '41': True, '42': True, '43': True, '44': True, '45': True, '46': True, '47': True, '48': True, '49': True, '50': True, '51': True, '52': True, '53': True, '54': True, '55': True}}","{'4': [{'start': 1, 'end': inf, 'duration': inf, 'waiting_time': 0, 'access_time': 54, 'interval': 0, 'next_access': inf}]}"
User_5,54,5,"[4, 2]","BaseStation_11 ([4, 2])",30.0,20.0,-10.0,"{'5': [[11, 7, 4]]}","{'5': {'1': True, '2': True, '3': True, '4': True, '5': True, '6': True, '7': True, '8': True, '9': True, '10': True, '11': True, '12': True, '13': True, '14': True, '15': True, '16': True, '17': True, '18': True, '19': True, '20': True, '21': True, '22': True, '23': True, '24': True, '25': True, '26': True, '27': True, '28': True, '29': True, '30': True, '31': True, '32': True, '33': True, '34': True, '35': True, '36': True, '37': True, '38': True, '39': True, '40': True, '41': True, '42': True, '43': True, '44': True, '45': True, '46': True, '47': True, '48': True, '49': True, '50': True, '51': True, '52': True, '53': True, '54': True, '55': True}}","{'5': [{'start': 1, 'end': inf, 'duration': inf, 'waiting_time': 0, 'access_time': 54, 'interval': 0, 'next_access': inf}]}"
User_6,54,6,"[3, 3]","BaseStation_14 ([3, 3])",30.0,10.0,-20.0,"{'6': [[14, 11, 12]]}","{'6': {'1': True, '2': True, '3': True, '4': True, '5': True, '6': True, '7': True, '8': True, '9': True, '10': True, '11': True, '12': True, '13': True, '14': True, '15': True, '16': True, '17': True, '18': True, '19': True, '20': True, '21': True, '22': True, '23': True, '24': True, '25': True, '26': True, '27': True, '28': True, '29': True, '30': True, '31': True, '32': True, '33': True, '34': True, '35': True, '36': True, '37': True, '38': True, '39': True, '40': True, '41': True, '42': True, '43': True, '44': True, '45': True, '46': True, '47': True, '48': True, '49': True, '50': True, '51': True, '52': True, '53': True, '54': True, '55': True}}","{'6': [{'start': 1, 'end': inf, 'duration': inf, 'waiting_time': 0, 'access_time': 54, 'interval': 0, 'next_access': inf}]}"
User_1,55,1,"[6, 0]","BaseStation_4 ([6, 0])",40.0,18.0,-22.0,"{'1': [[4, 3, 2, 1]]}","{'1': {'1': True, '2': True, '3': True, '4': True, '5': True, '6': True, '7': True, '8': True, '9': True, '10': True, '11': True, '12': True, '13': True, '14': True, '15': True, '16': True, '17': True, '18': True, '19': True, '20': True, '21': True, '22': True, '23': True, '24': True, '25': True, '26': True, '27': True, '28': True, '29': True, '30': True, '31': True, '32': True, '33': True, '34': True, '35': True, '36': True, '37': True, '38': True, '39': True, '40': True, '41': True, '42': True, '43': True, '44': True, '45': True, '46': True, '47': True, '48': True, '49': True, '50': True, '51': True, '52': True, '53': True, '54': True, '55': True, '56': True}}","{'1': [{'start': 1, 'end': inf, 'duration': inf, 'waiting_time': 0, 'access_time': 55, 'interval': 0, 'next_access': inf}]}"
User_2,55,2,"[3, 1]","BaseStation_6 ([3, 1])",,13.0,,{},"{'2': {'1': True, '2': True, '3': True, '4': True, '5': True, '6': True, '7': True, '8': True, '9': True, '10': True, '11': True, '12': True, '13': True, '14': True, '15': True, '16': True, '17': True, '18': True, '19': True, '20': True, '21': True, '22': True, '23': True, '24': True, '25': True, '26': True, '27': True, '28': True, '29': True, '30': True, '31': True, '32': True, '33': True, '34': True, '35': True, '36': True, '37': True, '38': True, '39': True, '40': True, '41': True, '42': True, '43': True, '44': True, '45': True, '46': True, '47': True, '48': True, '49': True, '50': True, '51': True, '52': True, '53': True, '54': True, '55': True, '56': True}}","{'2': [{'start': 1, 'end': inf, 'duration': inf, 'waiting_time': 0, 'access_time': 55, 'interval': 0, 'next_access': inf}]}"
User_3,55,3,"[2, 2]","BaseStation_10 ([2, 2])",20.0,16.0,-4.0,"{'3': [[10, 9]]}","{'3': {'1': True, '2': True, '3': True, '4': True, '5': True, '6': True, '7': True, '8': True, '9': True, '10': True, '11': True, '12': True, '13': True, '14': True, '15': True, '16': True, '17': True, '18': True, '19': True, '20': True, '21': True, '22': True, '23': True, '24': True, '25': True, '26': True, '27': True, '28': True, '29': True, '30': True, '31': True, '32': True, '33': True, '34': True, '35': True, '36': True, '37': True, '38': True, '39': True, '40': True, '41': True, '42': True, '43': True, '44': True, '45': True, '46': True, '47': True, '48': True, '49': True, '50': True, '51': True, '52': True, '53': True, '54': True, '55': True, '56': True}}","{'3': [{'start': 1, 'end': inf, 'duration': inf, 'waiting_time': 0, 'access_time': 55, 'interval': 0, 'next_access': inf}]}"
User_4,55,4,"[6, 0]","BaseStation_4 ([6, 0])",20.0,21.0,1.0,"{'4': [[4, 8]]}","{'4': {'1': True, '2': True, '3': True, '4': True, '5': True, '6': True, '7': True, '8': True, '9': True, '10': True, '11': True, '12': True, '13': True, '14': True, '15': True, '16': True, '17': True, '18': True, '19': True, '20': True, '21': True, '22': True, '23': True, '24': True, '25': True, '26': True, '27': True, '28': True, '29': True, '30': True, '31': True, '32': True, '33': True, '34': True, '35': True, '36': True, '37': True, '38': True, '39': True, '40': True, '41': True, '42': True, '43': True, '44': True, '45': True, '46': True, '47': True, '48': True, '49': True, '50': True, '51': True, '52': True, '53': True, '54': True, '55': True, '56': True}}","{'4': [{'start': 1, 'end': inf, 'duration': inf, 'waiting_time': 0, 'access_time': 55, 'interval': 0, 'next_access': inf}]}"
User_5,55,5,"[4, 2]","BaseStation_11 ([4, 2])",30.0,20.0,-10.0,"{'5': [[11, 7, 4]]}","{'5': {'1': True, '2': True, '3': True, '4': True, '5': True, '6': True, '7': True, '8': True, '9': True, '10': True, '11': True, '12': True, '13': True, '14': True, '15': True, '16': True, '17': True, '18': True, '19': True, '20': True, '21': True, '22': True, '23': True, '24': True, '25': True, '26': True, '27': True, '28': True, '29': True, '30': True, '31': True, '32': True, '33': True, '34': True, '35': True, '36': True, '37': True, '38': True, '39': True, '40': True, '41': True, '42': True, '43': True, '44': True, '45': True, '46': True, '47': True, '48': True, '49': True, '50': True, '51': True, '52': True, '53': True, '54': True, '55': True, '56': True}}","{'5': [{'start': 1, 'end': inf, 'duration': inf, 'waiting_time': 0, 'access_time': 55, 'interval': 0, 'next_access': inf}]}"
User_6,55,6,"[3, 3]","BaseStation_14 ([3, 3])",30.0,10.0,-20.0,"{'6': [[14, 11, 12]]}","{'6': {'1': True, '2': True, '3': True, '4': True, '5': True, '6': True, '7': True, '8': True, '9': True, '10': True, '11': True, '12': True, '13': True, '14': True, '15': True, '16': True, '17': True, '18': True, '19': True, '20': True, '21': True, '22': True, '23': True, '24': True, '25': True, '26': True, '27': True, '28': True, '29': True, '30': True, '31': True, '32': True, '33': True, '34': True, '35': True, '36': True, '37': True, '38': True, '39': True, '40': True, '41': True, '42': True, '43': True, '44': True, '45': True, '46': True, '47': True, '48': True, '49': True, '50': True, '51': True, '52': True, '53': True, '54': True, '55': True, '56': True}}","{'6': [{'start': 1, 'end': inf, 'duration': inf, 'waiting_time': 0, 'access_time': 55, 'interval': 0, 'next_access': inf}]}"
User_1,56,1,"[6, 0]","BaseStation_4 ([6, 0])",40.0,18.0,-22.0,"{'1': [[4, 3, 2, 1]]}","{'1': {'1': True, '2': True, '3': True, '4': True, '5': True, '6': True, '7': True, '8': True, '9': True, '10': True, '11': True, '12': True, '13': True, '14': True, '15': True, '16': True, '17': True, '18': True, '19': True, '20': True, '21': True, '22': True, '23': True, '24': True, '25': True, '26': True, '27': True, '28': True, '29': True, '30': True, '31': True, '32': True, '33': True, '34': True, '35': True, '36': True, '37': True, '38': True, '39': True, '40': True, '41': True, '42': True, '43': True, '44': True, '45': True, '46': True, '47': True, '48': True, '49': True, '50': True, '51': True, '52': True, '53': True, '54': True, '55': True, '56': True, '57': True}}","{'1': [{'start': 1, 'end': inf, 'duration': inf, 'waiting_time': 0, 'access_time': 56, 'interval': 0, 'next_access': inf}]}"
User_2,56,2,"[3, 1]","BaseStation_6 ([3, 1])",,13.0,,{},"{'2': {'1': True, '2': True, '3': True, '4': True, '5': True, '6': True, '7': True, '8': True, '9': True, '10': True, '11': True, '12': True, '13': True, '14': True, '15': True, '16': True, '17': True, '18': True, '19': True, '20': True, '21': True, '22': True, '23': True, '24': True, '25': True, '26': True, '27': True, '28': True, '29': True, '30': True, '31': True, '32': True, '33': True, '34': True, '35': True, '36': True, '37': True, '38': True, '39': True, '40': True, '41': True, '42': True, '43': True, '44': True, '45': True, '46': True, '47': True, '48': True, '49': True, '50': True, '51': True, '52': True, '53': True, '54': True, '55': True, '56': True, '57': True}}","{'2': [{'start': 1, 'end': inf, 'duration': inf, 'waiting_time': 0, 'access_time': 56, 'interval': 0, 'next_access': inf}]}"
User_3,56,3,"[2, 2]","BaseStation_10 ([2, 2])",20.0,16.0,-4.0,"{'3': [[10, 9]]}","{'3': {'1': True, '2': True, '3': True, '4': True, '5': True, '6': True, '7': True, '8': True, '9': True, '10': True, '11': True, '12': True, '13': True, '14': True, '15': True, '16': True, '17': True, '18': True, '19': True, '20': True, '21': True, '22': True, '23': True, '24': True, '25': True, '26': True, '27': True, '28': True, '29': True, '30': True, '31': True, '32': True, '33': True, '34': True, '35': True, '36': True, '37': True, '38': True, '39': True, '40': True, '41': True, '42': True, '43': True, '44': True, '45': True, '46': True, '47': True, '48': True, '49': True, '50': True, '51': True, '52': True, '53': True, '54': True, '55': True, '56': True, '57': True}}","{'3': [{'start': 1, 'end': inf, 'duration': inf, 'waiting_time': 0, 'access_time': 56, 'interval': 0, 'next_access': inf}]}"
User_4,56,4,"[6, 0]","BaseStation_4 ([6, 0])",20.0,21.0,1.0,"{'4': [[4, 8]]}","{'4': {'1': True, '2': True, '3': True, '4': True, '5': True, '6': True, '7': True, '8': True, '9': True, '10': True, '11': True, '12': True, '13': True, '14': True, '15': True, '16': True, '17': True, '18': True, '19': True, '20': True, '21': True, '22': True, '23': True, '24': True, '25': True, '26': True, '27': True, '28': True, '29': True, '30': True, '31': True, '32': True, '33': True, '34': True, '35': True, '36': True, '37': True, '38': True, '39': True, '40': True, '41': True, '42': True, '43': True, '44': True, '45': True, '46': True, '47': True, '48': True, '49': True, '50': True, '51': True, '52': True, '53': True, '54': True, '55': True, '56': True, '57': True}}","{'4': [{'start': 1, 'end': inf, 'duration': inf, 'waiting_time': 0, 'access_time': 56, 'interval': 0, 'next_access': inf}]}"
User_5,56,5,"[4, 2]","BaseStation_11 ([4, 2])",30.0,20.0,-10.0,"{'5': [[11, 7, 4]]}","{'5': {'1': True, '2': True, '3': True, '4': True, '5': True, '6': True, '7': True, '8': True, '9': True, '10': True, '11': True, '12': True, '13': True, '14': True, '15': True, '16': True, '17': True, '18': True, '19': True, '20': True, '21': True, '22': True, '23': True, '24': True, '25': True, '26': True, '27': True, '28': True, '29': True, '30': True, '31': True, '32': True, '33': True, '34': True, '35': True, '36': True, '37': True, '38': True, '39': True, '40': True, '41': True, '42': True, '43': True, '44': True, '45': True, '46': True, '47': True, '48': True, '49': True, '50': True, '51': True, '52': True, '53': True, '54': True, '55': True, '56': True, '57': True}}","{'5': [{'start': 1, 'end': inf, 'duration': inf, 'waiting_time': 0, 'access_time': 56, 'interval': 0, 'next_access': inf}]}"
User_6,56,6,"[3, 3]","BaseStation_14 ([3, 3])",30.0,10.0,-20.0,"{'6': [[14, 11, 12]]}","{'6': {'1': True, '2': True, '3': True, '4': True, '5': True, '6': True, '7': True, '8': True, '9': True, '10': True, '11': True, '12': True, '13': True, '14': True, '15': True, '16': True, '17': True, '18': True, '19': True, '20': True, '21': True, '22': True, '23': True, '24': True, '25': True, '26': True, '27': True, '28': True, '29': True, '30': True, '31': True, '32': True, '33': True, '34': True, '35': True, '36': True, '37': True, '38': True, '39': True, '40': True, '41': True, '42': True, '43': True, '44': True, '45': True, '46': True, '47': True, '48': True, '49': True, '50': True, '51': True, '52': True, '53': True, '54': True, '55': True, '56': True, '57': True}}","{'6': [{'start': 1, 'end': inf, 'duration': inf, 'waiting_time': 0, 'access_time': 56, 'interval': 0, 'next_access': inf}]}"
User_1,57,1,"[6, 0]","BaseStation_4 ([6, 0])",40.0,18.0,-22.0,"{'1': [[4, 3, 2, 1]]}","{'1': {'1': True, '2': True, '3': True, '4': True, '5': True, '6': True, '7': True, '8': True, '9': True, '10': True, '11': True, '12': True, '13': True, '14': True, '15': True, '16': True, '17': True, '18': True, '19': True, '20': True, '21': True, '22': True, '23': True, '24': True, '25': True, '26': True, '27': True, '28': True, '29': True, '30': True, '31': True, '32': True, '33': True, '34': True, '35': True, '36': True, '37': True, '38': True, '39': True, '40': True, '41': True, '42': True, '43': True, '44': True, '45': True, '46': True, '47': True, '48': True, '49': True, '50': True, '51': True, '52': True, '53': True, '54': True, '55': True, '56': True, '57': True, '58': True}}","{'1': [{'start': 1, 'end': inf, 'duration': inf, 'waiting_time': 0, 'access_time': 57, 'interval': 0, 'next_access': inf}]}"
User_2,57,2,"[3, 1]","BaseStation_6 ([3, 1])",,13.0,,{},"{'2': {'1': True, '2': True, '3': True, '4': True, '5': True, '6': True, '7': True, '8': True, '9': True, '10': True, '11': True, '12': True, '13': True, '14': True, '15': True, '16': True, '17': True, '18': True, '19': True, '20': True, '21': True, '22': True, '23': True, '24': True, '25': True, '26': True, '27': True, '28': True, '29': True, '30': True, '31': True, '32': True, '33': True, '34': True, '35': True, '36': True, '37': True, '38': True, '39': True, '40': True, '41': True, '42': True, '43': True, '44': True, '45': True, '46': True, '47': True, '48': True, '49': True, '50': True, '51': True, '52': True, '53': True, '54': True, '55': True, '56': True, '57': True, '58': True}}","{'2': [{'start': 1, 'end': inf, 'duration': inf, 'waiting_time': 0, 'access_time': 57, 'interval': 0, 'next_access': inf}]}"
User_3,57,3,"[2, 2]","BaseStation_10 ([2, 2])",20.0,16.0,-4.0,"{'3': [[10, 9]]}","{'3': {'1': True, '2': True, '3': True, '4': True, '5': True, '6': True, '7': True, '8': True, '9': True, '10': True, '11': True, '12': True, '13': True, '14': True, '15': True, '16': True, '17': True, '18': True, '19': True, '20': True, '21': True, '22': True, '23': True, '24': True, '25': True, '26': True, '27': True, '28': True, '29': True, '30': True, '31': True, '32': True, '33': True, '34': True, '35': True, '36': True, '37': True, '38': True, '39': True, '40': True, '41': True, '42': True, '43': True, '44': True, '45': True, '46': True, '47': True, '48': True, '49': True, '50': True, '51': True, '52': True, '53': True, '54': True, '55': True, '56': True, '57': True, '58': True}}","{'3': [{'start': 1, 'end': inf, 'duration': inf, 'waiting_time': 0, 'access_time': 57, 'interval': 0, 'next_access': inf}]}"
User_4,57,4,"[6, 0]","BaseStation_4 ([6, 0])",20.0,21.0,1.0,"{'4': [[4, 8]]}","{'4': {'1': True, '2': True, '3': True, '4': True, '5': True, '6': True, '7': True, '8': True, '9': True, '10': True, '11': True, '12': True, '13': True, '14': True, '15': True, '16': True, '17': True, '18': True, '19': True, '20': True, '21': True, '22': True, '23': True, '24': True, '25': True, '26': True, '27': True, '28': True, '29': True, '30': True, '31': True, '32': True, '33': True, '34': True, '35': True, '36': True, '37': True, '38': True, '39': True, '40': True, '41': True, '42': True, '43': True, '44': True, '45': True, '46': True, '47': True, '48': True, '49': True, '50': True, '51': True, '52': True, '53': True, '54': True, '55': True, '56': True, '57': True, '58': True}}","{'4': [{'start': 1, 'end': inf, 'duration': inf, 'waiting_time': 0, 'access_time': 57, 'interval': 0, 'next_access': inf}]}"
User_5,57,5,"[4, 2]","BaseStation_11 ([4, 2])",30.0,20.0,-10.0,"{'5': [[11, 7, 4]]}","{'5': {'1': True, '2': True, '3': True, '4': True, '5': True, '6': True, '7': True, '8': True, '9': True, '10': True, '11': True, '12': True, '13': True, '14': True, '15': True, '16': True, '17': True, '18': True, '19': True, '20': True, '21': True, '22': True, '23': True, '24': True, '25': True, '26': True, '27': True, '28': True, '29': True, '30': True, '31': True, '32': True, '33': True, '34': True, '35': True, '36': True, '37': True, '38': True, '39': True, '40': True, '41': True, '42': True, '43': True, '44': True, '45': True, '46': True, '47': True, '48': True, '49': True, '50': True, '51': True, '52': True, '53': True, '54': True, '55': True, '56': True, '57': True, '58': True}}","{'5': [{'start': 1, 'end': inf, 'duration': inf, 'waiting_time': 0, 'access_time': 57, 'interval': 0, 'next_access': inf}]}"
User_6,57,6,"[3, 3]","BaseStation_14 ([3, 3])",30.0,10.0,-20.0,"{'6': [[14, 11, 12]]}","{'6': {'1': True, '2': True, '3': True, '4': True, '5': True, '6': True, '7': True, '8': True, '9': True, '10': True, '11': True, '12': True, '13': True, '14': True, '15': True, '16': True, '17': True, '18': True, '19': True, '20': True, '21': True, '22': True, '23': True, '24': True, '25': True, '26': True, '27': True, '28': True, '29': True, '30': True, '31': True, '32': True, '33': True, '34': True, '35': True, '36': True, '37': True, '38': True, '39': True, '40': True, '41': True, '42': True, '43': True, '44': True, '45': True, '46': True, '47': True, '48': True, '49': True, '50': True, '51': True, '52': True, '53': True, '54': True, '55': True, '56': True, '57': True, '58': True}}","{'6': [{'start': 1, 'end': inf, 'duration': inf, 'waiting_time': 0, 'access_time': 57, 'interval': 0, 'next_access': inf}]}"
User_1,58,1,"[6, 0]","BaseStation_4 ([6, 0])",40.0,18.0,-22.0,"{'1': [[4, 3, 2, 1]]}","{'1': {'1': True, '2': True, '3': True, '4': True, '5': True, '6': True, '7': True, '8': True, '9': True, '10': True, '11': True, '12': True, '13': True, '14': True, '15': True, '16': True, '17': True, '18': True, '19': True, '20': True, '21': True, '22': True, '23': True, '24': True, '25': True, '26': True, '27': True, '28': True, '29': True, '30': True, '31': True, '32': True, '33': True, '34': True, '35': True, '36': True, '37': True, '38': True, '39': True, '40': True, '41': True, '42': True, '43': True, '44': True, '45': True, '46': True, '47': True, '48': True, '49': True, '50': True, '51': True, '52': True, '53': True, '54': True, '55': True, '56': True, '57': True, '58': True, '59': True}}","{'1': [{'start': 1, 'end': inf, 'duration': inf, 'waiting_time': 0, 'access_time': 58, 'interval': 0, 'next_access': inf}]}"
User_2,58,2,"[3, 1]","BaseStation_6 ([3, 1])",,13.0,,{},"{'2': {'1': True, '2': True, '3': True, '4': True, '5': True, '6': True, '7': True, '8': True, '9': True, '10': True, '11': True, '12': True, '13': True, '14': True, '15': True, '16': True, '17': True, '18': True, '19': True, '20': True, '21': True, '22': True, '23': True, '24': True, '25': True, '26': True, '27': True, '28': True, '29': True, '30': True, '31': True, '32': True, '33': True, '34': True, '35': True, '36': True, '37': True, '38': True, '39': True, '40': True, '41': True, '42': True, '43': True, '44': True, '45': True, '46': True, '47': True, '48': True, '49': True, '50': True, '51': True, '52': True, '53': True, '54': True, '55': True, '56': True, '57': True, '58': True, '59': True}}","{'2': [{'start': 1, 'end': inf, 'duration': inf, 'waiting_time': 0, 'access_time': 58, 'interval': 0, 'next_access': inf}]}"
User_3,58,3,"[2, 2]","BaseStation_10 ([2, 2])",20.0,16.0,-4.0,"{'3': [[10, 9]]}","{'3': {'1': True, '2': True, '3': True, '4': True, '5': True, '6': True, '7': True, '8': True, '9': True, '10': True, '11': True, '12': True, '13': True, '14': True, '15': True, '16': True, '17': True, '18': True, '19': True, '20': True, '21': True, '22': True, '23': True, '24': True, '25': True, '26': True, '27': True, '28': True, '29': True, '30': True, '31': True, '32': True, '33': True, '34': True, '35': True, '36': True, '37': True, '38': True, '39': True, '40': True, '41': True, '42': True, '43': True, '44': True, '45': True, '46': True, '47': True, '48': True, '49': True, '50': True, '51': True, '52': True, '53': True, '54': True, '55': True, '56': True, '57': True, '58': True, '59': True}}","{'3': [{'start': 1, 'end': inf, 'duration': inf, 'waiting_time': 0, 'access_time': 58, 'interval': 0, 'next_access': inf}]}"
User_4,58,4,"[6, 0]","BaseStation_4 ([6, 0])",20.0,21.0,1.0,"{'4': [[4, 8]]}","{'4': {'1': True, '2': True, '3': True, '4': True, '5': True, '6': True, '7': True, '8': True, '9': True, '10': True, '11': True, '12': True, '13': True, '14': True, '15': True, '16': True, '17': True, '18': True, '19': True, '20': True, '21': True, '22': True, '23': True, '24': True, '25': True, '26': True, '27': True, '28': True, '29': True, '30': True, '31': True, '32': True, '33': True, '34': True, '35': True, '36': True, '37': True, '38': True, '39': True, '40': True, '41': True, '42': True, '43': True, '44': True, '45': True, '46': True, '47': True, '48': True, '49': True, '50': True, '51': True, '52': True, '53': True, '54': True, '55': True, '56': True, '57': True, '58': True, '59': True}}","{'4': [{'start': 1, 'end': inf, 'duration': inf, 'waiting_time': 0, 'access_time': 58, 'interval': 0, 'next_access': inf}]}"
User_5,58,5,"[4, 2]","BaseStation_11 ([4, 2])",30.0,20.0,-10.0,"{'5': [[11, 7, 4]]}","{'5': {'1': True, '2': True, '3': True, '4': True, '5': True, '6': True, '7': True, '8': True, '9': True, '10': True, '11': True, '12': True, '13': True, '14': True, '15': True, '16': True, '17': True, '18': True, '19': True, '20': True, '21': True, '22': True, '23': True, '24': True, '25': True, '26': True, '27': True, '28': True, '29': True, '30': True, '31': True, '32': True, '33': True, '34': True, '35': True, '36': True, '37': True, '38': True, '39': True, '40': True, '41': True, '42': True, '43': True, '44': True, '45': True, '46': True, '47': True, '48': True, '49': True, '50': True, '51': True, '52': True, '53': True, '54': True, '55': True, '56': True, '57': True, '58': True, '59': True}}","{'5': [{'start': 1, 'end': inf, 'duration': inf, 'waiting_time': 0, 'access_time': 58, 'interval': 0, 'next_access': inf}]}"
User_6,58,6,"[3, 3]","BaseStation_14 ([3, 3])",30.0,10.0,-20.0,"{'6': [[14, 11, 12]]}","{'6': {'1': True, '2': True, '3': True, '4': True, '5': True, '6': True, '7': True, '8': True, '9': True, '10': True, '11': True, '12': True, '13': True, '14': True, '15': True, '16': True, '17': True, '18': True, '19': True, '20': True, '21': True, '22': True, '23': True, '24': True, '25': True, '26': True, '27': True, '28': True, '29': True, '30': True, '31': True, '32': True, '33': True, '34': True, '35': True, '36': True, '37': True, '38': True, '39': True, '40': True, '41': True, '42': True, '43': True, '44': True, '45': True, '46': True, '47': True, '48': True, '49': True, '50': True, '51': True, '52': True, '53': True, '54': True, '55': True, '56': True, '57': True, '58': True, '59': True}}","{'6': [{'start': 1, 'end': inf, 'duration': inf, 'waiting_time': 0, 'access_time': 58, 'interval': 0, 'next_access': inf}]}"
User_1,59,1,"[6, 0]","BaseStation_4 ([6, 0])",40.0,18.0,-22.0,"{'1': [[4, 3, 2, 1]]}","{'1': {'1': True, '2': True, '3': True, '4': True, '5': True, '6': True, '7': True, '8': True, '9': True, '10': True, '11': True, '12': True, '13': True, '14': True, '15': True, '16': True, '17': True, '18': True, '19': True, '20': True, '21': True, '22': True, '23': True, '24': True, '25': True, '26': True, '27': True, '28': True, '29': True, '30': True, '31': True, '32': True, '33': True, '34': True, '35': True, '36': True, '37': True, '38': True, '39': True, '40': True, '41': True, '42': True, '43': True, '44': True, '45': True, '46': True, '47': True, '48': True, '49': True, '50': True, '51': True, '52': True, '53': True, '54': True, '55': True, '56': True, '57': True, '58': True, '59': True, '60': True}}","{'1': [{'start': 1, 'end': inf, 'duration': inf, 'waiting_time': 0, 'access_time': 59, 'interval': 0, 'next_access': inf}]}"
User_2,59,2,"[3, 1]","BaseStation_6 ([3, 1])",,13.0,,{},"{'2': {'1': True, '2': True, '3': True, '4': True, '5': True, '6': True, '7': True, '8': True, '9': True, '10': True, '11': True, '12': True, '13': True, '14': True, '15': True, '16': True, '17': True, '18': True, '19': True, '20': True, '21': True, '22': True, '23': True, '24': True, '25': True, '26': True, '27': True, '28': True, '29': True, '30': True, '31': True, '32': True, '33': True, '34': True, '35': True, '36': True, '37': True, '38': True, '39': True, '40': True, '41': True, '42': True, '43': True, '44': True, '45': True, '46': True, '47': True, '48': True, '49': True, '50': True, '51': True, '52': True, '53': True, '54': True, '55': True, '56': True, '57': True, '58': True, '59': True, '60': True}}","{'2': [{'start': 1, 'end': inf, 'duration': inf, 'waiting_time': 0, 'access_time': 59, 'interval': 0, 'next_access': inf}]}"
User_3,59,3,"[2, 2]","BaseStation_10 ([2, 2])",20.0,16.0,-4.0,"{'3': [[10, 9]]}","{'3': {'1': True, '2': True, '3': True, '4': True, '5': True, '6': True, '7': True, '8': True, '9': True, '10': True, '11': True, '12': True, '13': True, '14': True, '15': True, '16': True, '17': True, '18': True, '19': True, '20': True, '21': True, '22': True, '23': True, '24': True, '25': True, '26': True, '27': True, '28': True, '29': True, '30': True, '31': True, '32': True, '33': True, '34': True, '35': True, '36': True, '37': True, '38': True, '39': True, '40': True, '41': True, '42': True, '43': True, '44': True, '45': True, '46': True, '47': True, '48': True, '49': True, '50': True, '51': True, '52': True, '53': True, '54': True, '55': True, '56': True, '57': True, '58': True, '59': True, '60': True}}","{'3': [{'start': 1, 'end': inf, 'duration': inf, 'waiting_time': 0, 'access_time': 59, 'interval': 0, 'next_access': inf}]}"
User_4,59,4,"[6, 0]","BaseStation_4 ([6, 0])",20.0,21.0,1.0,"{'4': [[4, 8]]}","{'4': {'1': True, '2': True, '3': True, '4': True, '5': True, '6': True, '7': True, '8': True, '9': True, '10': True, '11': True, '12': True, '13': True, '14': True, '15': True, '16': True, '17': True, '18': True, '19': True, '20': True, '21': True, '22': True, '23': True, '24': True, '25': True, '26': True, '27': True, '28': True, '29': True, '30': True, '31': True, '32': True, '33': True, '34': True, '35': True, '36': True, '37': True, '38': True, '39': True, '40': True, '41': True, '42': True, '43': True, '44': True, '45': True, '46': True, '47': True, '48': True, '49': True, '50': True, '51': True, '52': True, '53': True, '54': True, '55': True, '56': True, '57': True, '58': True, '59': True, '60': True}}","{'4': [{'start': 1, 'end': inf, 'duration': inf, 'waiting_time': 0, 'access_time': 59, 'interval': 0, 'next_access': inf}]}"
User_5,59,5,"[4, 2]","BaseStation_11 ([4, 2])",30.0,20.0,-10.0,"{'5': [[11, 7, 4]]}","{'5': {'1': True, '2': True, '3': True, '4': True, '5': True, '6': True, '7': True, '8': True, '9': True, '10': True, '11': True, '12': True, '13': True, '14': True, '15': True, '16': True, '17': True, '18': True, '19': True, '20': True, '21': True, '22': True, '23': True, '24': True, '25': True, '26': True, '27': True, '28': True, '29': True, '30': True, '31': True, '32': True, '33': True, '34': True, '35': True, '36': True, '37': True, '38': True, '39': True, '40': True, '41': True, '42': True, '43': True, '44': True, '45': True, '46': True, '47': True, '48': True, '49': True, '50': True, '51': True, '52': True, '53': True, '54': True, '55': True, '56': True, '57': True, '58': True, '59': True, '60': True}}","{'5': [{'start': 1, 'end': inf, 'duration': inf, 'waiting_time': 0, 'access_time': 59, 'interval': 0, 'next_access': inf}]}"
User_6,59,6,"[3, 3]","BaseStation_14 ([3, 3])",30.0,10.0,-20.0,"{'6': [[14, 11, 12]]}","{'6': {'1': True, '2': True, '3': True, '4': True, '5': True, '6': True, '7': True, '8': True, '9': True, '10': True, '11': True, '12': True, '13': True, '14': True, '15': True, '16': True, '17': True, '18': True, '19': True, '20': True, '21': True, '22': True, '23': True, '24': True, '25': True, '26': True, '27': True, '28': True, '29': True, '30': True, '31': True, '32': True, '33': True, '34': True, '35': True, '36': True, '37': True, '38': True, '39': True, '40': True, '41': True, '42': True, '43': True, '44': True, '45': True, '46': True, '47': True, '48': True, '49': True, '50': True, '51': True, '52': True, '53': True, '54': True, '55': True, '56': True, '57': True, '58': True, '59': True, '60': True}}","{'6': [{'start': 1, 'end': inf, 'duration': inf, 'waiting_time': 0, 'access_time': 59, 'interval': 0, 'next_access': inf}]}"
User_1,60,1,"[6, 0]","BaseStation_4 ([6, 0])",40.0,18.0,-22.0,"{'1': [[4, 3, 2, 1]]}","{'1': {'1': True, '2': True, '3': True, '4': True, '5': True, '6': True, '7': True, '8': True, '9': True, '10': True, '11': True, '12': True, '13': True, '14': True, '15': True, '16': True, '17': True, '18': True, '19': True, '20': True, '21': True, '22': True, '23': True, '24': True, '25': True, '26': True, '27': True, '28': True, '29': True, '30': True, '31': True, '32': True, '33': True, '34': True, '35': True, '36': True, '37': True, '38': True, '39': True, '40': True, '41': True, '42': True, '43': True, '44': True, '45': True, '46': True, '47': True, '48': True, '49': True, '50': True, '51': True, '52': True, '53': True, '54': True, '55': True, '56': True, '57': True, '58': True, '59': True, '60': True, '61': True}}","{'1': [{'start': 1, 'end': inf, 'duration': inf, 'waiting_time': 0, 'access_time': 60, 'interval': 0, 'next_access': inf}]}"
User_2,60,2,"[3, 1]","BaseStation_6 ([3, 1])",,13.0,,{},"{'2': {'1': True, '2': True, '3': True, '4': True, '5': True, '6': True, '7': True, '8': True, '9': True, '10': True, '11': True, '12': True, '13': True, '14': True, '15': True, '16': True, '17': True, '18': True, '19': True, '20': True, '21': True, '22': True, '23': True, '24': True, '25': True, '26': True, '27': True, '28': True, '29': True, '30': True, '31': True, '32': True, '33': True, '34': True, '35': True, '36': True, '37': True, '38': True, '39': True, '40': True, '41': True, '42': True, '43': True, '44': True, '45': True, '46': True, '47': True, '48': True, '49': True, '50': True, '51': True, '52': True, '53': True, '54': True, '55': True, '56': True, '57': True, '58': True, '59': True, '60': True, '61': True}}","{'2': [{'start': 1, 'end': inf, 'duration': inf, 'waiting_time': 0, 'access_time': 60, 'interval': 0, 'next_access': inf}]}"
User_3,60,3,"[2, 2]","BaseStation_10 ([2, 2])",20.0,16.0,-4.0,"{'3': [[10, 9]]}","{'3': {'1': True, '2': True, '3': True, '4': True, '5': True, '6': True, '7': True, '8': True, '9': True, '10': True, '11': True, '12': True, '13': True, '14': True, '15': True, '16': True, '17': True, '18': True, '19': True, '20': True, '21': True, '22': True, '23': True, '24': True, '25': True, '26': True, '27': True, '28': True, '29': True, '30': True, '31': True, '32': True, '33': True, '34': True, '35': True, '36': True, '37': True, '38': True, '39': True, '40': True, '41': True, '42': True, '43': True, '44': True, '45': True, '46': True, '47': True, '48': True, '49': True, '50': True, '51': True, '52': True, '53': True, '54': True, '55': True, '56': True, '57': True, '58': True, '59': True, '60': True, '61': True}}","{'3': [{'start': 1, 'end': inf, 'duration': inf, 'waiting_time': 0, 'access_time': 60, 'interval': 0, 'next_access': inf}]}"
User_4,60,4,"[6, 0]","BaseStation_4 ([6, 0])",20.0,21.0,1.0,"{'4': [[4, 8]]}","{'4': {'1': True, '2': True, '3': True, '4': True, '5': True, '6': True, '7': True, '8': True, '9': True, '10': True, '11': True, '12': True, '13': True, '14': True, '15': True, '16': True, '17': True, '18': True, '19': True, '20': True, '21': True, '22': True, '23': True, '24': True, '25': True, '26': True, '27': True, '28': True, '29': True, '30': True, '31': True, '32': True, '33': True, '34': True, '35': True, '36': True, '37': True, '38': True, '39': True, '40': True, '41': True, '42': True, '43': True, '44': True, '45': True, '46': True, '47': True, '48': True, '49': True, '50': True, '51': True, '52': True, '53': True, '54': True, '55': True, '56': True, '57': True, '58': True, '59': True, '60': True, '61': True}}","{'4': [{'start': 1, 'end': inf, 'duration': inf, 'waiting_time': 0, 'access_time': 60, 'interval': 0, 'next_access': inf}]}"
User_5,60,5,"[4, 2]","BaseStation_11 ([4, 2])",30.0,20.0,-10.0,"{'5': [[11, 7, 4]]}","{'5': {'1': True, '2': True, '3': True, '4': True, '5': True, '6': True, '7': True, '8': True, '9': True, '10': True, '11': True, '12': True, '13': True, '14': True, '15': True, '16': True, '17': True, '18': True, '19': True, '20': True, '21': True, '22': True, '23': True, '24': True, '25': True, '26': True, '27': True, '28': True, '29': True, '30': True, '31': True, '32': True, '33': True, '34': True, '35': True, '36': True, '37': True, '38': True, '39': True, '40': True, '41': True, '42': True, '43': True, '44': True, '45': True, '46': True, '47': True, '48': True, '49': True, '50': True, '51': True, '52': True, '53': True, '54': True, '55': True, '56': True, '57': True, '58': True, '59': True, '60': True, '61': True}}","{'5': [{'start': 1, 'end': inf, 'duration': inf, 'waiting_time': 0, 'access_time': 60, 'interval': 0, 'next_access': inf}]}"
User_6,60,6,"[3, 3]","BaseStation_14 ([3, 3])",30.0,10.0,-20.0,"{'6': [[14, 11, 12]]}","{'6': {'1': True, '2': True, '3': True, '4': True, '5': True, '6': True, '7': True, '8': True, '9': True, '10': True, '11': True, '12': True, '13': True, '14': True, '15': True, '16': True, '17': True, '18': True, '19': True, '20': True, '21': True, '22': True, '23': True, '24': True, '25': True, '26': True, '27': True, '28': True, '29': True, '30': True, '31': True, '32': True, '33': True, '34': True, '35': True, '36': True, '37': True, '38': True, '39': True, '40': True, '41': True, '42': True, '43': True, '44': True, '45': True, '46': True, '47': True, '48': True, '49': True, '50': True, '51': True, '52': True, '53': True, '54': True, '55': True, '56': True, '57': True, '58': True, '59': True, '60': True, '61': True}}","{'6': [{'start': 1, 'end': inf, 'duration': inf, 'waiting_time': 0, 'access_time': 60, 'interval': 0, 'next_access': inf}]}"
